2026-08-13 16:37:21,357 - sqlalchemy.engine.Engine - INFO - select pg_catalog.version()
2026-08-13 16:37:21,357 - sqlalchemy.engine.Engine - INFO - [raw sql] ()
2026-08-13 16:37:21,361 - sqlalchemy.engine.Engine - INFO - select current_schema()
2026-08-13 16:37:21,362 - sqlalchemy.engine.Engine - INFO - [raw sql] ()
2026-08-13 16:37:21,366 - sqlalchemy.engine.Engine - INFO - show standard_conforming_strings
2026-08-13 16:37:21,366 - sqlalchemy.engine.Engine - INFO - [raw sql] ()
2026-08-13 16:37:21,369 - sqlalchemy.engine.Engine - INFO - BEGIN (implicit)
2026-08-13 16:37:21,370 - sqlalchemy.engine.Engine - INFO - CREATE EXTENSION IF NOT EXISTS vector
2026-08-13 16:37:21,370 - sqlalchemy.engine.Engine - INFO - [generated in 0.00049s] ()
2026-08-13 16:37:21,422 - sqlalchemy.engine.Engine - INFO - SELECT pg_catalog.pg_class.relname 
FROM pg_catalog.pg_class JOIN pg_catalog.pg_namespace ON pg_catalog.pg_namespace.oid = pg_catalog.pg_class.relnamespace 
WHERE pg_catalog.pg_class.relname = $1::VARCHAR AND pg_catalog.pg_class.relkind = ANY (ARRAY[$2::VARCHAR, $3::VARCHAR, $4::VARCHAR, $5::VARCHAR, $6::VARCHAR]) AND pg_catalog.pg_table_is_visible(pg_catalog.pg_class.oid) AND pg_catalog.pg_namespace.nspname != $7::VARCHAR
2026-08-13 16:37:21,423 - sqlalchemy.engine.Engine - INFO - [generated in 0.00063s] ('workspaces', 'r', 'p', 'f', 'v', 'm', 'pg_catalog')
2026-08-13 16:37:21,428 - sqlalchemy.engine.Engine - INFO - SELECT pg_catalog.pg_class.relname 
FROM pg_catalog.pg_class JOIN pg_catalog.pg_namespace ON pg_catalog.pg_namespace.oid = pg_catalog.pg_class.relnamespace 
WHERE pg_catalog.pg_class.relname = $1::VARCHAR AND pg_catalog.pg_class.relkind = ANY (ARRAY[$2::VARCHAR, $3::VARCHAR, $4::VARCHAR, $5::VARCHAR, $6::VARCHAR]) AND pg_catalog.pg_table_is_visible(pg_catalog.pg_class.oid) AND pg_catalog.pg_namespace.nspname != $7::VARCHAR
2026-08-13 16:37:21,428 - sqlalchemy.engine.Engine - INFO - [cached since 0.00621s ago] ('datasets', 'r', 'p', 'f', 'v', 'm', 'pg_catalog')
2026-08-13 16:37:21,430 - sqlalchemy.engine.Engine - INFO - SELECT pg_catalog.pg_class.relname 
FROM pg_catalog.pg_class JOIN pg_catalog.pg_namespace ON pg_catalog.pg_namespace.oid = pg_catalog.pg_class.relnamespace 
WHERE pg_catalog.pg_class.relname = $1::VARCHAR AND pg_catalog.pg_class.relkind = ANY (ARRAY[$2::VARCHAR, $3::VARCHAR, $4::VARCHAR, $5::VARCHAR, $6::VARCHAR]) AND pg_catalog.pg_table_is_visible(pg_catalog.pg_class.oid) AND pg_catalog.pg_namespace.nspname != $7::VARCHAR
2026-08-13 16:37:21,431 - sqlalchemy.engine.Engine - INFO - [cached since 0.008761s ago] ('documents', 'r', 'p', 'f', 'v', 'm', 'pg_catalog')
2026-08-13 16:37:21,433 - sqlalchemy.engine.Engine - INFO - SELECT pg_catalog.pg_class.relname 
FROM pg_catalog.pg_class JOIN pg_catalog.pg_namespace ON pg_catalog.pg_namespace.oid = pg_catalog.pg_class.relnamespace 
WHERE pg_catalog.pg_class.relname = $1::VARCHAR AND pg_catalog.pg_class.relkind = ANY (ARRAY[$2::VARCHAR, $3::VARCHAR, $4::VARCHAR, $5::VARCHAR, $6::VARCHAR]) AND pg_catalog.pg_table_is_visible(pg_catalog.pg_class.oid) AND pg_catalog.pg_namespace.nspname != $7::VARCHAR
2026-08-13 16:37:21,434 - sqlalchemy.engine.Engine - INFO - [cached since 0.01159s ago] ('chunks', 'r', 'p', 'f', 'v', 'm', 'pg_catalog')
2026-08-13 16:37:21,436 - sqlalchemy.engine.Engine - INFO - SELECT pg_catalog.pg_class.relname 
FROM pg_catalog.pg_class JOIN pg_catalog.pg_namespace ON pg_catalog.pg_namespace.oid = pg_catalog.pg_class.relnamespace 
WHERE pg_catalog.pg_class.relname = $1::VARCHAR AND pg_catalog.pg_class.relkind = ANY (ARRAY[$2::VARCHAR, $3::VARCHAR, $4::VARCHAR, $5::VARCHAR, $6::VARCHAR]) AND pg_catalog.pg_table_is_visible(pg_catalog.pg_class.oid) AND pg_catalog.pg_namespace.nspname != $7::VARCHAR
2026-08-13 16:37:21,436 - sqlalchemy.engine.Engine - INFO - [cached since 0.014s ago] ('embeddings', 'r', 'p', 'f', 'v', 'm', 'pg_catalog')
2026-08-13 16:37:21,438 - sqlalchemy.engine.Engine - INFO - SELECT pg_catalog.pg_class.relname 
FROM pg_catalog.pg_class JOIN pg_catalog.pg_namespace ON pg_catalog.pg_namespace.oid = pg_catalog.pg_class.relnamespace 
WHERE pg_catalog.pg_class.relname = $1::VARCHAR AND pg_catalog.pg_class.relkind = ANY (ARRAY[$2::VARCHAR, $3::VARCHAR, $4::VARCHAR, $5::VARCHAR, $6::VARCHAR]) AND pg_catalog.pg_table_is_visible(pg_catalog.pg_class.oid) AND pg_catalog.pg_namespace.nspname != $7::VARCHAR
2026-08-13 16:37:21,438 - sqlalchemy.engine.Engine - INFO - [cached since 0.01606s ago] ('conversations', 'r', 'p', 'f', 'v', 'm', 'pg_catalog')
2026-08-13 16:37:21,440 - sqlalchemy.engine.Engine - INFO - SELECT pg_catalog.pg_class.relname 
FROM pg_catalog.pg_class JOIN pg_catalog.pg_namespace ON pg_catalog.pg_namespace.oid = pg_catalog.pg_class.relnamespace 
WHERE pg_catalog.pg_class.relname = $1::VARCHAR AND pg_catalog.pg_class.relkind = ANY (ARRAY[$2::VARCHAR, $3::VARCHAR, $4::VARCHAR, $5::VARCHAR, $6::VARCHAR]) AND pg_catalog.pg_table_is_visible(pg_catalog.pg_class.oid) AND pg_catalog.pg_namespace.nspname != $7::VARCHAR
2026-08-13 16:37:21,441 - sqlalchemy.engine.Engine - INFO - [cached since 0.0186s ago] ('messages', 'r', 'p', 'f', 'v', 'm', 'pg_catalog')
2026-08-13 16:37:21,442 - sqlalchemy.engine.Engine - INFO - SELECT pg_catalog.pg_class.relname 
FROM pg_catalog.pg_class JOIN pg_catalog.pg_namespace ON pg_catalog.pg_namespace.oid = pg_catalog.pg_class.relnamespace 
WHERE pg_catalog.pg_class.relname = $1::VARCHAR AND pg_catalog.pg_class.relkind = ANY (ARRAY[$2::VARCHAR, $3::VARCHAR, $4::VARCHAR, $5::VARCHAR, $6::VARCHAR]) AND pg_catalog.pg_table_is_visible(pg_catalog.pg_class.oid) AND pg_catalog.pg_namespace.nspname != $7::VARCHAR
2026-08-13 16:37:21,443 - sqlalchemy.engine.Engine - INFO - [cached since 0.0205s ago] ('tasks', 'r', 'p', 'f', 'v', 'm', 'pg_catalog')
2026-08-13 16:37:21,445 - sqlalchemy.engine.Engine - INFO - 
CREATE TABLE workspaces (
	id UUID NOT NULL, 
	name VARCHAR(255) NOT NULL, 
	description TEXT, 
	extra_metadata JSON, 
	created_at TIMESTAMP WITHOUT TIME ZONE NOT NULL, 
	updated_at TIMESTAMP WITHOUT TIME ZONE NOT NULL, 
	PRIMARY KEY (id)
)


2026-08-13 16:37:21,445 - sqlalchemy.engine.Engine - INFO - [no key 0.00041s] ()
2026-08-13 16:37:21,459 - sqlalchemy.engine.Engine - INFO - 
CREATE TABLE datasets (
	id UUID NOT NULL, 
	workspace_id UUID NOT NULL, 
	name VARCHAR(255) NOT NULL, 
	description TEXT, 
	connector_type VARCHAR(100), 
	connector_config JSON, 
	extra_metadata JSON, 
	created_at TIMESTAMP WITHOUT TIME ZONE NOT NULL, 
	updated_at TIMESTAMP WITHOUT TIME ZONE NOT NULL, 
	PRIMARY KEY (id), 
	FOREIGN KEY(workspace_id) REFERENCES workspaces (id) ON DELETE CASCADE
)


2026-08-13 16:37:21,460 - sqlalchemy.engine.Engine - INFO - [no key 0.00049s] ()
2026-08-13 16:37:21,479 - sqlalchemy.engine.Engine - INFO - 
CREATE TABLE conversations (
	id UUID NOT NULL, 
	workspace_id UUID NOT NULL, 
	title VARCHAR(255), 
	extra_metadata JSON, 
	created_at TIMESTAMP WITHOUT TIME ZONE NOT NULL, 
	updated_at TIMESTAMP WITHOUT TIME ZONE NOT NULL, 
	PRIMARY KEY (id), 
	FOREIGN KEY(workspace_id) REFERENCES workspaces (id) ON DELETE CASCADE
)


2026-08-13 16:37:21,479 - sqlalchemy.engine.Engine - INFO - [no key 0.00055s] ()
2026-08-13 16:37:21,496 - sqlalchemy.engine.Engine - INFO - 
CREATE TABLE tasks (
	id UUID NOT NULL, 
	workspace_id UUID NOT NULL, 
	title VARCHAR(255) NOT NULL, 
	description TEXT, 
	status VARCHAR(50) NOT NULL, 
	priority VARCHAR(50) NOT NULL, 
	extra_metadata JSON, 
	created_at TIMESTAMP WITHOUT TIME ZONE NOT NULL, 
	updated_at TIMESTAMP WITHOUT TIME ZONE NOT NULL, 
	PRIMARY KEY (id), 
	FOREIGN KEY(workspace_id) REFERENCES workspaces (id) ON DELETE CASCADE
)


2026-08-13 16:37:21,497 - sqlalchemy.engine.Engine - INFO - [no key 0.00052s] ()
2026-08-13 16:37:21,510 - sqlalchemy.engine.Engine - INFO - 
CREATE TABLE documents (
	id UUID NOT NULL, 
	dataset_id UUID NOT NULL, 
	workspace_id UUID NOT NULL, 
	source VARCHAR(1024) NOT NULL, 
	filename VARCHAR(255), 
	content_type VARCHAR(100), 
	size_bytes INTEGER, 
	extra_metadata JSON, 
	status VARCHAR(50) NOT NULL, 
	created_at TIMESTAMP WITHOUT TIME ZONE NOT NULL, 
	updated_at TIMESTAMP WITHOUT TIME ZONE NOT NULL, 
	PRIMARY KEY (id), 
	FOREIGN KEY(dataset_id) REFERENCES datasets (id) ON DELETE CASCADE, 
	FOREIGN KEY(workspace_id) REFERENCES workspaces (id) ON DELETE CASCADE
)


2026-08-13 16:37:21,512 - sqlalchemy.engine.Engine - INFO - [no key 0.00162s] ()
2026-08-13 16:37:21,524 - sqlalchemy.engine.Engine - INFO - 
CREATE TABLE messages (
	id UUID NOT NULL, 
	conversation_id UUID NOT NULL, 
	role VARCHAR(50) NOT NULL, 
	content TEXT NOT NULL, 
	sources JSON, 
	extra_metadata JSON, 
	created_at TIMESTAMP WITHOUT TIME ZONE NOT NULL, 
	PRIMARY KEY (id), 
	FOREIGN KEY(conversation_id) REFERENCES conversations (id) ON DELETE CASCADE
)


2026-08-13 16:37:21,524 - sqlalchemy.engine.Engine - INFO - [no key 0.00059s] ()
2026-08-13 16:37:21,538 - sqlalchemy.engine.Engine - INFO - 
CREATE TABLE chunks (
	id UUID NOT NULL, 
	document_id UUID NOT NULL, 
	dataset_id UUID NOT NULL, 
	workspace_id UUID NOT NULL, 
	chunk_index INTEGER NOT NULL, 
	text TEXT NOT NULL, 
	extra_metadata JSON, 
	token_count INTEGER, 
	created_at TIMESTAMP WITHOUT TIME ZONE NOT NULL, 
	PRIMARY KEY (id), 
	FOREIGN KEY(document_id) REFERENCES documents (id) ON DELETE CASCADE, 
	FOREIGN KEY(dataset_id) REFERENCES datasets (id) ON DELETE CASCADE, 
	FOREIGN KEY(workspace_id) REFERENCES workspaces (id) ON DELETE CASCADE
)


2026-08-13 16:37:21,539 - sqlalchemy.engine.Engine - INFO - [no key 0.00067s] ()
2026-08-13 16:37:21,554 - sqlalchemy.engine.Engine - INFO - 
CREATE TABLE embeddings (
	id UUID NOT NULL, 
	chunk_id UUID NOT NULL, 
	workspace_id UUID NOT NULL, 
	dataset_id UUID NOT NULL, 
	model VARCHAR(255) NOT NULL, 
	dimensions INTEGER NOT NULL, 
	vector VECTOR(1024), 
	created_at TIMESTAMP WITHOUT TIME ZONE NOT NULL, 
	PRIMARY KEY (id), 
	FOREIGN KEY(chunk_id) REFERENCES chunks (id) ON DELETE CASCADE, 
	FOREIGN KEY(workspace_id) REFERENCES workspaces (id) ON DELETE CASCADE, 
	FOREIGN KEY(dataset_id) REFERENCES datasets (id) ON DELETE CASCADE
)


2026-08-13 16:37:21,554 - sqlalchemy.engine.Engine - INFO - [no key 0.00047s] ()
2026-08-13 16:37:21,570 - sqlalchemy.engine.Engine - INFO - COMMIT
2026-08-13 16:37:21,660 - sqlalchemy.engine.Engine - INFO - BEGIN (implicit)
2026-08-13 16:37:21,660 - sqlalchemy.engine.Engine - INFO - TRUNCATE TABLE messages, tasks, conversations, embeddings, chunks, documents, datasets, workspaces CASCADE
2026-08-13 16:37:21,661 - sqlalchemy.engine.Engine - INFO - [generated in 0.00050s] ()
2026-08-13 16:37:21,727 - sqlalchemy.engine.Engine - INFO - COMMIT
2026-08-13 16:37:21,822 - sqlalchemy.engine.Engine - INFO - BEGIN (implicit)
2026-08-13 16:37:21,823 - sqlalchemy.engine.Engine - INFO - TRUNCATE TABLE messages, tasks, conversations, embeddings, chunks, documents, datasets, workspaces CASCADE
2026-08-13 16:37:21,823 - sqlalchemy.engine.Engine - INFO - [cached since 0.1627s ago] ()
2026-08-13 16:37:21,895 - sqlalchemy.engine.Engine - INFO - COMMIT
2026-08-13 16:37:21,983 - sqlalchemy.engine.Engine - INFO - BEGIN (implicit)
2026-08-13 16:37:21,984 - sqlalchemy.engine.Engine - INFO - TRUNCATE TABLE messages, tasks, conversations, embeddings, chunks, documents, datasets, workspaces CASCADE
2026-08-13 16:37:21,984 - sqlalchemy.engine.Engine - INFO - [cached since 0.3238s ago] ()
2026-08-13 16:37:22,051 - sqlalchemy.engine.Engine - INFO - COMMIT
2026-08-13 16:37:22,133 - sqlalchemy.engine.Engine - INFO - BEGIN (implicit)
2026-08-13 16:37:22,134 - sqlalchemy.engine.Engine - INFO - TRUNCATE TABLE messages, tasks, conversations, embeddings, chunks, documents, datasets, workspaces CASCADE
2026-08-13 16:37:22,134 - sqlalchemy.engine.Engine - INFO - [cached since 0.4742s ago] ()
2026-08-13 16:37:22,202 - sqlalchemy.engine.Engine - INFO - COMMIT
2026-08-13 16:37:22,286 - sqlalchemy.engine.Engine - INFO - BEGIN (implicit)
2026-08-13 16:37:22,287 - sqlalchemy.engine.Engine - INFO - TRUNCATE TABLE messages, tasks, conversations, embeddings, chunks, documents, datasets, workspaces CASCADE
2026-08-13 16:37:22,287 - sqlalchemy.engine.Engine - INFO - [cached since 0.627s ago] ()
2026-08-13 16:37:22,361 - sqlalchemy.engine.Engine - INFO - COMMIT
2026-08-13 16:37:22,444 - sqlalchemy.engine.Engine - INFO - BEGIN (implicit)
2026-08-13 16:37:22,445 - sqlalchemy.engine.Engine - INFO - TRUNCATE TABLE messages, tasks, conversations, embeddings, chunks, documents, datasets, workspaces CASCADE
2026-08-13 16:37:22,445 - sqlalchemy.engine.Engine - INFO - [cached since 0.7846s ago] ()
2026-08-13 16:37:22,514 - sqlalchemy.engine.Engine - INFO - COMMIT
2026-08-13 16:37:22,610 - sqlalchemy.engine.Engine - INFO - BEGIN (implicit)
2026-08-13 16:37:22,611 - sqlalchemy.engine.Engine - INFO - TRUNCATE TABLE messages, tasks, conversations, embeddings, chunks, documents, datasets, workspaces CASCADE
2026-08-13 16:37:22,611 - sqlalchemy.engine.Engine - INFO - [cached since 0.951s ago] ()
2026-08-13 16:37:22,691 - sqlalchemy.engine.Engine - INFO - COMMIT
2026-08-13 16:37:22,716 - app.api.middleware - INFO - 1cf0ace2-4e4e-4b86-b58c-89f9fa003f56 GET /health 200 4.19ms
2026-08-13 16:37:22,785 - sqlalchemy.engine.Engine - INFO - BEGIN (implicit)
2026-08-13 16:37:22,786 - sqlalchemy.engine.Engine - INFO - TRUNCATE TABLE messages, tasks, conversations, embeddings, chunks, documents, datasets, workspaces CASCADE
2026-08-13 16:37:22,786 - sqlalchemy.engine.Engine - INFO - [cached since 1.126s ago] ()
2026-08-13 16:37:22,854 - sqlalchemy.engine.Engine - INFO - COMMIT
2026-08-13 16:37:22,876 - app.api.middleware - INFO - 0c8d7089-e744-4f5d-89af-54db32f24935 GET / 200 2.25ms
2026-08-13 16:37:22,949 - sqlalchemy.engine.Engine - INFO - BEGIN (implicit)
2026-08-13 16:37:22,950 - sqlalchemy.engine.Engine - INFO - TRUNCATE TABLE messages, tasks, conversations, embeddings, chunks, documents, datasets, workspaces CASCADE
2026-08-13 16:37:22,950 - sqlalchemy.engine.Engine - INFO - [cached since 1.29s ago] ()
2026-08-13 16:37:23,025 - sqlalchemy.engine.Engine - INFO - COMMIT
2026-08-13 16:37:23,124 - sqlalchemy.engine.Engine - INFO - BEGIN (implicit)
2026-08-13 16:37:23,128 - sqlalchemy.engine.Engine - INFO - INSERT INTO workspaces (id, name, description, created_at, updated_at) VALUES ($1::UUID, $2::VARCHAR, $3::VARCHAR, $4::TIMESTAMP WITHOUT TIME ZONE, $5::TIMESTAMP WITHOUT TIME ZONE)
2026-08-13 16:37:23,128 - sqlalchemy.engine.Engine - INFO - [generated in 0.00072s] (UUID('71208af0-13a1-4d1b-8472-c10b03de124a'), 'Test WS', None, datetime.datetime(2026, 8, 13, 13, 7, 23, 127920), datetime.datetime(2026, 8, 13, 13, 7, 23, 127929))
2026-08-13 16:37:23,178 - sqlalchemy.engine.Engine - INFO - INSERT INTO conversations (id, workspace_id, title, created_at, updated_at) VALUES ($1::UUID, $2::UUID, $3::VARCHAR, $4::TIMESTAMP WITHOUT TIME ZONE, $5::TIMESTAMP WITHOUT TIME ZONE)
2026-08-13 16:37:23,178 - sqlalchemy.engine.Engine - INFO - [generated in 0.00078s] (UUID('ad73a0b0-e3f4-437c-8d29-5f4479358786'), UUID('71208af0-13a1-4d1b-8472-c10b03de124a'), None, datetime.datetime(2026, 8, 13, 13, 7, 23, 177953), datetime.datetime(2026, 8, 13, 13, 7, 23, 177963))
2026-08-13 16:37:23,185 - sqlalchemy.engine.Engine - INFO - INSERT INTO messages (id, conversation_id, role, content, created_at) VALUES ($1::UUID, $2::UUID, $3::VARCHAR, $4::VARCHAR, $5::TIMESTAMP WITHOUT TIME ZONE)
2026-08-13 16:37:23,186 - sqlalchemy.engine.Engine - INFO - [generated in 0.00077s] (UUID('81261395-73c3-47d9-962e-5a8b4c3fdc82'), UUID('ad73a0b0-e3f4-437c-8d29-5f4479358786'), 'user', 'What is RAG?', datetime.datetime(2026, 8, 13, 13, 7, 23, 185495))
2026-08-13 16:37:23,193 - sqlalchemy.engine.Engine - INFO - SELECT chunks.id, chunks.text, chunks.workspace_id, chunks.dataset_id, chunks.document_id 
FROM chunks 
WHERE chunks.id IN ($1::UUID)
2026-08-13 16:37:23,193 - sqlalchemy.engine.Engine - INFO - [generated in 0.00067s] ('0fba0576-a723-4bd6-b2a7-c5ed8a372df5',)
2026-08-13 16:37:23,199 - sqlalchemy.engine.Engine - INFO - SELECT chunks.id, chunks.text, chunks.workspace_id, chunks.dataset_id, chunks.document_id 
FROM chunks 
WHERE chunks.workspace_id = $1::UUID AND chunks.dataset_id = $2::UUID
2026-08-13 16:37:23,199 - sqlalchemy.engine.Engine - INFO - [generated in 0.00056s] ('71208af0-13a1-4d1b-8472-c10b03de124a', 'a3a58b5a-4e23-4192-b62d-3e72a50e19ca')
2026-08-13 16:37:23,204 - sqlalchemy.engine.Engine - INFO - INSERT INTO messages (id, conversation_id, role, content, sources, created_at) VALUES ($1::UUID, $2::UUID, $3::VARCHAR, $4::VARCHAR, $5::JSON, $6::TIMESTAMP WITHOUT TIME ZONE)
2026-08-13 16:37:23,205 - sqlalchemy.engine.Engine - INFO - [generated in 0.00079s] (UUID('9a9c1ecc-dcf2-4787-bb1b-f54d41b5a8c8'), UUID('ad73a0b0-e3f4-437c-8d29-5f4479358786'), 'assistant', 'Mocked answer', '{"sources": []}', datetime.datetime(2026, 8, 13, 13, 7, 23, 204709))
2026-08-13 16:37:23,208 - sqlalchemy.engine.Engine - INFO - COMMIT
2026-08-13 16:37:23,285 - sqlalchemy.engine.Engine - INFO - BEGIN (implicit)
2026-08-13 16:37:23,289 - sqlalchemy.engine.Engine - INFO - SELECT messages.id, messages.conversation_id, messages.role, messages.content, messages.sources, messages.extra_metadata, messages.created_at 
FROM messages 
WHERE messages.id = $1::UUID
2026-08-13 16:37:23,289 - sqlalchemy.engine.Engine - INFO - [generated in 0.00046s] (UUID('9a9c1ecc-dcf2-4787-bb1b-f54d41b5a8c8'),)
2026-08-13 16:37:23,296 - app.api.middleware - INFO - 72465d32-9374-4103-806f-40bae8a21668 POST /chat 200 157.82ms
2026-08-13 16:37:23,299 - sqlalchemy.engine.Engine - INFO - ROLLBACK
2026-08-13 16:37:23,372 - sqlalchemy.engine.Engine - INFO - BEGIN (implicit)
2026-08-13 16:37:23,373 - sqlalchemy.engine.Engine - INFO - TRUNCATE TABLE messages, tasks, conversations, embeddings, chunks, documents, datasets, workspaces CASCADE
2026-08-13 16:37:23,373 - sqlalchemy.engine.Engine - INFO - [cached since 1.713s ago] ()
2026-08-13 16:37:23,441 - sqlalchemy.engine.Engine - INFO - COMMIT
2026-08-13 16:37:23,523 - sqlalchemy.engine.Engine - INFO - BEGIN (implicit)
2026-08-13 16:37:23,524 - sqlalchemy.engine.Engine - INFO - INSERT INTO workspaces (id, name, description, created_at, updated_at) VALUES ($1::UUID, $2::VARCHAR, $3::VARCHAR, $4::TIMESTAMP WITHOUT TIME ZONE, $5::TIMESTAMP WITHOUT TIME ZONE)
2026-08-13 16:37:23,524 - sqlalchemy.engine.Engine - INFO - [cached since 0.3969s ago] (UUID('4b87c388-fa3c-43fd-8205-9ae3dc79c7d2'), 'Test WS', None, datetime.datetime(2026, 8, 13, 13, 7, 23, 524305), datetime.datetime(2026, 8, 13, 13, 7, 23, 524312))
2026-08-13 16:37:23,544 - sqlalchemy.engine.Engine - INFO - INSERT INTO conversations (id, workspace_id, title, created_at, updated_at) VALUES ($1::UUID, $2::UUID, $3::VARCHAR, $4::TIMESTAMP WITHOUT TIME ZONE, $5::TIMESTAMP WITHOUT TIME ZONE)
2026-08-13 16:37:23,545 - sqlalchemy.engine.Engine - INFO - [cached since 0.3673s ago] (UUID('23207e56-f994-4ac9-9d29-82533c3a5f50'), UUID('4b87c388-fa3c-43fd-8205-9ae3dc79c7d2'), 'Test Chat', datetime.datetime(2026, 8, 13, 13, 7, 23, 544490), datetime.datetime(2026, 8, 13, 13, 7, 23, 544499))
2026-08-13 16:37:23,549 - sqlalchemy.engine.Engine - INFO - COMMIT
2026-08-13 16:37:23,619 - sqlalchemy.engine.Engine - INFO - BEGIN (implicit)
2026-08-13 16:37:23,622 - sqlalchemy.engine.Engine - INFO - SELECT conversations.id, conversations.workspace_id, conversations.title, conversations.extra_metadata, conversations.created_at, conversations.updated_at 
FROM conversations 
WHERE conversations.id = $1::UUID
2026-08-13 16:37:23,622 - sqlalchemy.engine.Engine - INFO - [generated in 0.00048s] (UUID('23207e56-f994-4ac9-9d29-82533c3a5f50'),)
2026-08-13 16:37:23,628 - app.api.middleware - INFO - 267797ab-018e-4e40-ada8-6c09e5acab08 POST /conversations 201 98.42ms
2026-08-13 16:37:23,636 - sqlalchemy.engine.Engine - INFO - SELECT conversations.id, conversations.workspace_id, conversations.title, conversations.extra_metadata, conversations.created_at, conversations.updated_at 
FROM conversations 
WHERE conversations.workspace_id = $1::UUID ORDER BY conversations.created_at DESC
2026-08-13 16:37:23,637 - sqlalchemy.engine.Engine - INFO - [generated in 0.00052s] ('4b87c388-fa3c-43fd-8205-9ae3dc79c7d2',)
2026-08-13 16:37:23,641 - app.api.middleware - INFO - 103b8858-0eac-4220-a20a-07388d8ad9a9 GET /conversations 200 9.74ms
2026-08-13 16:37:23,644 - sqlalchemy.engine.Engine - INFO - ROLLBACK
2026-08-13 16:37:23,717 - sqlalchemy.engine.Engine - INFO - BEGIN (implicit)
2026-08-13 16:37:23,718 - sqlalchemy.engine.Engine - INFO - TRUNCATE TABLE messages, tasks, conversations, embeddings, chunks, documents, datasets, workspaces CASCADE
2026-08-13 16:37:23,718 - sqlalchemy.engine.Engine - INFO - [cached since 2.058s ago] ()
2026-08-13 16:37:23,786 - sqlalchemy.engine.Engine - INFO - COMMIT
2026-08-13 16:37:23,890 - sqlalchemy.engine.Engine - INFO - BEGIN (implicit)
2026-08-13 16:37:23,891 - sqlalchemy.engine.Engine - INFO - TRUNCATE TABLE messages, tasks, conversations, embeddings, chunks, documents, datasets, workspaces CASCADE
2026-08-13 16:37:23,892 - sqlalchemy.engine.Engine - INFO - [cached since 2.231s ago] ()
2026-08-13 16:37:23,958 - sqlalchemy.engine.Engine - INFO - COMMIT
2026-08-13 16:37:24,056 - sqlalchemy.engine.Engine - INFO - BEGIN (implicit)
2026-08-13 16:37:24,057 - sqlalchemy.engine.Engine - INFO - TRUNCATE TABLE messages, tasks, conversations, embeddings, chunks, documents, datasets, workspaces CASCADE
2026-08-13 16:37:24,057 - sqlalchemy.engine.Engine - INFO - [cached since 2.397s ago] ()
2026-08-13 16:37:24,122 - sqlalchemy.engine.Engine - INFO - COMMIT
2026-08-13 16:37:24,214 - sqlalchemy.engine.Engine - INFO - BEGIN (implicit)
2026-08-13 16:37:24,214 - sqlalchemy.engine.Engine - INFO - TRUNCATE TABLE messages, tasks, conversations, embeddings, chunks, documents, datasets, workspaces CASCADE
2026-08-13 16:37:24,214 - sqlalchemy.engine.Engine - INFO - [cached since 2.554s ago] ()
2026-08-13 16:37:24,285 - sqlalchemy.engine.Engine - INFO - COMMIT
2026-08-13 16:37:24,372 - sqlalchemy.engine.Engine - INFO - BEGIN (implicit)
2026-08-13 16:37:24,373 - sqlalchemy.engine.Engine - INFO - TRUNCATE TABLE messages, tasks, conversations, embeddings, chunks, documents, datasets, workspaces CASCADE
2026-08-13 16:37:24,373 - sqlalchemy.engine.Engine - INFO - [cached since 2.713s ago] ()
2026-08-13 16:37:24,445 - sqlalchemy.engine.Engine - INFO - COMMIT
2026-08-13 16:37:24,537 - sqlalchemy.engine.Engine - INFO - BEGIN (implicit)
2026-08-13 16:37:24,538 - sqlalchemy.engine.Engine - INFO - TRUNCATE TABLE messages, tasks, conversations, embeddings, chunks, documents, datasets, workspaces CASCADE
2026-08-13 16:37:24,538 - sqlalchemy.engine.Engine - INFO - [cached since 2.878s ago] ()
2026-08-13 16:37:24,613 - sqlalchemy.engine.Engine - INFO - COMMIT
2026-08-13 16:37:24,698 - sqlalchemy.engine.Engine - INFO - BEGIN (implicit)
2026-08-13 16:37:24,699 - sqlalchemy.engine.Engine - INFO - TRUNCATE TABLE messages, tasks, conversations, embeddings, chunks, documents, datasets, workspaces CASCADE
2026-08-13 16:37:24,699 - sqlalchemy.engine.Engine - INFO - [cached since 3.039s ago] ()
2026-08-13 16:37:24,769 - sqlalchemy.engine.Engine - INFO - COMMIT
2026-08-13 16:37:24,855 - sqlalchemy.engine.Engine - INFO - BEGIN (implicit)
2026-08-13 16:37:24,856 - sqlalchemy.engine.Engine - INFO - TRUNCATE TABLE messages, tasks, conversations, embeddings, chunks, documents, datasets, workspaces CASCADE
2026-08-13 16:37:24,856 - sqlalchemy.engine.Engine - INFO - [cached since 3.196s ago] ()
2026-08-13 16:37:24,921 - sqlalchemy.engine.Engine - INFO - COMMIT
2026-08-13 16:37:25,006 - sqlalchemy.engine.Engine - INFO - BEGIN (implicit)
2026-08-13 16:37:25,007 - sqlalchemy.engine.Engine - INFO - TRUNCATE TABLE messages, tasks, conversations, embeddings, chunks, documents, datasets, workspaces CASCADE
2026-08-13 16:37:25,007 - sqlalchemy.engine.Engine - INFO - [cached since 3.347s ago] ()
2026-08-13 16:37:25,082 - sqlalchemy.engine.Engine - INFO - COMMIT
2026-08-13 16:37:25,163 - sqlalchemy.engine.Engine - INFO - BEGIN (implicit)
2026-08-13 16:37:25,164 - sqlalchemy.engine.Engine - INFO - TRUNCATE TABLE messages, tasks, conversations, embeddings, chunks, documents, datasets, workspaces CASCADE
2026-08-13 16:37:25,164 - sqlalchemy.engine.Engine - INFO - [cached since 3.504s ago] ()
2026-08-13 16:37:25,231 - sqlalchemy.engine.Engine - INFO - COMMIT
2026-08-13 16:37:25,315 - sqlalchemy.engine.Engine - INFO - BEGIN (implicit)
2026-08-13 16:37:25,316 - sqlalchemy.engine.Engine - INFO - TRUNCATE TABLE messages, tasks, conversations, embeddings, chunks, documents, datasets, workspaces CASCADE
2026-08-13 16:37:25,316 - sqlalchemy.engine.Engine - INFO - [cached since 3.656s ago] ()
2026-08-13 16:37:25,385 - sqlalchemy.engine.Engine - INFO - COMMIT
2026-08-13 16:37:25,468 - sqlalchemy.engine.Engine - INFO - BEGIN (implicit)
2026-08-13 16:37:25,469 - sqlalchemy.engine.Engine - INFO - TRUNCATE TABLE messages, tasks, conversations, embeddings, chunks, documents, datasets, workspaces CASCADE
2026-08-13 16:37:25,469 - sqlalchemy.engine.Engine - INFO - [cached since 3.809s ago] ()
2026-08-13 16:37:25,538 - sqlalchemy.engine.Engine - INFO - COMMIT
2026-08-13 16:37:25,626 - sqlalchemy.engine.Engine - INFO - BEGIN (implicit)
2026-08-13 16:37:25,627 - sqlalchemy.engine.Engine - INFO - TRUNCATE TABLE messages, tasks, conversations, embeddings, chunks, documents, datasets, workspaces CASCADE
2026-08-13 16:37:25,627 - sqlalchemy.engine.Engine - INFO - [cached since 3.967s ago] ()
2026-08-13 16:37:25,701 - sqlalchemy.engine.Engine - INFO - COMMIT
2026-08-13 16:37:25,797 - sqlalchemy.engine.Engine - INFO - BEGIN (implicit)
2026-08-13 16:37:25,798 - sqlalchemy.engine.Engine - INFO - TRUNCATE TABLE messages, tasks, conversations, embeddings, chunks, documents, datasets, workspaces CASCADE
2026-08-13 16:37:25,798 - sqlalchemy.engine.Engine - INFO - [cached since 4.138s ago] ()
2026-08-13 16:37:25,870 - sqlalchemy.engine.Engine - INFO - COMMIT
2026-08-13 16:37:26,078 - sqlalchemy.engine.Engine - INFO - BEGIN (implicit)
2026-08-13 16:37:26,079 - sqlalchemy.engine.Engine - INFO - TRUNCATE TABLE messages, tasks, conversations, embeddings, chunks, documents, datasets, workspaces CASCADE
2026-08-13 16:37:26,079 - sqlalchemy.engine.Engine - INFO - [cached since 4.419s ago] ()
2026-08-13 16:37:26,139 - sqlalchemy.engine.Engine - INFO - COMMIT
2026-08-13 16:37:26,244 - sqlalchemy.engine.Engine - INFO - BEGIN (implicit)
2026-08-13 16:37:26,245 - sqlalchemy.engine.Engine - INFO - TRUNCATE TABLE messages, tasks, conversations, embeddings, chunks, documents, datasets, workspaces CASCADE
2026-08-13 16:37:26,245 - sqlalchemy.engine.Engine - INFO - [cached since 4.585s ago] ()
2026-08-13 16:37:26,312 - sqlalchemy.engine.Engine - INFO - COMMIT
2026-08-13 16:37:26,393 - sqlalchemy.engine.Engine - INFO - BEGIN (implicit)
2026-08-13 16:37:26,393 - sqlalchemy.engine.Engine - INFO - TRUNCATE TABLE messages, tasks, conversations, embeddings, chunks, documents, datasets, workspaces CASCADE
2026-08-13 16:37:26,394 - sqlalchemy.engine.Engine - INFO - [cached since 4.733s ago] ()
2026-08-13 16:37:26,462 - sqlalchemy.engine.Engine - INFO - COMMIT
2026-08-13 16:37:26,549 - sqlalchemy.engine.Engine - INFO - BEGIN (implicit)
2026-08-13 16:37:26,550 - sqlalchemy.engine.Engine - INFO - TRUNCATE TABLE messages, tasks, conversations, embeddings, chunks, documents, datasets, workspaces CASCADE
2026-08-13 16:37:26,550 - sqlalchemy.engine.Engine - INFO - [cached since 4.89s ago] ()
2026-08-13 16:37:26,616 - sqlalchemy.engine.Engine - INFO - COMMIT
2026-08-13 16:37:26,707 - sqlalchemy.engine.Engine - INFO - BEGIN (implicit)
2026-08-13 16:37:26,708 - sqlalchemy.engine.Engine - INFO - TRUNCATE TABLE messages, tasks, conversations, embeddings, chunks, documents, datasets, workspaces CASCADE
2026-08-13 16:37:26,708 - sqlalchemy.engine.Engine - INFO - [cached since 5.048s ago] ()
2026-08-13 16:37:26,775 - sqlalchemy.engine.Engine - INFO - COMMIT
2026-08-13 16:37:26,867 - sqlalchemy.engine.Engine - INFO - BEGIN (implicit)
2026-08-13 16:37:26,867 - sqlalchemy.engine.Engine - INFO - TRUNCATE TABLE messages, tasks, conversations, embeddings, chunks, documents, datasets, workspaces CASCADE
2026-08-13 16:37:26,868 - sqlalchemy.engine.Engine - INFO - [cached since 5.208s ago] ()
2026-08-13 16:37:26,942 - sqlalchemy.engine.Engine - INFO - COMMIT
2026-08-13 16:37:27,111 - sqlalchemy.engine.Engine - INFO - BEGIN (implicit)
2026-08-13 16:37:27,112 - sqlalchemy.engine.Engine - INFO - TRUNCATE TABLE messages, tasks, conversations, embeddings, chunks, documents, datasets, workspaces CASCADE
2026-08-13 16:37:27,112 - sqlalchemy.engine.Engine - INFO - [cached since 5.452s ago] ()
2026-08-13 16:37:27,183 - sqlalchemy.engine.Engine - INFO - COMMIT
2026-08-13 16:37:27,337 - sqlalchemy.engine.Engine - INFO - BEGIN (implicit)
2026-08-13 16:37:27,338 - sqlalchemy.engine.Engine - INFO - TRUNCATE TABLE messages, tasks, conversations, embeddings, chunks, documents, datasets, workspaces CASCADE
2026-08-13 16:37:27,338 - sqlalchemy.engine.Engine - INFO - [cached since 5.678s ago] ()
2026-08-13 16:37:27,405 - sqlalchemy.engine.Engine - INFO - COMMIT
2026-08-13 16:37:27,557 - sqlalchemy.engine.Engine - INFO - BEGIN (implicit)
2026-08-13 16:37:27,557 - sqlalchemy.engine.Engine - INFO - TRUNCATE TABLE messages, tasks, conversations, embeddings, chunks, documents, datasets, workspaces CASCADE
2026-08-13 16:37:27,558 - sqlalchemy.engine.Engine - INFO - [cached since 5.897s ago] ()
2026-08-13 16:37:27,627 - sqlalchemy.engine.Engine - INFO - COMMIT
2026-08-13 16:37:27,781 - sqlalchemy.engine.Engine - INFO - BEGIN (implicit)
2026-08-13 16:37:27,781 - sqlalchemy.engine.Engine - INFO - TRUNCATE TABLE messages, tasks, conversations, embeddings, chunks, documents, datasets, workspaces CASCADE
2026-08-13 16:37:27,782 - sqlalchemy.engine.Engine - INFO - [cached since 6.121s ago] ()
2026-08-13 16:37:27,855 - sqlalchemy.engine.Engine - INFO - COMMIT
2026-08-13 16:37:27,942 - sqlalchemy.engine.Engine - INFO - BEGIN (implicit)
2026-08-13 16:37:27,943 - sqlalchemy.engine.Engine - INFO - TRUNCATE TABLE messages, tasks, conversations, embeddings, chunks, documents, datasets, workspaces CASCADE
2026-08-13 16:37:27,943 - sqlalchemy.engine.Engine - INFO - [cached since 6.283s ago] ()
2026-08-13 16:37:28,015 - sqlalchemy.engine.Engine - INFO - COMMIT
2026-08-13 16:37:28,172 - sqlalchemy.engine.Engine - INFO - BEGIN (implicit)
2026-08-13 16:37:28,173 - sqlalchemy.engine.Engine - INFO - TRUNCATE TABLE messages, tasks, conversations, embeddings, chunks, documents, datasets, workspaces CASCADE
2026-08-13 16:37:28,173 - sqlalchemy.engine.Engine - INFO - [cached since 6.513s ago] ()
2026-08-13 16:37:28,240 - sqlalchemy.engine.Engine - INFO - COMMIT
2026-08-13 16:37:28,325 - sqlalchemy.engine.Engine - INFO - BEGIN (implicit)
2026-08-13 16:37:28,325 - sqlalchemy.engine.Engine - INFO - TRUNCATE TABLE messages, tasks, conversations, embeddings, chunks, documents, datasets, workspaces CASCADE
2026-08-13 16:37:28,326 - sqlalchemy.engine.Engine - INFO - [cached since 6.665s ago] ()
2026-08-13 16:37:28,393 - sqlalchemy.engine.Engine - INFO - COMMIT
2026-08-13 16:37:28,478 - sqlalchemy.engine.Engine - INFO - BEGIN (implicit)
2026-08-13 16:37:28,478 - sqlalchemy.engine.Engine - INFO - TRUNCATE TABLE messages, tasks, conversations, embeddings, chunks, documents, datasets, workspaces CASCADE
2026-08-13 16:37:28,479 - sqlalchemy.engine.Engine - INFO - [cached since 6.819s ago] ()
2026-08-13 16:37:28,556 - sqlalchemy.engine.Engine - INFO - COMMIT
2026-08-13 16:37:28,642 - sqlalchemy.engine.Engine - INFO - BEGIN (implicit)
2026-08-13 16:37:28,642 - sqlalchemy.engine.Engine - INFO - TRUNCATE TABLE messages, tasks, conversations, embeddings, chunks, documents, datasets, workspaces CASCADE
2026-08-13 16:37:28,643 - sqlalchemy.engine.Engine - INFO - [cached since 6.982s ago] ()
2026-08-13 16:37:28,706 - sqlalchemy.engine.Engine - INFO - COMMIT
2026-08-13 16:37:28,788 - sqlalchemy.engine.Engine - INFO - BEGIN (implicit)
2026-08-13 16:37:28,789 - sqlalchemy.engine.Engine - INFO - TRUNCATE TABLE messages, tasks, conversations, embeddings, chunks, documents, datasets, workspaces CASCADE
2026-08-13 16:37:28,789 - sqlalchemy.engine.Engine - INFO - [cached since 7.129s ago] ()
2026-08-13 16:37:28,849 - sqlalchemy.engine.Engine - INFO - COMMIT
2026-08-13 16:37:28,931 - sqlalchemy.engine.Engine - INFO - BEGIN (implicit)
2026-08-13 16:37:28,932 - sqlalchemy.engine.Engine - INFO - TRUNCATE TABLE messages, tasks, conversations, embeddings, chunks, documents, datasets, workspaces CASCADE
2026-08-13 16:37:28,932 - sqlalchemy.engine.Engine - INFO - [cached since 7.272s ago] ()
2026-08-13 16:37:28,997 - sqlalchemy.engine.Engine - INFO - COMMIT
2026-08-13 16:37:29,078 - sqlalchemy.engine.Engine - INFO - BEGIN (implicit)
2026-08-13 16:37:29,078 - sqlalchemy.engine.Engine - INFO - TRUNCATE TABLE messages, tasks, conversations, embeddings, chunks, documents, datasets, workspaces CASCADE
2026-08-13 16:37:29,079 - sqlalchemy.engine.Engine - INFO - [cached since 7.418s ago] ()
2026-08-13 16:37:29,146 - sqlalchemy.engine.Engine - INFO - COMMIT
2026-08-13 16:37:29,230 - sqlalchemy.engine.Engine - INFO - BEGIN (implicit)
2026-08-13 16:37:29,231 - sqlalchemy.engine.Engine - INFO - TRUNCATE TABLE messages, tasks, conversations, embeddings, chunks, documents, datasets, workspaces CASCADE
2026-08-13 16:37:29,231 - sqlalchemy.engine.Engine - INFO - [cached since 7.571s ago] ()
2026-08-13 16:37:29,302 - sqlalchemy.engine.Engine - INFO - COMMIT
2026-08-13 16:37:29,413 - sqlalchemy.engine.Engine - INFO - BEGIN (implicit)
2026-08-13 16:37:29,414 - sqlalchemy.engine.Engine - INFO - TRUNCATE TABLE messages, tasks, conversations, embeddings, chunks, documents, datasets, workspaces CASCADE
2026-08-13 16:37:29,414 - sqlalchemy.engine.Engine - INFO - [cached since 7.754s ago] ()
2026-08-13 16:37:29,482 - sqlalchemy.engine.Engine - INFO - COMMIT
2026-08-13 16:37:29,576 - sqlalchemy.engine.Engine - INFO - BEGIN (implicit)
2026-08-13 16:37:29,576 - sqlalchemy.engine.Engine - INFO - TRUNCATE TABLE messages, tasks, conversations, embeddings, chunks, documents, datasets, workspaces CASCADE
2026-08-13 16:37:29,577 - sqlalchemy.engine.Engine - INFO - [cached since 7.916s ago] ()
2026-08-13 16:37:29,640 - sqlalchemy.engine.Engine - INFO - COMMIT
2026-08-13 16:37:29,728 - sqlalchemy.engine.Engine - INFO - BEGIN (implicit)
2026-08-13 16:37:29,729 - sqlalchemy.engine.Engine - INFO - TRUNCATE TABLE messages, tasks, conversations, embeddings, chunks, documents, datasets, workspaces CASCADE
2026-08-13 16:37:29,729 - sqlalchemy.engine.Engine - INFO - [cached since 8.069s ago] ()
2026-08-13 16:37:29,799 - sqlalchemy.engine.Engine - INFO - COMMIT
2026-08-13 16:37:29,893 - sqlalchemy.engine.Engine - INFO - BEGIN (implicit)
2026-08-13 16:37:29,894 - sqlalchemy.engine.Engine - INFO - TRUNCATE TABLE messages, tasks, conversations, embeddings, chunks, documents, datasets, workspaces CASCADE
2026-08-13 16:37:29,894 - sqlalchemy.engine.Engine - INFO - [cached since 8.234s ago] ()
2026-08-13 16:37:29,964 - sqlalchemy.engine.Engine - INFO - COMMIT
2026-08-13 16:37:30,052 - sqlalchemy.engine.Engine - INFO - BEGIN (implicit)
2026-08-13 16:37:30,053 - sqlalchemy.engine.Engine - INFO - INSERT INTO workspaces (id, name, description, created_at, updated_at) VALUES ($1::UUID, $2::VARCHAR, $3::VARCHAR, $4::TIMESTAMP WITHOUT TIME ZONE, $5::TIMESTAMP WITHOUT TIME ZONE)
2026-08-13 16:37:30,054 - sqlalchemy.engine.Engine - INFO - [cached since 6.927s ago] (UUID('050e0157-26ef-4d01-bac7-d86914549ffb'), 'Test WS', None, datetime.datetime(2026, 8, 13, 13, 7, 30, 53666), datetime.datetime(2026, 8, 13, 13, 7, 30, 53676))
2026-08-13 16:37:30,062 - sqlalchemy.engine.Engine - INFO - INSERT INTO datasets (id, workspace_id, name, description, connector_type, connector_config, created_at, updated_at) VALUES ($1::UUID, $2::UUID, $3::VARCHAR, $4::VARCHAR, $5::VARCHAR, $6::JSON, $7::TIMESTAMP WITHOUT TIME ZONE, $8::TIMESTAMP WITHOUT TIME ZONE)
2026-08-13 16:37:30,063 - sqlalchemy.engine.Engine - INFO - [generated in 0.00085s] (UUID('5566e49d-7ac8-4547-b096-26f11e5d49f2'), UUID('050e0157-26ef-4d01-bac7-d86914549ffb'), 'Test Dataset', None, 'markdown', '{"path": "data/docs"}', datetime.datetime(2026, 8, 13, 13, 7, 30, 62624), datetime.datetime(2026, 8, 13, 13, 7, 30, 62635))
2026-08-13 16:37:30,201 - sqlalchemy.engine.Engine - INFO - ROLLBACK
2026-08-13 16:37:30,271 - sqlalchemy.engine.Engine - INFO - BEGIN (implicit)
2026-08-13 16:37:30,271 - sqlalchemy.engine.Engine - INFO - TRUNCATE TABLE messages, tasks, conversations, embeddings, chunks, documents, datasets, workspaces CASCADE
2026-08-13 16:37:30,272 - sqlalchemy.engine.Engine - INFO - [cached since 8.611s ago] ()
2026-08-13 16:37:30,338 - sqlalchemy.engine.Engine - INFO - COMMIT
2026-08-13 16:37:30,430 - sqlalchemy.engine.Engine - INFO - BEGIN (implicit)
2026-08-13 16:37:30,433 - sqlalchemy.engine.Engine - INFO - SELECT datasets.id, datasets.workspace_id, datasets.name, datasets.description, datasets.connector_type, datasets.connector_config, datasets.extra_metadata, datasets.created_at, datasets.updated_at 
FROM datasets 
WHERE datasets.id = $1::UUID
2026-08-13 16:37:30,433 - sqlalchemy.engine.Engine - INFO - [generated in 0.00052s] ('e6748de7-1c51-4d11-99df-8457ea99e57a',)
2026-08-13 16:37:30,438 - sqlalchemy.engine.Engine - INFO - ROLLBACK
2026-08-13 16:37:30,444 - app.api.middleware - INFO - edea7c43-6db9-4543-9d73-6d0dfdf37dba POST /datasets/e6748de7-1c51-4d11-99df-8457ea99e57a/ingest 404 83.17ms
2026-08-13 16:37:30,513 - sqlalchemy.engine.Engine - INFO - BEGIN (implicit)
2026-08-13 16:37:30,514 - sqlalchemy.engine.Engine - INFO - TRUNCATE TABLE messages, tasks, conversations, embeddings, chunks, documents, datasets, workspaces CASCADE
2026-08-13 16:37:30,514 - sqlalchemy.engine.Engine - INFO - [cached since 8.854s ago] ()
2026-08-13 16:37:30,580 - sqlalchemy.engine.Engine - INFO - COMMIT
2026-08-13 16:37:30,667 - sqlalchemy.engine.Engine - INFO - BEGIN (implicit)
2026-08-13 16:37:30,668 - sqlalchemy.engine.Engine - INFO - INSERT INTO workspaces (id, name, description, created_at, updated_at) VALUES ($1::UUID, $2::VARCHAR, $3::VARCHAR, $4::TIMESTAMP WITHOUT TIME ZONE, $5::TIMESTAMP WITHOUT TIME ZONE)
2026-08-13 16:37:30,669 - sqlalchemy.engine.Engine - INFO - [cached since 7.541s ago] (UUID('a6e0a921-a793-40fe-8643-eaf211ba2412'), 'Test WS', None, datetime.datetime(2026, 8, 13, 13, 7, 30, 668624), datetime.datetime(2026, 8, 13, 13, 7, 30, 668631))
2026-08-13 16:37:30,675 - sqlalchemy.engine.Engine - INFO - INSERT INTO datasets (id, workspace_id, name, description, connector_type, created_at, updated_at) VALUES ($1::UUID, $2::UUID, $3::VARCHAR, $4::VARCHAR, $5::VARCHAR, $6::TIMESTAMP WITHOUT TIME ZONE, $7::TIMESTAMP WITHOUT TIME ZONE)
2026-08-13 16:37:30,676 - sqlalchemy.engine.Engine - INFO - [generated in 0.00073s] (UUID('ce914e52-f4ce-47f6-ba16-620d5df60e4c'), UUID('a6e0a921-a793-40fe-8643-eaf211ba2412'), 'No Connector', None, None, datetime.datetime(2026, 8, 13, 13, 7, 30, 675521), datetime.datetime(2026, 8, 13, 13, 7, 30, 675530))
2026-08-13 16:37:30,755 - sqlalchemy.engine.Engine - INFO - BEGIN (implicit)
2026-08-13 16:37:30,756 - sqlalchemy.engine.Engine - INFO - SELECT datasets.id, datasets.workspace_id, datasets.name, datasets.description, datasets.connector_type, datasets.connector_config, datasets.extra_metadata, datasets.created_at, datasets.updated_at 
FROM datasets 
WHERE datasets.id = $1::UUID
2026-08-13 16:37:30,756 - sqlalchemy.engine.Engine - INFO - [cached since 0.3235s ago] ('ce914e52-f4ce-47f6-ba16-620d5df60e4c',)
2026-08-13 16:37:30,762 - sqlalchemy.engine.Engine - INFO - ROLLBACK
2026-08-13 16:37:30,769 - app.api.middleware - INFO - d8b6b4f3-9791-4879-a3ac-e1b077ff5edc POST /datasets/ce914e52-f4ce-47f6-ba16-620d5df60e4c/ingest 404 87.50ms
2026-08-13 16:37:30,791 - sqlalchemy.engine.Engine - INFO - ROLLBACK
2026-08-13 16:37:30,867 - sqlalchemy.engine.Engine - INFO - BEGIN (implicit)
2026-08-13 16:37:30,867 - sqlalchemy.engine.Engine - INFO - TRUNCATE TABLE messages, tasks, conversations, embeddings, chunks, documents, datasets, workspaces CASCADE
2026-08-13 16:37:30,867 - sqlalchemy.engine.Engine - INFO - [cached since 9.207s ago] ()
2026-08-13 16:37:30,937 - sqlalchemy.engine.Engine - INFO - COMMIT
2026-08-13 16:37:31,249 - sqlalchemy.engine.Engine - INFO - BEGIN (implicit)
2026-08-13 16:37:31,250 - sqlalchemy.engine.Engine - INFO - TRUNCATE TABLE messages, tasks, conversations, embeddings, chunks, documents, datasets, workspaces CASCADE
2026-08-13 16:37:31,250 - sqlalchemy.engine.Engine - INFO - [cached since 9.59s ago] ()
2026-08-13 16:37:31,323 - sqlalchemy.engine.Engine - INFO - COMMIT
2026-08-13 16:37:31,413 - sqlalchemy.engine.Engine - INFO - BEGIN (implicit)
2026-08-13 16:37:31,414 - sqlalchemy.engine.Engine - INFO - TRUNCATE TABLE messages, tasks, conversations, embeddings, chunks, documents, datasets, workspaces CASCADE
2026-08-13 16:37:31,414 - sqlalchemy.engine.Engine - INFO - [cached since 9.754s ago] ()
2026-08-13 16:37:31,484 - sqlalchemy.engine.Engine - INFO - COMMIT
2026-08-13 16:37:31,579 - sqlalchemy.engine.Engine - INFO - BEGIN (implicit)
2026-08-13 16:37:31,580 - sqlalchemy.engine.Engine - INFO - TRUNCATE TABLE messages, tasks, conversations, embeddings, chunks, documents, datasets, workspaces CASCADE
2026-08-13 16:37:31,580 - sqlalchemy.engine.Engine - INFO - [cached since 9.92s ago] ()
2026-08-13 16:37:31,648 - sqlalchemy.engine.Engine - INFO - COMMIT
2026-08-13 16:37:31,744 - sqlalchemy.engine.Engine - INFO - BEGIN (implicit)
2026-08-13 16:37:31,746 - sqlalchemy.engine.Engine - INFO - INSERT INTO workspaces (id, name, description, created_at, updated_at) VALUES ($1::UUID, $2::VARCHAR, $3::VARCHAR, $4::TIMESTAMP WITHOUT TIME ZONE, $5::TIMESTAMP WITHOUT TIME ZONE)
2026-08-13 16:37:31,746 - sqlalchemy.engine.Engine - INFO - [cached since 8.619s ago] (UUID('ee56c05c-d12b-45cf-be7b-228add65329f'), 'Test WS', None, datetime.datetime(2026, 8, 13, 13, 7, 31, 746157), datetime.datetime(2026, 8, 13, 13, 7, 31, 746166))
2026-08-13 16:37:31,778 - sqlalchemy.engine.Engine - INFO - INSERT INTO tasks (id, workspace_id, title, description, status, priority, extra_metadata, created_at, updated_at) VALUES ($1::UUID, $2::UUID, $3::VARCHAR, $4::VARCHAR, $5::VARCHAR, $6::VARCHAR, $7::JSON, $8::TIMESTAMP WITHOUT TIME ZONE, $9::TIMESTAMP WITHOUT TIME ZONE)
2026-08-13 16:37:31,779 - sqlalchemy.engine.Engine - INFO - [generated in 0.00102s] (UUID('78275b46-a4b5-477f-98f7-8218447390f6'), UUID('ee56c05c-d12b-45cf-be7b-228add65329f'), 'Test Task', 'Test description', 'pending', 'high', 'null', datetime.datetime(2026, 8, 13, 13, 7, 31, 778425), datetime.datetime(2026, 8, 13, 13, 7, 31, 778434))
2026-08-13 16:37:31,783 - sqlalchemy.engine.Engine - INFO - COMMIT
2026-08-13 16:37:31,861 - sqlalchemy.engine.Engine - INFO - BEGIN (implicit)
2026-08-13 16:37:31,863 - sqlalchemy.engine.Engine - INFO - SELECT tasks.id, tasks.workspace_id, tasks.title, tasks.description, tasks.status, tasks.priority, tasks.extra_metadata, tasks.created_at, tasks.updated_at 
FROM tasks 
WHERE tasks.id = $1::UUID
2026-08-13 16:37:31,864 - sqlalchemy.engine.Engine - INFO - [generated in 0.00061s] (UUID('78275b46-a4b5-477f-98f7-8218447390f6'),)
2026-08-13 16:37:31,869 - app.api.middleware - INFO - 44146c17-5b76-452b-b289-bd261256ac05 POST /tasks 201 116.65ms
2026-08-13 16:37:31,877 - sqlalchemy.engine.Engine - INFO - SELECT tasks.id, tasks.workspace_id, tasks.title, tasks.description, tasks.status, tasks.priority, tasks.extra_metadata, tasks.created_at, tasks.updated_at 
FROM tasks 
WHERE tasks.workspace_id = $1::UUID ORDER BY tasks.created_at DESC
2026-08-13 16:37:31,878 - sqlalchemy.engine.Engine - INFO - [generated in 0.00057s] ('ee56c05c-d12b-45cf-be7b-228add65329f',)
2026-08-13 16:37:31,881 - app.api.middleware - INFO - d83c9579-e1b8-4469-ab9e-a336ca0cbbea GET /tasks 200 9.01ms
2026-08-13 16:37:31,885 - sqlalchemy.engine.Engine - INFO - ROLLBACK
2026-08-13 16:37:31,961 - sqlalchemy.engine.Engine - INFO - BEGIN (implicit)
2026-08-13 16:37:31,962 - sqlalchemy.engine.Engine - INFO - TRUNCATE TABLE messages, tasks, conversations, embeddings, chunks, documents, datasets, workspaces CASCADE
2026-08-13 16:37:31,962 - sqlalchemy.engine.Engine - INFO - [cached since 10.3s ago] ()
2026-08-13 16:37:32,036 - sqlalchemy.engine.Engine - INFO - COMMIT
2026-08-13 16:37:32,125 - sqlalchemy.engine.Engine - INFO - BEGIN (implicit)
2026-08-13 16:37:32,126 - sqlalchemy.engine.Engine - INFO - INSERT INTO workspaces (id, name, description, created_at, updated_at) VALUES ($1::UUID, $2::VARCHAR, $3::VARCHAR, $4::TIMESTAMP WITHOUT TIME ZONE, $5::TIMESTAMP WITHOUT TIME ZONE)
2026-08-13 16:37:32,126 - sqlalchemy.engine.Engine - INFO - [cached since 8.999s ago] (UUID('48331ab2-4b08-4225-8364-9beb99d36799'), 'Test WS', None, datetime.datetime(2026, 8, 13, 13, 7, 32, 126474), datetime.datetime(2026, 8, 13, 13, 7, 32, 126482))
2026-08-13 16:37:32,139 - sqlalchemy.engine.Engine - INFO - INSERT INTO tasks (id, workspace_id, title, description, status, priority, extra_metadata, created_at, updated_at) VALUES ($1::UUID, $2::UUID, $3::VARCHAR, $4::VARCHAR, $5::VARCHAR, $6::VARCHAR, $7::JSON, $8::TIMESTAMP WITHOUT TIME ZONE, $9::TIMESTAMP WITHOUT TIME ZONE)
2026-08-13 16:37:32,139 - sqlalchemy.engine.Engine - INFO - [cached since 0.3618s ago] (UUID('a936c1f6-2948-47cf-aa9e-74d018b7825f'), UUID('48331ab2-4b08-4225-8364-9beb99d36799'), 'Original Task', None, 'pending', 'medium', 'null', datetime.datetime(2026, 8, 13, 13, 7, 32, 139402), datetime.datetime(2026, 8, 13, 13, 7, 32, 139410))
2026-08-13 16:37:32,144 - sqlalchemy.engine.Engine - INFO - COMMIT
2026-08-13 16:37:32,216 - sqlalchemy.engine.Engine - INFO - BEGIN (implicit)
2026-08-13 16:37:32,217 - sqlalchemy.engine.Engine - INFO - SELECT tasks.id, tasks.workspace_id, tasks.title, tasks.description, tasks.status, tasks.priority, tasks.extra_metadata, tasks.created_at, tasks.updated_at 
FROM tasks 
WHERE tasks.id = $1::UUID
2026-08-13 16:37:32,217 - sqlalchemy.engine.Engine - INFO - [cached since 0.3536s ago] (UUID('a936c1f6-2948-47cf-aa9e-74d018b7825f'),)
2026-08-13 16:37:32,223 - app.api.middleware - INFO - 0fdf2866-c7bf-43fc-9207-d5315e5187c6 POST /tasks 201 90.43ms
2026-08-13 16:37:32,234 - sqlalchemy.engine.Engine - INFO - SELECT tasks.id, tasks.workspace_id, tasks.title, tasks.description, tasks.status, tasks.priority, tasks.extra_metadata, tasks.created_at, tasks.updated_at 
FROM tasks 
WHERE tasks.id = $1::UUID
2026-08-13 16:37:32,234 - sqlalchemy.engine.Engine - INFO - [generated in 0.00045s] ('a936c1f6-2948-47cf-aa9e-74d018b7825f',)
2026-08-13 16:37:32,238 - sqlalchemy.engine.Engine - INFO - UPDATE tasks SET status=$1::VARCHAR, priority=$2::VARCHAR, updated_at=$3::TIMESTAMP WITHOUT TIME ZONE WHERE tasks.id = $4::UUID
2026-08-13 16:37:32,238 - sqlalchemy.engine.Engine - INFO - [generated in 0.00046s] ('completed', 'low', datetime.datetime(2026, 8, 13, 13, 7, 32, 236461), UUID('a936c1f6-2948-47cf-aa9e-74d018b7825f'))
2026-08-13 16:37:32,242 - sqlalchemy.engine.Engine - INFO - COMMIT
2026-08-13 16:37:32,318 - sqlalchemy.engine.Engine - INFO - BEGIN (implicit)
2026-08-13 16:37:32,319 - sqlalchemy.engine.Engine - INFO - SELECT tasks.id, tasks.workspace_id, tasks.title, tasks.description, tasks.status, tasks.priority, tasks.extra_metadata, tasks.created_at, tasks.updated_at 
FROM tasks 
WHERE tasks.id = $1::UUID
2026-08-13 16:37:32,319 - sqlalchemy.engine.Engine - INFO - [cached since 0.4563s ago] (UUID('a936c1f6-2948-47cf-aa9e-74d018b7825f'),)
2026-08-13 16:37:32,326 - app.api.middleware - INFO - 6521ae41-bbf0-4333-9491-19ef0eb60ab9 PATCH /tasks/a936c1f6-2948-47cf-aa9e-74d018b7825f 200 100.68ms
2026-08-13 16:37:32,330 - sqlalchemy.engine.Engine - INFO - ROLLBACK
2026-08-13 16:37:32,404 - sqlalchemy.engine.Engine - INFO - BEGIN (implicit)
2026-08-13 16:37:32,404 - sqlalchemy.engine.Engine - INFO - TRUNCATE TABLE messages, tasks, conversations, embeddings, chunks, documents, datasets, workspaces CASCADE
2026-08-13 16:37:32,405 - sqlalchemy.engine.Engine - INFO - [cached since 10.74s ago] ()
2026-08-13 16:37:32,478 - sqlalchemy.engine.Engine - INFO - COMMIT
2026-08-13 16:37:32,564 - sqlalchemy.engine.Engine - INFO - BEGIN (implicit)
2026-08-13 16:37:32,565 - sqlalchemy.engine.Engine - INFO - INSERT INTO workspaces (id, name, description, created_at, updated_at) VALUES ($1::UUID, $2::VARCHAR, $3::VARCHAR, $4::TIMESTAMP WITHOUT TIME ZONE, $5::TIMESTAMP WITHOUT TIME ZONE)
2026-08-13 16:37:32,565 - sqlalchemy.engine.Engine - INFO - [cached since 9.438s ago] (UUID('8093ba8d-0b71-42cb-8fcc-86b8a711994f'), 'Test WS', None, datetime.datetime(2026, 8, 13, 13, 7, 32, 565358), datetime.datetime(2026, 8, 13, 13, 7, 32, 565365))
2026-08-13 16:37:32,579 - sqlalchemy.engine.Engine - INFO - INSERT INTO tasks (id, workspace_id, title, description, status, priority, extra_metadata, created_at, updated_at) VALUES ($1::UUID, $2::UUID, $3::VARCHAR, $4::VARCHAR, $5::VARCHAR, $6::VARCHAR, $7::JSON, $8::TIMESTAMP WITHOUT TIME ZONE, $9::TIMESTAMP WITHOUT TIME ZONE)
2026-08-13 16:37:32,580 - sqlalchemy.engine.Engine - INFO - [cached since 0.8019s ago] (UUID('76f7537f-1edf-4bcf-b9ad-44d6edadde1a'), UUID('8093ba8d-0b71-42cb-8fcc-86b8a711994f'), 'Task to delete', None, 'pending', 'medium', 'null', datetime.datetime(2026, 8, 13, 13, 7, 32, 579472), datetime.datetime(2026, 8, 13, 13, 7, 32, 579482))
2026-08-13 16:37:32,583 - sqlalchemy.engine.Engine - INFO - COMMIT
2026-08-13 16:37:32,657 - sqlalchemy.engine.Engine - INFO - BEGIN (implicit)
2026-08-13 16:37:32,658 - sqlalchemy.engine.Engine - INFO - SELECT tasks.id, tasks.workspace_id, tasks.title, tasks.description, tasks.status, tasks.priority, tasks.extra_metadata, tasks.created_at, tasks.updated_at 
FROM tasks 
WHERE tasks.id = $1::UUID
2026-08-13 16:37:32,659 - sqlalchemy.engine.Engine - INFO - [cached since 0.7953s ago] (UUID('76f7537f-1edf-4bcf-b9ad-44d6edadde1a'),)
2026-08-13 16:37:32,664 - app.api.middleware - INFO - 59eef1f3-8556-4424-969a-d8c47bfd0cb5 POST /tasks 201 92.56ms
2026-08-13 16:37:32,673 - sqlalchemy.engine.Engine - INFO - SELECT tasks.id, tasks.workspace_id, tasks.title, tasks.description, tasks.status, tasks.priority, tasks.extra_metadata, tasks.created_at, tasks.updated_at 
FROM tasks 
WHERE tasks.id = $1::UUID
2026-08-13 16:37:32,673 - sqlalchemy.engine.Engine - INFO - [cached since 0.4398s ago] ('76f7537f-1edf-4bcf-b9ad-44d6edadde1a',)
2026-08-13 16:37:32,677 - sqlalchemy.engine.Engine - INFO - DELETE FROM tasks WHERE tasks.id = $1::UUID
2026-08-13 16:37:32,677 - sqlalchemy.engine.Engine - INFO - [generated in 0.00045s] (UUID('76f7537f-1edf-4bcf-b9ad-44d6edadde1a'),)
2026-08-13 16:37:32,681 - sqlalchemy.engine.Engine - INFO - COMMIT
2026-08-13 16:37:32,691 - app.api.middleware - INFO - c1bd028f-6324-46ac-9ac1-06428d27d73b DELETE /tasks/76f7537f-1edf-4bcf-b9ad-44d6edadde1a 204 23.27ms
2026-08-13 16:37:32,767 - sqlalchemy.engine.Engine - INFO - BEGIN (implicit)
2026-08-13 16:37:32,768 - sqlalchemy.engine.Engine - INFO - SELECT tasks.id, tasks.workspace_id, tasks.title, tasks.description, tasks.status, tasks.priority, tasks.extra_metadata, tasks.created_at, tasks.updated_at 
FROM tasks 
WHERE tasks.id = $1::UUID
2026-08-13 16:37:32,768 - sqlalchemy.engine.Engine - INFO - [cached since 0.5344s ago] ('76f7537f-1edf-4bcf-b9ad-44d6edadde1a',)
2026-08-13 16:37:32,774 - app.api.middleware - INFO - 814c1cf9-8a7f-4d23-8dd0-8ebfd30714f8 GET /tasks/76f7537f-1edf-4bcf-b9ad-44d6edadde1a 404 79.84ms
2026-08-13 16:37:32,777 - sqlalchemy.engine.Engine - INFO - ROLLBACK
2026-08-13 16:37:32,848 - sqlalchemy.engine.Engine - INFO - BEGIN (implicit)
2026-08-13 16:37:32,848 - sqlalchemy.engine.Engine - INFO - TRUNCATE TABLE messages, tasks, conversations, embeddings, chunks, documents, datasets, workspaces CASCADE
2026-08-13 16:37:32,849 - sqlalchemy.engine.Engine - INFO - [cached since 11.19s ago] ()
2026-08-13 16:37:32,914 - sqlalchemy.engine.Engine - INFO - COMMIT
2026-08-13 16:37:32,932 - app.api.middleware - INFO - 1cde6ad2-346c-44e7-b4ec-32a796edef21 GET /health 200 1.33ms
2026-08-13 16:37:33,000 - sqlalchemy.engine.Engine - INFO - BEGIN (implicit)
2026-08-13 16:37:33,001 - sqlalchemy.engine.Engine - INFO - TRUNCATE TABLE messages, tasks, conversations, embeddings, chunks, documents, datasets, workspaces CASCADE
2026-08-13 16:37:33,002 - sqlalchemy.engine.Engine - INFO - [cached since 11.34s ago] ()
2026-08-13 16:37:33,071 - sqlalchemy.engine.Engine - INFO - COMMIT
2026-08-13 16:37:33,089 - app.api.middleware - INFO - afe58239-6cdd-45a5-9aa0-7f2b84329255 GET /health 200 2.31ms
2026-08-13 16:37:33,164 - sqlalchemy.engine.Engine - INFO - BEGIN (implicit)
2026-08-13 16:37:33,165 - sqlalchemy.engine.Engine - INFO - TRUNCATE TABLE messages, tasks, conversations, embeddings, chunks, documents, datasets, workspaces CASCADE
2026-08-13 16:37:33,165 - sqlalchemy.engine.Engine - INFO - [cached since 11.51s ago] ()
2026-08-13 16:37:33,231 - sqlalchemy.engine.Engine - INFO - COMMIT
2026-08-13 16:37:33,265 - app.api.middleware - WARNING - Rate limit exceeded for 127.0.0.1 on /health
2026-08-13 16:37:33,340 - sqlalchemy.engine.Engine - INFO - BEGIN (implicit)
2026-08-13 16:37:33,341 - sqlalchemy.engine.Engine - INFO - TRUNCATE TABLE messages, tasks, conversations, embeddings, chunks, documents, datasets, workspaces CASCADE
2026-08-13 16:37:33,342 - sqlalchemy.engine.Engine - INFO - [cached since 11.68s ago] ()
2026-08-13 16:37:33,413 - sqlalchemy.engine.Engine - INFO - COMMIT
2026-08-13 16:37:33,441 - app.api.middleware - INFO - 5122c46e-bead-40d3-b605-85f3eae881e7 GET /nonexistent 404 2.20ms
2026-08-13 16:37:33,515 - sqlalchemy.engine.Engine - INFO - BEGIN (implicit)
2026-08-13 16:37:33,516 - sqlalchemy.engine.Engine - INFO - TRUNCATE TABLE messages, tasks, conversations, embeddings, chunks, documents, datasets, workspaces CASCADE
2026-08-13 16:37:33,516 - sqlalchemy.engine.Engine - INFO - [cached since 11.86s ago] ()
2026-08-13 16:37:33,584 - sqlalchemy.engine.Engine - INFO - COMMIT
2026-08-13 16:37:33,665 - sqlalchemy.engine.Engine - INFO - BEGIN (implicit)
2026-08-13 16:37:33,666 - sqlalchemy.engine.Engine - INFO - SELECT pg_catalog.pg_class.relname 
FROM pg_catalog.pg_class JOIN pg_catalog.pg_namespace ON pg_catalog.pg_namespace.oid = pg_catalog.pg_class.relnamespace 
WHERE pg_catalog.pg_class.relname = $1::VARCHAR AND pg_catalog.pg_class.relkind = ANY (ARRAY[$2::VARCHAR, $3::VARCHAR, $4::VARCHAR, $5::VARCHAR, $6::VARCHAR]) AND pg_catalog.pg_table_is_visible(pg_catalog.pg_class.oid) AND pg_catalog.pg_namespace.nspname != $7::VARCHAR
2026-08-13 16:37:33,666 - sqlalchemy.engine.Engine - INFO - [cached since 12.24s ago] ('workspaces', 'r', 'p', 'f', 'v', 'm', 'pg_catalog')
2026-08-13 16:37:33,672 - sqlalchemy.engine.Engine - INFO - SELECT pg_catalog.pg_class.relname 
FROM pg_catalog.pg_class JOIN pg_catalog.pg_namespace ON pg_catalog.pg_namespace.oid = pg_catalog.pg_class.relnamespace 
WHERE pg_catalog.pg_class.relname = $1::VARCHAR AND pg_catalog.pg_class.relkind = ANY (ARRAY[$2::VARCHAR, $3::VARCHAR, $4::VARCHAR, $5::VARCHAR, $6::VARCHAR]) AND pg_catalog.pg_table_is_visible(pg_catalog.pg_class.oid) AND pg_catalog.pg_namespace.nspname != $7::VARCHAR
2026-08-13 16:37:33,673 - sqlalchemy.engine.Engine - INFO - [cached since 12.25s ago] ('datasets', 'r', 'p', 'f', 'v', 'm', 'pg_catalog')
2026-08-13 16:37:33,675 - sqlalchemy.engine.Engine - INFO - SELECT pg_catalog.pg_class.relname 
FROM pg_catalog.pg_class JOIN pg_catalog.pg_namespace ON pg_catalog.pg_namespace.oid = pg_catalog.pg_class.relnamespace 
WHERE pg_catalog.pg_class.relname = $1::VARCHAR AND pg_catalog.pg_class.relkind = ANY (ARRAY[$2::VARCHAR, $3::VARCHAR, $4::VARCHAR, $5::VARCHAR, $6::VARCHAR]) AND pg_catalog.pg_table_is_visible(pg_catalog.pg_class.oid) AND pg_catalog.pg_namespace.nspname != $7::VARCHAR
2026-08-13 16:37:33,675 - sqlalchemy.engine.Engine - INFO - [cached since 12.25s ago] ('documents', 'r', 'p', 'f', 'v', 'm', 'pg_catalog')
2026-08-13 16:37:33,677 - sqlalchemy.engine.Engine - INFO - SELECT pg_catalog.pg_class.relname 
FROM pg_catalog.pg_class JOIN pg_catalog.pg_namespace ON pg_catalog.pg_namespace.oid = pg_catalog.pg_class.relnamespace 
WHERE pg_catalog.pg_class.relname = $1::VARCHAR AND pg_catalog.pg_class.relkind = ANY (ARRAY[$2::VARCHAR, $3::VARCHAR, $4::VARCHAR, $5::VARCHAR, $6::VARCHAR]) AND pg_catalog.pg_table_is_visible(pg_catalog.pg_class.oid) AND pg_catalog.pg_namespace.nspname != $7::VARCHAR
2026-08-13 16:37:33,677 - sqlalchemy.engine.Engine - INFO - [cached since 12.26s ago] ('chunks', 'r', 'p', 'f', 'v', 'm', 'pg_catalog')
2026-08-13 16:37:33,679 - sqlalchemy.engine.Engine - INFO - SELECT pg_catalog.pg_class.relname 
FROM pg_catalog.pg_class JOIN pg_catalog.pg_namespace ON pg_catalog.pg_namespace.oid = pg_catalog.pg_class.relnamespace 
WHERE pg_catalog.pg_class.relname = $1::VARCHAR AND pg_catalog.pg_class.relkind = ANY (ARRAY[$2::VARCHAR, $3::VARCHAR, $4::VARCHAR, $5::VARCHAR, $6::VARCHAR]) AND pg_catalog.pg_table_is_visible(pg_catalog.pg_class.oid) AND pg_catalog.pg_namespace.nspname != $7::VARCHAR
2026-08-13 16:37:33,680 - sqlalchemy.engine.Engine - INFO - [cached since 12.26s ago] ('embeddings', 'r', 'p', 'f', 'v', 'm', 'pg_catalog')
2026-08-13 16:37:33,681 - sqlalchemy.engine.Engine - INFO - SELECT pg_catalog.pg_class.relname 
FROM pg_catalog.pg_class JOIN pg_catalog.pg_namespace ON pg_catalog.pg_namespace.oid = pg_catalog.pg_class.relnamespace 
WHERE pg_catalog.pg_class.relname = $1::VARCHAR AND pg_catalog.pg_class.relkind = ANY (ARRAY[$2::VARCHAR, $3::VARCHAR, $4::VARCHAR, $5::VARCHAR, $6::VARCHAR]) AND pg_catalog.pg_table_is_visible(pg_catalog.pg_class.oid) AND pg_catalog.pg_namespace.nspname != $7::VARCHAR
2026-08-13 16:37:33,682 - sqlalchemy.engine.Engine - INFO - [cached since 12.26s ago] ('conversations', 'r', 'p', 'f', 'v', 'm', 'pg_catalog')
2026-08-13 16:37:33,683 - sqlalchemy.engine.Engine - INFO - SELECT pg_catalog.pg_class.relname 
FROM pg_catalog.pg_class JOIN pg_catalog.pg_namespace ON pg_catalog.pg_namespace.oid = pg_catalog.pg_class.relnamespace 
WHERE pg_catalog.pg_class.relname = $1::VARCHAR AND pg_catalog.pg_class.relkind = ANY (ARRAY[$2::VARCHAR, $3::VARCHAR, $4::VARCHAR, $5::VARCHAR, $6::VARCHAR]) AND pg_catalog.pg_table_is_visible(pg_catalog.pg_class.oid) AND pg_catalog.pg_namespace.nspname != $7::VARCHAR
2026-08-13 16:37:33,684 - sqlalchemy.engine.Engine - INFO - [cached since 12.26s ago] ('messages', 'r', 'p', 'f', 'v', 'm', 'pg_catalog')
2026-08-13 16:37:33,685 - sqlalchemy.engine.Engine - INFO - SELECT pg_catalog.pg_class.relname 
FROM pg_catalog.pg_class JOIN pg_catalog.pg_namespace ON pg_catalog.pg_namespace.oid = pg_catalog.pg_class.relnamespace 
WHERE pg_catalog.pg_class.relname = $1::VARCHAR AND pg_catalog.pg_class.relkind = ANY (ARRAY[$2::VARCHAR, $3::VARCHAR, $4::VARCHAR, $5::VARCHAR, $6::VARCHAR]) AND pg_catalog.pg_table_is_visible(pg_catalog.pg_class.oid) AND pg_catalog.pg_namespace.nspname != $7::VARCHAR
2026-08-13 16:37:33,686 - sqlalchemy.engine.Engine - INFO - [cached since 12.26s ago] ('tasks', 'r', 'p', 'f', 'v', 'm', 'pg_catalog')
2026-08-13 16:37:33,687 - sqlalchemy.engine.Engine - INFO - 
DROP TABLE embeddings
2026-08-13 16:37:33,687 - sqlalchemy.engine.Engine - INFO - [no key 0.00041s] ()
2026-08-13 16:37:33,693 - sqlalchemy.engine.Engine - INFO - 
DROP TABLE chunks
2026-08-13 16:37:33,694 - sqlalchemy.engine.Engine - INFO - [no key 0.00041s] ()
2026-08-13 16:37:33,697 - sqlalchemy.engine.Engine - INFO - 
DROP TABLE messages
2026-08-13 16:37:33,698 - sqlalchemy.engine.Engine - INFO - [no key 0.00038s] ()
2026-08-13 16:37:33,701 - sqlalchemy.engine.Engine - INFO - 
DROP TABLE documents
2026-08-13 16:37:33,701 - sqlalchemy.engine.Engine - INFO - [no key 0.00036s] ()
2026-08-13 16:37:33,704 - sqlalchemy.engine.Engine - INFO - 
DROP TABLE tasks
2026-08-13 16:37:33,705 - sqlalchemy.engine.Engine - INFO - [no key 0.00046s] ()
2026-08-13 16:37:33,708 - sqlalchemy.engine.Engine - INFO - 
DROP TABLE conversations
2026-08-13 16:37:33,709 - sqlalchemy.engine.Engine - INFO - [no key 0.00040s] ()
2026-08-13 16:37:33,712 - sqlalchemy.engine.Engine - INFO - 
DROP TABLE datasets
2026-08-13 16:37:33,713 - sqlalchemy.engine.Engine - INFO - [no key 0.00048s] ()
2026-08-13 16:37:33,716 - sqlalchemy.engine.Engine - INFO - 
DROP TABLE workspaces
2026-08-13 16:37:33,716 - sqlalchemy.engine.Engine - INFO - [no key 0.00043s] ()
2026-08-13 16:37:33,719 - sqlalchemy.engine.Engine - INFO - COMMIT
2026-08-13 16:38:11,132 - sqlalchemy.engine.Engine - INFO - select pg_catalog.version()
2026-08-13 16:38:11,132 - sqlalchemy.engine.Engine - INFO - [raw sql] ()
2026-08-13 16:38:11,138 - sqlalchemy.engine.Engine - INFO - select current_schema()
2026-08-13 16:38:11,139 - sqlalchemy.engine.Engine - INFO - [raw sql] ()
2026-08-13 16:38:11,144 - sqlalchemy.engine.Engine - INFO - show standard_conforming_strings
2026-08-13 16:38:11,144 - sqlalchemy.engine.Engine - INFO - [raw sql] ()
2026-08-13 16:38:11,148 - sqlalchemy.engine.Engine - INFO - BEGIN (implicit)
2026-08-13 16:38:11,150 - sqlalchemy.engine.Engine - INFO - CREATE EXTENSION IF NOT EXISTS vector
2026-08-13 16:38:11,150 - sqlalchemy.engine.Engine - INFO - [generated in 0.00035s] ()
2026-08-13 16:38:11,162 - sqlalchemy.engine.Engine - INFO - SELECT pg_catalog.pg_class.relname 
FROM pg_catalog.pg_class JOIN pg_catalog.pg_namespace ON pg_catalog.pg_namespace.oid = pg_catalog.pg_class.relnamespace 
WHERE pg_catalog.pg_class.relname = $1::VARCHAR AND pg_catalog.pg_class.relkind = ANY (ARRAY[$2::VARCHAR, $3::VARCHAR, $4::VARCHAR, $5::VARCHAR, $6::VARCHAR]) AND pg_catalog.pg_table_is_visible(pg_catalog.pg_class.oid) AND pg_catalog.pg_namespace.nspname != $7::VARCHAR
2026-08-13 16:38:11,162 - sqlalchemy.engine.Engine - INFO - [generated in 0.00056s] ('workspaces', 'r', 'p', 'f', 'v', 'm', 'pg_catalog')
2026-08-13 16:38:11,168 - sqlalchemy.engine.Engine - INFO - SELECT pg_catalog.pg_class.relname 
FROM pg_catalog.pg_class JOIN pg_catalog.pg_namespace ON pg_catalog.pg_namespace.oid = pg_catalog.pg_class.relnamespace 
WHERE pg_catalog.pg_class.relname = $1::VARCHAR AND pg_catalog.pg_class.relkind = ANY (ARRAY[$2::VARCHAR, $3::VARCHAR, $4::VARCHAR, $5::VARCHAR, $6::VARCHAR]) AND pg_catalog.pg_table_is_visible(pg_catalog.pg_class.oid) AND pg_catalog.pg_namespace.nspname != $7::VARCHAR
2026-08-13 16:38:11,169 - sqlalchemy.engine.Engine - INFO - [cached since 0.007172s ago] ('datasets', 'r', 'p', 'f', 'v', 'm', 'pg_catalog')
2026-08-13 16:38:11,171 - sqlalchemy.engine.Engine - INFO - SELECT pg_catalog.pg_class.relname 
FROM pg_catalog.pg_class JOIN pg_catalog.pg_namespace ON pg_catalog.pg_namespace.oid = pg_catalog.pg_class.relnamespace 
WHERE pg_catalog.pg_class.relname = $1::VARCHAR AND pg_catalog.pg_class.relkind = ANY (ARRAY[$2::VARCHAR, $3::VARCHAR, $4::VARCHAR, $5::VARCHAR, $6::VARCHAR]) AND pg_catalog.pg_table_is_visible(pg_catalog.pg_class.oid) AND pg_catalog.pg_namespace.nspname != $7::VARCHAR
2026-08-13 16:38:11,171 - sqlalchemy.engine.Engine - INFO - [cached since 0.009522s ago] ('documents', 'r', 'p', 'f', 'v', 'm', 'pg_catalog')
2026-08-13 16:38:11,173 - sqlalchemy.engine.Engine - INFO - SELECT pg_catalog.pg_class.relname 
FROM pg_catalog.pg_class JOIN pg_catalog.pg_namespace ON pg_catalog.pg_namespace.oid = pg_catalog.pg_class.relnamespace 
WHERE pg_catalog.pg_class.relname = $1::VARCHAR AND pg_catalog.pg_class.relkind = ANY (ARRAY[$2::VARCHAR, $3::VARCHAR, $4::VARCHAR, $5::VARCHAR, $6::VARCHAR]) AND pg_catalog.pg_table_is_visible(pg_catalog.pg_class.oid) AND pg_catalog.pg_namespace.nspname != $7::VARCHAR
2026-08-13 16:38:11,174 - sqlalchemy.engine.Engine - INFO - [cached since 0.01194s ago] ('chunks', 'r', 'p', 'f', 'v', 'm', 'pg_catalog')
2026-08-13 16:38:11,176 - sqlalchemy.engine.Engine - INFO - SELECT pg_catalog.pg_class.relname 
FROM pg_catalog.pg_class JOIN pg_catalog.pg_namespace ON pg_catalog.pg_namespace.oid = pg_catalog.pg_class.relnamespace 
WHERE pg_catalog.pg_class.relname = $1::VARCHAR AND pg_catalog.pg_class.relkind = ANY (ARRAY[$2::VARCHAR, $3::VARCHAR, $4::VARCHAR, $5::VARCHAR, $6::VARCHAR]) AND pg_catalog.pg_table_is_visible(pg_catalog.pg_class.oid) AND pg_catalog.pg_namespace.nspname != $7::VARCHAR
2026-08-13 16:38:11,176 - sqlalchemy.engine.Engine - INFO - [cached since 0.01434s ago] ('embeddings', 'r', 'p', 'f', 'v', 'm', 'pg_catalog')
2026-08-13 16:38:11,178 - sqlalchemy.engine.Engine - INFO - SELECT pg_catalog.pg_class.relname 
FROM pg_catalog.pg_class JOIN pg_catalog.pg_namespace ON pg_catalog.pg_namespace.oid = pg_catalog.pg_class.relnamespace 
WHERE pg_catalog.pg_class.relname = $1::VARCHAR AND pg_catalog.pg_class.relkind = ANY (ARRAY[$2::VARCHAR, $3::VARCHAR, $4::VARCHAR, $5::VARCHAR, $6::VARCHAR]) AND pg_catalog.pg_table_is_visible(pg_catalog.pg_class.oid) AND pg_catalog.pg_namespace.nspname != $7::VARCHAR
2026-08-13 16:38:11,179 - sqlalchemy.engine.Engine - INFO - [cached since 0.01698s ago] ('conversations', 'r', 'p', 'f', 'v', 'm', 'pg_catalog')
2026-08-13 16:38:11,181 - sqlalchemy.engine.Engine - INFO - SELECT pg_catalog.pg_class.relname 
FROM pg_catalog.pg_class JOIN pg_catalog.pg_namespace ON pg_catalog.pg_namespace.oid = pg_catalog.pg_class.relnamespace 
WHERE pg_catalog.pg_class.relname = $1::VARCHAR AND pg_catalog.pg_class.relkind = ANY (ARRAY[$2::VARCHAR, $3::VARCHAR, $4::VARCHAR, $5::VARCHAR, $6::VARCHAR]) AND pg_catalog.pg_table_is_visible(pg_catalog.pg_class.oid) AND pg_catalog.pg_namespace.nspname != $7::VARCHAR
2026-08-13 16:38:11,181 - sqlalchemy.engine.Engine - INFO - [cached since 0.01953s ago] ('messages', 'r', 'p', 'f', 'v', 'm', 'pg_catalog')
2026-08-13 16:38:11,183 - sqlalchemy.engine.Engine - INFO - SELECT pg_catalog.pg_class.relname 
FROM pg_catalog.pg_class JOIN pg_catalog.pg_namespace ON pg_catalog.pg_namespace.oid = pg_catalog.pg_class.relnamespace 
WHERE pg_catalog.pg_class.relname = $1::VARCHAR AND pg_catalog.pg_class.relkind = ANY (ARRAY[$2::VARCHAR, $3::VARCHAR, $4::VARCHAR, $5::VARCHAR, $6::VARCHAR]) AND pg_catalog.pg_table_is_visible(pg_catalog.pg_class.oid) AND pg_catalog.pg_namespace.nspname != $7::VARCHAR
2026-08-13 16:38:11,183 - sqlalchemy.engine.Engine - INFO - [cached since 0.0217s ago] ('tasks', 'r', 'p', 'f', 'v', 'm', 'pg_catalog')
2026-08-13 16:38:11,186 - sqlalchemy.engine.Engine - INFO - 
CREATE TABLE workspaces (
	id UUID NOT NULL, 
	name VARCHAR(255) NOT NULL, 
	description TEXT, 
	extra_metadata JSON, 
	created_at TIMESTAMP WITHOUT TIME ZONE NOT NULL, 
	updated_at TIMESTAMP WITHOUT TIME ZONE NOT NULL, 
	PRIMARY KEY (id)
)


2026-08-13 16:38:11,187 - sqlalchemy.engine.Engine - INFO - [no key 0.00043s] ()
2026-08-13 16:38:11,202 - sqlalchemy.engine.Engine - INFO - 
CREATE TABLE datasets (
	id UUID NOT NULL, 
	workspace_id UUID NOT NULL, 
	name VARCHAR(255) NOT NULL, 
	description TEXT, 
	connector_type VARCHAR(100), 
	connector_config JSON, 
	extra_metadata JSON, 
	created_at TIMESTAMP WITHOUT TIME ZONE NOT NULL, 
	updated_at TIMESTAMP WITHOUT TIME ZONE NOT NULL, 
	PRIMARY KEY (id), 
	FOREIGN KEY(workspace_id) REFERENCES workspaces (id) ON DELETE CASCADE
)


2026-08-13 16:38:11,203 - sqlalchemy.engine.Engine - INFO - [no key 0.00043s] ()
2026-08-13 16:38:11,216 - sqlalchemy.engine.Engine - INFO - 
CREATE TABLE conversations (
	id UUID NOT NULL, 
	workspace_id UUID NOT NULL, 
	title VARCHAR(255), 
	extra_metadata JSON, 
	created_at TIMESTAMP WITHOUT TIME ZONE NOT NULL, 
	updated_at TIMESTAMP WITHOUT TIME ZONE NOT NULL, 
	PRIMARY KEY (id), 
	FOREIGN KEY(workspace_id) REFERENCES workspaces (id) ON DELETE CASCADE
)


2026-08-13 16:38:11,217 - sqlalchemy.engine.Engine - INFO - [no key 0.00044s] ()
2026-08-13 16:38:11,230 - sqlalchemy.engine.Engine - INFO - 
CREATE TABLE tasks (
	id UUID NOT NULL, 
	workspace_id UUID NOT NULL, 
	title VARCHAR(255) NOT NULL, 
	description TEXT, 
	status VARCHAR(50) NOT NULL, 
	priority VARCHAR(50) NOT NULL, 
	extra_metadata JSON, 
	created_at TIMESTAMP WITHOUT TIME ZONE NOT NULL, 
	updated_at TIMESTAMP WITHOUT TIME ZONE NOT NULL, 
	PRIMARY KEY (id), 
	FOREIGN KEY(workspace_id) REFERENCES workspaces (id) ON DELETE CASCADE
)


2026-08-13 16:38:11,230 - sqlalchemy.engine.Engine - INFO - [no key 0.00043s] ()
2026-08-13 16:38:11,244 - sqlalchemy.engine.Engine - INFO - 
CREATE TABLE documents (
	id UUID NOT NULL, 
	dataset_id UUID NOT NULL, 
	workspace_id UUID NOT NULL, 
	source VARCHAR(1024) NOT NULL, 
	filename VARCHAR(255), 
	content_type VARCHAR(100), 
	size_bytes INTEGER, 
	extra_metadata JSON, 
	status VARCHAR(50) NOT NULL, 
	created_at TIMESTAMP WITHOUT TIME ZONE NOT NULL, 
	updated_at TIMESTAMP WITHOUT TIME ZONE NOT NULL, 
	PRIMARY KEY (id), 
	FOREIGN KEY(dataset_id) REFERENCES datasets (id) ON DELETE CASCADE, 
	FOREIGN KEY(workspace_id) REFERENCES workspaces (id) ON DELETE CASCADE
)


2026-08-13 16:38:11,244 - sqlalchemy.engine.Engine - INFO - [no key 0.00052s] ()
2026-08-13 16:38:11,258 - sqlalchemy.engine.Engine - INFO - 
CREATE TABLE messages (
	id UUID NOT NULL, 
	conversation_id UUID NOT NULL, 
	role VARCHAR(50) NOT NULL, 
	content TEXT NOT NULL, 
	sources JSON, 
	extra_metadata JSON, 
	created_at TIMESTAMP WITHOUT TIME ZONE NOT NULL, 
	PRIMARY KEY (id), 
	FOREIGN KEY(conversation_id) REFERENCES conversations (id) ON DELETE CASCADE
)


2026-08-13 16:38:11,258 - sqlalchemy.engine.Engine - INFO - [no key 0.00045s] ()
2026-08-13 16:38:11,272 - sqlalchemy.engine.Engine - INFO - 
CREATE TABLE chunks (
	id UUID NOT NULL, 
	document_id UUID NOT NULL, 
	dataset_id UUID NOT NULL, 
	workspace_id UUID NOT NULL, 
	chunk_index INTEGER NOT NULL, 
	text TEXT NOT NULL, 
	extra_metadata JSON, 
	token_count INTEGER, 
	created_at TIMESTAMP WITHOUT TIME ZONE NOT NULL, 
	PRIMARY KEY (id), 
	FOREIGN KEY(document_id) REFERENCES documents (id) ON DELETE CASCADE, 
	FOREIGN KEY(dataset_id) REFERENCES datasets (id) ON DELETE CASCADE, 
	FOREIGN KEY(workspace_id) REFERENCES workspaces (id) ON DELETE CASCADE
)


2026-08-13 16:38:11,272 - sqlalchemy.engine.Engine - INFO - [no key 0.00050s] ()
2026-08-13 16:38:11,286 - sqlalchemy.engine.Engine - INFO - 
CREATE TABLE embeddings (
	id UUID NOT NULL, 
	chunk_id UUID NOT NULL, 
	workspace_id UUID NOT NULL, 
	dataset_id UUID NOT NULL, 
	model VARCHAR(255) NOT NULL, 
	dimensions INTEGER NOT NULL, 
	vector VECTOR(1024), 
	created_at TIMESTAMP WITHOUT TIME ZONE NOT NULL, 
	PRIMARY KEY (id), 
	FOREIGN KEY(chunk_id) REFERENCES chunks (id) ON DELETE CASCADE, 
	FOREIGN KEY(workspace_id) REFERENCES workspaces (id) ON DELETE CASCADE, 
	FOREIGN KEY(dataset_id) REFERENCES datasets (id) ON DELETE CASCADE
)


2026-08-13 16:38:11,286 - sqlalchemy.engine.Engine - INFO - [no key 0.00041s] ()
2026-08-13 16:38:11,300 - sqlalchemy.engine.Engine - INFO - COMMIT
2026-08-13 16:38:11,390 - sqlalchemy.engine.Engine - INFO - BEGIN (implicit)
2026-08-13 16:38:11,391 - sqlalchemy.engine.Engine - INFO - TRUNCATE TABLE messages, tasks, conversations, embeddings, chunks, documents, datasets, workspaces CASCADE
2026-08-13 16:38:11,391 - sqlalchemy.engine.Engine - INFO - [generated in 0.00046s] ()
2026-08-13 16:38:11,472 - sqlalchemy.engine.Engine - INFO - COMMIT
2026-08-13 16:38:11,561 - sqlalchemy.engine.Engine - INFO - BEGIN (implicit)
2026-08-13 16:38:11,562 - sqlalchemy.engine.Engine - INFO - TRUNCATE TABLE messages, tasks, conversations, embeddings, chunks, documents, datasets, workspaces CASCADE
2026-08-13 16:38:11,562 - sqlalchemy.engine.Engine - INFO - [cached since 0.1712s ago] ()
2026-08-13 16:38:11,632 - sqlalchemy.engine.Engine - INFO - COMMIT
2026-08-13 16:38:11,711 - sqlalchemy.engine.Engine - INFO - BEGIN (implicit)
2026-08-13 16:38:11,712 - sqlalchemy.engine.Engine - INFO - TRUNCATE TABLE messages, tasks, conversations, embeddings, chunks, documents, datasets, workspaces CASCADE
2026-08-13 16:38:11,712 - sqlalchemy.engine.Engine - INFO - [cached since 0.3212s ago] ()
2026-08-13 16:38:11,772 - sqlalchemy.engine.Engine - INFO - COMMIT
2026-08-13 16:38:11,871 - sqlalchemy.engine.Engine - INFO - BEGIN (implicit)
2026-08-13 16:38:11,872 - sqlalchemy.engine.Engine - INFO - TRUNCATE TABLE messages, tasks, conversations, embeddings, chunks, documents, datasets, workspaces CASCADE
2026-08-13 16:38:11,872 - sqlalchemy.engine.Engine - INFO - [cached since 0.4814s ago] ()
2026-08-13 16:38:11,940 - sqlalchemy.engine.Engine - INFO - COMMIT
2026-08-13 16:38:12,027 - sqlalchemy.engine.Engine - INFO - BEGIN (implicit)
2026-08-13 16:38:12,027 - sqlalchemy.engine.Engine - INFO - TRUNCATE TABLE messages, tasks, conversations, embeddings, chunks, documents, datasets, workspaces CASCADE
2026-08-13 16:38:12,027 - sqlalchemy.engine.Engine - INFO - [cached since 0.6367s ago] ()
2026-08-13 16:38:12,092 - sqlalchemy.engine.Engine - INFO - COMMIT
2026-08-13 16:38:12,191 - sqlalchemy.engine.Engine - INFO - BEGIN (implicit)
2026-08-13 16:38:12,192 - sqlalchemy.engine.Engine - INFO - TRUNCATE TABLE messages, tasks, conversations, embeddings, chunks, documents, datasets, workspaces CASCADE
2026-08-13 16:38:12,192 - sqlalchemy.engine.Engine - INFO - [cached since 0.8012s ago] ()
2026-08-13 16:38:12,265 - sqlalchemy.engine.Engine - INFO - COMMIT
2026-08-13 16:38:12,365 - sqlalchemy.engine.Engine - INFO - BEGIN (implicit)
2026-08-13 16:38:12,366 - sqlalchemy.engine.Engine - INFO - TRUNCATE TABLE messages, tasks, conversations, embeddings, chunks, documents, datasets, workspaces CASCADE
2026-08-13 16:38:12,366 - sqlalchemy.engine.Engine - INFO - [cached since 0.9752s ago] ()
2026-08-13 16:38:12,440 - sqlalchemy.engine.Engine - INFO - COMMIT
2026-08-13 16:38:12,476 - app.api.middleware - INFO - 17303dea-b55e-4a55-88c4-f1c164d9a032 GET /health 200 4.70ms
2026-08-13 16:38:12,569 - sqlalchemy.engine.Engine - INFO - BEGIN (implicit)
2026-08-13 16:38:12,570 - sqlalchemy.engine.Engine - INFO - TRUNCATE TABLE messages, tasks, conversations, embeddings, chunks, documents, datasets, workspaces CASCADE
2026-08-13 16:38:12,571 - sqlalchemy.engine.Engine - INFO - [cached since 1.18s ago] ()
2026-08-13 16:38:12,646 - sqlalchemy.engine.Engine - INFO - COMMIT
2026-08-13 16:38:12,671 - app.api.middleware - INFO - ba64951a-d445-4320-b6e4-eaca2c330075 GET / 200 2.48ms
2026-08-13 16:38:12,745 - sqlalchemy.engine.Engine - INFO - BEGIN (implicit)
2026-08-13 16:38:12,746 - sqlalchemy.engine.Engine - INFO - TRUNCATE TABLE messages, tasks, conversations, embeddings, chunks, documents, datasets, workspaces CASCADE
2026-08-13 16:38:12,746 - sqlalchemy.engine.Engine - INFO - [cached since 1.355s ago] ()
2026-08-13 16:38:12,814 - sqlalchemy.engine.Engine - INFO - COMMIT
2026-08-13 16:38:12,830 - app.api.middleware - INFO - 23ecd8b5-fd0a-47c5-86a1-7f290052d2e7 GET /health 200 1.44ms
2026-08-13 16:38:12,898 - sqlalchemy.engine.Engine - INFO - BEGIN (implicit)
2026-08-13 16:38:12,899 - sqlalchemy.engine.Engine - INFO - TRUNCATE TABLE messages, tasks, conversations, embeddings, chunks, documents, datasets, workspaces CASCADE
2026-08-13 16:38:12,899 - sqlalchemy.engine.Engine - INFO - [cached since 1.508s ago] ()
2026-08-13 16:38:12,977 - sqlalchemy.engine.Engine - INFO - COMMIT
2026-08-13 16:38:13,007 - app.api.middleware - INFO - aca5e9f9-de36-4ea8-8784-a80794bf3ff6 GET /health 200 6.76ms
2026-08-13 16:38:13,096 - sqlalchemy.engine.Engine - INFO - BEGIN (implicit)
2026-08-13 16:38:13,096 - sqlalchemy.engine.Engine - INFO - TRUNCATE TABLE messages, tasks, conversations, embeddings, chunks, documents, datasets, workspaces CASCADE
2026-08-13 16:38:13,097 - sqlalchemy.engine.Engine - INFO - [cached since 1.706s ago] ()
2026-08-13 16:38:13,177 - sqlalchemy.engine.Engine - INFO - COMMIT
2026-08-13 16:38:13,207 - app.api.middleware - WARNING - Rate limit exceeded for 127.0.0.1 on /health
2026-08-13 16:38:13,284 - sqlalchemy.engine.Engine - INFO - BEGIN (implicit)
2026-08-13 16:38:13,284 - sqlalchemy.engine.Engine - INFO - TRUNCATE TABLE messages, tasks, conversations, embeddings, chunks, documents, datasets, workspaces CASCADE
2026-08-13 16:38:13,285 - sqlalchemy.engine.Engine - INFO - [cached since 1.894s ago] ()
2026-08-13 16:38:13,355 - sqlalchemy.engine.Engine - INFO - COMMIT
2026-08-13 16:38:13,419 - app.api.middleware - INFO - e498bee1-c0b7-4071-9fd3-0b0b8587354c GET /nonexistent 404 44.79ms
2026-08-13 16:38:13,498 - sqlalchemy.engine.Engine - INFO - BEGIN (implicit)
2026-08-13 16:38:13,499 - sqlalchemy.engine.Engine - INFO - TRUNCATE TABLE messages, tasks, conversations, embeddings, chunks, documents, datasets, workspaces CASCADE
2026-08-13 16:38:13,499 - sqlalchemy.engine.Engine - INFO - [cached since 2.108s ago] ()
2026-08-13 16:38:13,562 - sqlalchemy.engine.Engine - INFO - COMMIT
2026-08-13 16:38:13,637 - sqlalchemy.engine.Engine - INFO - BEGIN (implicit)
2026-08-13 16:38:13,637 - sqlalchemy.engine.Engine - INFO - SELECT pg_catalog.pg_class.relname 
FROM pg_catalog.pg_class JOIN pg_catalog.pg_namespace ON pg_catalog.pg_namespace.oid = pg_catalog.pg_class.relnamespace 
WHERE pg_catalog.pg_class.relname = $1::VARCHAR AND pg_catalog.pg_class.relkind = ANY (ARRAY[$2::VARCHAR, $3::VARCHAR, $4::VARCHAR, $5::VARCHAR, $6::VARCHAR]) AND pg_catalog.pg_table_is_visible(pg_catalog.pg_class.oid) AND pg_catalog.pg_namespace.nspname != $7::VARCHAR
2026-08-13 16:38:13,638 - sqlalchemy.engine.Engine - INFO - [cached since 2.476s ago] ('workspaces', 'r', 'p', 'f', 'v', 'm', 'pg_catalog')
2026-08-13 16:38:13,647 - sqlalchemy.engine.Engine - INFO - SELECT pg_catalog.pg_class.relname 
FROM pg_catalog.pg_class JOIN pg_catalog.pg_namespace ON pg_catalog.pg_namespace.oid = pg_catalog.pg_class.relnamespace 
WHERE pg_catalog.pg_class.relname = $1::VARCHAR AND pg_catalog.pg_class.relkind = ANY (ARRAY[$2::VARCHAR, $3::VARCHAR, $4::VARCHAR, $5::VARCHAR, $6::VARCHAR]) AND pg_catalog.pg_table_is_visible(pg_catalog.pg_class.oid) AND pg_catalog.pg_namespace.nspname != $7::VARCHAR
2026-08-13 16:38:13,647 - sqlalchemy.engine.Engine - INFO - [cached since 2.485s ago] ('datasets', 'r', 'p', 'f', 'v', 'm', 'pg_catalog')
2026-08-13 16:38:13,649 - sqlalchemy.engine.Engine - INFO - SELECT pg_catalog.pg_class.relname 
FROM pg_catalog.pg_class JOIN pg_catalog.pg_namespace ON pg_catalog.pg_namespace.oid = pg_catalog.pg_class.relnamespace 
WHERE pg_catalog.pg_class.relname = $1::VARCHAR AND pg_catalog.pg_class.relkind = ANY (ARRAY[$2::VARCHAR, $3::VARCHAR, $4::VARCHAR, $5::VARCHAR, $6::VARCHAR]) AND pg_catalog.pg_table_is_visible(pg_catalog.pg_class.oid) AND pg_catalog.pg_namespace.nspname != $7::VARCHAR
2026-08-13 16:38:13,650 - sqlalchemy.engine.Engine - INFO - [cached since 2.488s ago] ('documents', 'r', 'p', 'f', 'v', 'm', 'pg_catalog')
2026-08-13 16:38:13,652 - sqlalchemy.engine.Engine - INFO - SELECT pg_catalog.pg_class.relname 
FROM pg_catalog.pg_class JOIN pg_catalog.pg_namespace ON pg_catalog.pg_namespace.oid = pg_catalog.pg_class.relnamespace 
WHERE pg_catalog.pg_class.relname = $1::VARCHAR AND pg_catalog.pg_class.relkind = ANY (ARRAY[$2::VARCHAR, $3::VARCHAR, $4::VARCHAR, $5::VARCHAR, $6::VARCHAR]) AND pg_catalog.pg_table_is_visible(pg_catalog.pg_class.oid) AND pg_catalog.pg_namespace.nspname != $7::VARCHAR
2026-08-13 16:38:13,652 - sqlalchemy.engine.Engine - INFO - [cached since 2.491s ago] ('chunks', 'r', 'p', 'f', 'v', 'm', 'pg_catalog')
2026-08-13 16:38:13,655 - sqlalchemy.engine.Engine - INFO - SELECT pg_catalog.pg_class.relname 
FROM pg_catalog.pg_class JOIN pg_catalog.pg_namespace ON pg_catalog.pg_namespace.oid = pg_catalog.pg_class.relnamespace 
WHERE pg_catalog.pg_class.relname = $1::VARCHAR AND pg_catalog.pg_class.relkind = ANY (ARRAY[$2::VARCHAR, $3::VARCHAR, $4::VARCHAR, $5::VARCHAR, $6::VARCHAR]) AND pg_catalog.pg_table_is_visible(pg_catalog.pg_class.oid) AND pg_catalog.pg_namespace.nspname != $7::VARCHAR
2026-08-13 16:38:13,655 - sqlalchemy.engine.Engine - INFO - [cached since 2.493s ago] ('embeddings', 'r', 'p', 'f', 'v', 'm', 'pg_catalog')
2026-08-13 16:38:13,657 - sqlalchemy.engine.Engine - INFO - SELECT pg_catalog.pg_class.relname 
FROM pg_catalog.pg_class JOIN pg_catalog.pg_namespace ON pg_catalog.pg_namespace.oid = pg_catalog.pg_class.relnamespace 
WHERE pg_catalog.pg_class.relname = $1::VARCHAR AND pg_catalog.pg_class.relkind = ANY (ARRAY[$2::VARCHAR, $3::VARCHAR, $4::VARCHAR, $5::VARCHAR, $6::VARCHAR]) AND pg_catalog.pg_table_is_visible(pg_catalog.pg_class.oid) AND pg_catalog.pg_namespace.nspname != $7::VARCHAR
2026-08-13 16:38:13,657 - sqlalchemy.engine.Engine - INFO - [cached since 2.496s ago] ('conversations', 'r', 'p', 'f', 'v', 'm', 'pg_catalog')
2026-08-13 16:38:13,660 - sqlalchemy.engine.Engine - INFO - SELECT pg_catalog.pg_class.relname 
FROM pg_catalog.pg_class JOIN pg_catalog.pg_namespace ON pg_catalog.pg_namespace.oid = pg_catalog.pg_class.relnamespace 
WHERE pg_catalog.pg_class.relname = $1::VARCHAR AND pg_catalog.pg_class.relkind = ANY (ARRAY[$2::VARCHAR, $3::VARCHAR, $4::VARCHAR, $5::VARCHAR, $6::VARCHAR]) AND pg_catalog.pg_table_is_visible(pg_catalog.pg_class.oid) AND pg_catalog.pg_namespace.nspname != $7::VARCHAR
2026-08-13 16:38:13,660 - sqlalchemy.engine.Engine - INFO - [cached since 2.499s ago] ('messages', 'r', 'p', 'f', 'v', 'm', 'pg_catalog')
2026-08-13 16:38:13,662 - sqlalchemy.engine.Engine - INFO - SELECT pg_catalog.pg_class.relname 
FROM pg_catalog.pg_class JOIN pg_catalog.pg_namespace ON pg_catalog.pg_namespace.oid = pg_catalog.pg_class.relnamespace 
WHERE pg_catalog.pg_class.relname = $1::VARCHAR AND pg_catalog.pg_class.relkind = ANY (ARRAY[$2::VARCHAR, $3::VARCHAR, $4::VARCHAR, $5::VARCHAR, $6::VARCHAR]) AND pg_catalog.pg_table_is_visible(pg_catalog.pg_class.oid) AND pg_catalog.pg_namespace.nspname != $7::VARCHAR
2026-08-13 16:38:13,662 - sqlalchemy.engine.Engine - INFO - [cached since 2.501s ago] ('tasks', 'r', 'p', 'f', 'v', 'm', 'pg_catalog')
2026-08-13 16:38:13,664 - sqlalchemy.engine.Engine - INFO - 
DROP TABLE embeddings
2026-08-13 16:38:13,664 - sqlalchemy.engine.Engine - INFO - [no key 0.00036s] ()
2026-08-13 16:38:13,669 - sqlalchemy.engine.Engine - INFO - 
DROP TABLE chunks
2026-08-13 16:38:13,669 - sqlalchemy.engine.Engine - INFO - [no key 0.00045s] ()
2026-08-13 16:38:13,672 - sqlalchemy.engine.Engine - INFO - 
DROP TABLE messages
2026-08-13 16:38:13,673 - sqlalchemy.engine.Engine - INFO - [no key 0.00046s] ()
2026-08-13 16:38:13,676 - sqlalchemy.engine.Engine - INFO - 
DROP TABLE documents
2026-08-13 16:38:13,676 - sqlalchemy.engine.Engine - INFO - [no key 0.00038s] ()
2026-08-13 16:38:13,680 - sqlalchemy.engine.Engine - INFO - 
DROP TABLE tasks
2026-08-13 16:38:13,680 - sqlalchemy.engine.Engine - INFO - [no key 0.00038s] ()
2026-08-13 16:38:13,684 - sqlalchemy.engine.Engine - INFO - 
DROP TABLE conversations
2026-08-13 16:38:13,685 - sqlalchemy.engine.Engine - INFO - [no key 0.00041s] ()
2026-08-13 16:38:13,689 - sqlalchemy.engine.Engine - INFO - 
DROP TABLE datasets
2026-08-13 16:38:13,689 - sqlalchemy.engine.Engine - INFO - [no key 0.00036s] ()
2026-08-13 16:38:13,693 - sqlalchemy.engine.Engine - INFO - 
DROP TABLE workspaces
2026-08-13 16:38:13,693 - sqlalchemy.engine.Engine - INFO - [no key 0.00036s] ()
2026-08-13 16:38:13,696 - sqlalchemy.engine.Engine - INFO - COMMIT
2026-08-13 16:38:35,688 - sqlalchemy.engine.Engine - INFO - select pg_catalog.version()
2026-08-13 16:38:35,688 - sqlalchemy.engine.Engine - INFO - [raw sql] ()
2026-08-13 16:38:35,692 - sqlalchemy.engine.Engine - INFO - select current_schema()
2026-08-13 16:38:35,693 - sqlalchemy.engine.Engine - INFO - [raw sql] ()
2026-08-13 16:38:35,695 - sqlalchemy.engine.Engine - INFO - show standard_conforming_strings
2026-08-13 16:38:35,696 - sqlalchemy.engine.Engine - INFO - [raw sql] ()
2026-08-13 16:38:35,698 - sqlalchemy.engine.Engine - INFO - BEGIN (implicit)
2026-08-13 16:38:35,699 - sqlalchemy.engine.Engine - INFO - CREATE EXTENSION IF NOT EXISTS vector
2026-08-13 16:38:35,699 - sqlalchemy.engine.Engine - INFO - [generated in 0.00043s] ()
2026-08-13 16:38:35,709 - sqlalchemy.engine.Engine - INFO - SELECT pg_catalog.pg_class.relname 
FROM pg_catalog.pg_class JOIN pg_catalog.pg_namespace ON pg_catalog.pg_namespace.oid = pg_catalog.pg_class.relnamespace 
WHERE pg_catalog.pg_class.relname = $1::VARCHAR AND pg_catalog.pg_class.relkind = ANY (ARRAY[$2::VARCHAR, $3::VARCHAR, $4::VARCHAR, $5::VARCHAR, $6::VARCHAR]) AND pg_catalog.pg_table_is_visible(pg_catalog.pg_class.oid) AND pg_catalog.pg_namespace.nspname != $7::VARCHAR
2026-08-13 16:38:35,709 - sqlalchemy.engine.Engine - INFO - [generated in 0.00054s] ('workspaces', 'r', 'p', 'f', 'v', 'm', 'pg_catalog')
2026-08-13 16:38:35,714 - sqlalchemy.engine.Engine - INFO - SELECT pg_catalog.pg_class.relname 
FROM pg_catalog.pg_class JOIN pg_catalog.pg_namespace ON pg_catalog.pg_namespace.oid = pg_catalog.pg_class.relnamespace 
WHERE pg_catalog.pg_class.relname = $1::VARCHAR AND pg_catalog.pg_class.relkind = ANY (ARRAY[$2::VARCHAR, $3::VARCHAR, $4::VARCHAR, $5::VARCHAR, $6::VARCHAR]) AND pg_catalog.pg_table_is_visible(pg_catalog.pg_class.oid) AND pg_catalog.pg_namespace.nspname != $7::VARCHAR
2026-08-13 16:38:35,715 - sqlalchemy.engine.Engine - INFO - [cached since 0.006089s ago] ('datasets', 'r', 'p', 'f', 'v', 'm', 'pg_catalog')
2026-08-13 16:38:35,716 - sqlalchemy.engine.Engine - INFO - SELECT pg_catalog.pg_class.relname 
FROM pg_catalog.pg_class JOIN pg_catalog.pg_namespace ON pg_catalog.pg_namespace.oid = pg_catalog.pg_class.relnamespace 
WHERE pg_catalog.pg_class.relname = $1::VARCHAR AND pg_catalog.pg_class.relkind = ANY (ARRAY[$2::VARCHAR, $3::VARCHAR, $4::VARCHAR, $5::VARCHAR, $6::VARCHAR]) AND pg_catalog.pg_table_is_visible(pg_catalog.pg_class.oid) AND pg_catalog.pg_namespace.nspname != $7::VARCHAR
2026-08-13 16:38:35,717 - sqlalchemy.engine.Engine - INFO - [cached since 0.008216s ago] ('documents', 'r', 'p', 'f', 'v', 'm', 'pg_catalog')
2026-08-13 16:38:35,718 - sqlalchemy.engine.Engine - INFO - SELECT pg_catalog.pg_class.relname 
FROM pg_catalog.pg_class JOIN pg_catalog.pg_namespace ON pg_catalog.pg_namespace.oid = pg_catalog.pg_class.relnamespace 
WHERE pg_catalog.pg_class.relname = $1::VARCHAR AND pg_catalog.pg_class.relkind = ANY (ARRAY[$2::VARCHAR, $3::VARCHAR, $4::VARCHAR, $5::VARCHAR, $6::VARCHAR]) AND pg_catalog.pg_table_is_visible(pg_catalog.pg_class.oid) AND pg_catalog.pg_namespace.nspname != $7::VARCHAR
2026-08-13 16:38:35,719 - sqlalchemy.engine.Engine - INFO - [cached since 0.01023s ago] ('chunks', 'r', 'p', 'f', 'v', 'm', 'pg_catalog')
2026-08-13 16:38:35,720 - sqlalchemy.engine.Engine - INFO - SELECT pg_catalog.pg_class.relname 
FROM pg_catalog.pg_class JOIN pg_catalog.pg_namespace ON pg_catalog.pg_namespace.oid = pg_catalog.pg_class.relnamespace 
WHERE pg_catalog.pg_class.relname = $1::VARCHAR AND pg_catalog.pg_class.relkind = ANY (ARRAY[$2::VARCHAR, $3::VARCHAR, $4::VARCHAR, $5::VARCHAR, $6::VARCHAR]) AND pg_catalog.pg_table_is_visible(pg_catalog.pg_class.oid) AND pg_catalog.pg_namespace.nspname != $7::VARCHAR
2026-08-13 16:38:35,721 - sqlalchemy.engine.Engine - INFO - [cached since 0.01223s ago] ('embeddings', 'r', 'p', 'f', 'v', 'm', 'pg_catalog')
2026-08-13 16:38:35,722 - sqlalchemy.engine.Engine - INFO - SELECT pg_catalog.pg_class.relname 
FROM pg_catalog.pg_class JOIN pg_catalog.pg_namespace ON pg_catalog.pg_namespace.oid = pg_catalog.pg_class.relnamespace 
WHERE pg_catalog.pg_class.relname = $1::VARCHAR AND pg_catalog.pg_class.relkind = ANY (ARRAY[$2::VARCHAR, $3::VARCHAR, $4::VARCHAR, $5::VARCHAR, $6::VARCHAR]) AND pg_catalog.pg_table_is_visible(pg_catalog.pg_class.oid) AND pg_catalog.pg_namespace.nspname != $7::VARCHAR
2026-08-13 16:38:35,723 - sqlalchemy.engine.Engine - INFO - [cached since 0.01434s ago] ('conversations', 'r', 'p', 'f', 'v', 'm', 'pg_catalog')
2026-08-13 16:38:35,724 - sqlalchemy.engine.Engine - INFO - SELECT pg_catalog.pg_class.relname 
FROM pg_catalog.pg_class JOIN pg_catalog.pg_namespace ON pg_catalog.pg_namespace.oid = pg_catalog.pg_class.relnamespace 
WHERE pg_catalog.pg_class.relname = $1::VARCHAR AND pg_catalog.pg_class.relkind = ANY (ARRAY[$2::VARCHAR, $3::VARCHAR, $4::VARCHAR, $5::VARCHAR, $6::VARCHAR]) AND pg_catalog.pg_table_is_visible(pg_catalog.pg_class.oid) AND pg_catalog.pg_namespace.nspname != $7::VARCHAR
2026-08-13 16:38:35,725 - sqlalchemy.engine.Engine - INFO - [cached since 0.01631s ago] ('messages', 'r', 'p', 'f', 'v', 'm', 'pg_catalog')
2026-08-13 16:38:35,726 - sqlalchemy.engine.Engine - INFO - SELECT pg_catalog.pg_class.relname 
FROM pg_catalog.pg_class JOIN pg_catalog.pg_namespace ON pg_catalog.pg_namespace.oid = pg_catalog.pg_class.relnamespace 
WHERE pg_catalog.pg_class.relname = $1::VARCHAR AND pg_catalog.pg_class.relkind = ANY (ARRAY[$2::VARCHAR, $3::VARCHAR, $4::VARCHAR, $5::VARCHAR, $6::VARCHAR]) AND pg_catalog.pg_table_is_visible(pg_catalog.pg_class.oid) AND pg_catalog.pg_namespace.nspname != $7::VARCHAR
2026-08-13 16:38:35,726 - sqlalchemy.engine.Engine - INFO - [cached since 0.01786s ago] ('tasks', 'r', 'p', 'f', 'v', 'm', 'pg_catalog')
2026-08-13 16:38:35,728 - sqlalchemy.engine.Engine - INFO - 
CREATE TABLE workspaces (
	id UUID NOT NULL, 
	name VARCHAR(255) NOT NULL, 
	description TEXT, 
	extra_metadata JSON, 
	created_at TIMESTAMP WITHOUT TIME ZONE NOT NULL, 
	updated_at TIMESTAMP WITHOUT TIME ZONE NOT NULL, 
	PRIMARY KEY (id)
)


2026-08-13 16:38:35,729 - sqlalchemy.engine.Engine - INFO - [no key 0.00038s] ()
2026-08-13 16:38:35,742 - sqlalchemy.engine.Engine - INFO - 
CREATE TABLE datasets (
	id UUID NOT NULL, 
	workspace_id UUID NOT NULL, 
	name VARCHAR(255) NOT NULL, 
	description TEXT, 
	connector_type VARCHAR(100), 
	connector_config JSON, 
	extra_metadata JSON, 
	created_at TIMESTAMP WITHOUT TIME ZONE NOT NULL, 
	updated_at TIMESTAMP WITHOUT TIME ZONE NOT NULL, 
	PRIMARY KEY (id), 
	FOREIGN KEY(workspace_id) REFERENCES workspaces (id) ON DELETE CASCADE
)


2026-08-13 16:38:35,743 - sqlalchemy.engine.Engine - INFO - [no key 0.00044s] ()
2026-08-13 16:38:35,756 - sqlalchemy.engine.Engine - INFO - 
CREATE TABLE conversations (
	id UUID NOT NULL, 
	workspace_id UUID NOT NULL, 
	title VARCHAR(255), 
	extra_metadata JSON, 
	created_at TIMESTAMP WITHOUT TIME ZONE NOT NULL, 
	updated_at TIMESTAMP WITHOUT TIME ZONE NOT NULL, 
	PRIMARY KEY (id), 
	FOREIGN KEY(workspace_id) REFERENCES workspaces (id) ON DELETE CASCADE
)


2026-08-13 16:38:35,756 - sqlalchemy.engine.Engine - INFO - [no key 0.00043s] ()
2026-08-13 16:38:35,771 - sqlalchemy.engine.Engine - INFO - 
CREATE TABLE tasks (
	id UUID NOT NULL, 
	workspace_id UUID NOT NULL, 
	title VARCHAR(255) NOT NULL, 
	description TEXT, 
	status VARCHAR(50) NOT NULL, 
	priority VARCHAR(50) NOT NULL, 
	extra_metadata JSON, 
	created_at TIMESTAMP WITHOUT TIME ZONE NOT NULL, 
	updated_at TIMESTAMP WITHOUT TIME ZONE NOT NULL, 
	PRIMARY KEY (id), 
	FOREIGN KEY(workspace_id) REFERENCES workspaces (id) ON DELETE CASCADE
)


2026-08-13 16:38:35,771 - sqlalchemy.engine.Engine - INFO - [no key 0.00043s] ()
2026-08-13 16:38:35,789 - sqlalchemy.engine.Engine - INFO - 
CREATE TABLE documents (
	id UUID NOT NULL, 
	dataset_id UUID NOT NULL, 
	workspace_id UUID NOT NULL, 
	source VARCHAR(1024) NOT NULL, 
	filename VARCHAR(255), 
	content_type VARCHAR(100), 
	size_bytes INTEGER, 
	extra_metadata JSON, 
	status VARCHAR(50) NOT NULL, 
	created_at TIMESTAMP WITHOUT TIME ZONE NOT NULL, 
	updated_at TIMESTAMP WITHOUT TIME ZONE NOT NULL, 
	PRIMARY KEY (id), 
	FOREIGN KEY(dataset_id) REFERENCES datasets (id) ON DELETE CASCADE, 
	FOREIGN KEY(workspace_id) REFERENCES workspaces (id) ON DELETE CASCADE
)


2026-08-13 16:38:35,789 - sqlalchemy.engine.Engine - INFO - [no key 0.00058s] ()
2026-08-13 16:38:35,803 - sqlalchemy.engine.Engine - INFO - 
CREATE TABLE messages (
	id UUID NOT NULL, 
	conversation_id UUID NOT NULL, 
	role VARCHAR(50) NOT NULL, 
	content TEXT NOT NULL, 
	sources JSON, 
	extra_metadata JSON, 
	created_at TIMESTAMP WITHOUT TIME ZONE NOT NULL, 
	PRIMARY KEY (id), 
	FOREIGN KEY(conversation_id) REFERENCES conversations (id) ON DELETE CASCADE
)


2026-08-13 16:38:35,803 - sqlalchemy.engine.Engine - INFO - [no key 0.00033s] ()
2026-08-13 16:38:35,816 - sqlalchemy.engine.Engine - INFO - 
CREATE TABLE chunks (
	id UUID NOT NULL, 
	document_id UUID NOT NULL, 
	dataset_id UUID NOT NULL, 
	workspace_id UUID NOT NULL, 
	chunk_index INTEGER NOT NULL, 
	text TEXT NOT NULL, 
	extra_metadata JSON, 
	token_count INTEGER, 
	created_at TIMESTAMP WITHOUT TIME ZONE NOT NULL, 
	PRIMARY KEY (id), 
	FOREIGN KEY(document_id) REFERENCES documents (id) ON DELETE CASCADE, 
	FOREIGN KEY(dataset_id) REFERENCES datasets (id) ON DELETE CASCADE, 
	FOREIGN KEY(workspace_id) REFERENCES workspaces (id) ON DELETE CASCADE
)


2026-08-13 16:38:35,816 - sqlalchemy.engine.Engine - INFO - [no key 0.00040s] ()
2026-08-13 16:38:35,829 - sqlalchemy.engine.Engine - INFO - 
CREATE TABLE embeddings (
	id UUID NOT NULL, 
	chunk_id UUID NOT NULL, 
	workspace_id UUID NOT NULL, 
	dataset_id UUID NOT NULL, 
	model VARCHAR(255) NOT NULL, 
	dimensions INTEGER NOT NULL, 
	vector VECTOR(1024), 
	created_at TIMESTAMP WITHOUT TIME ZONE NOT NULL, 
	PRIMARY KEY (id), 
	FOREIGN KEY(chunk_id) REFERENCES chunks (id) ON DELETE CASCADE, 
	FOREIGN KEY(workspace_id) REFERENCES workspaces (id) ON DELETE CASCADE, 
	FOREIGN KEY(dataset_id) REFERENCES datasets (id) ON DELETE CASCADE
)


2026-08-13 16:38:35,829 - sqlalchemy.engine.Engine - INFO - [no key 0.00031s] ()
2026-08-13 16:38:35,842 - sqlalchemy.engine.Engine - INFO - COMMIT
2026-08-13 16:38:35,921 - sqlalchemy.engine.Engine - INFO - BEGIN (implicit)
2026-08-13 16:38:35,924 - sqlalchemy.engine.Engine - INFO - INSERT INTO workspaces (id, name, description, created_at, updated_at) VALUES ($1::UUID, $2::VARCHAR, $3::VARCHAR, $4::TIMESTAMP WITHOUT TIME ZONE, $5::TIMESTAMP WITHOUT TIME ZONE)
2026-08-13 16:38:35,925 - sqlalchemy.engine.Engine - INFO - [generated in 0.00071s] (UUID('88d69b42-41c0-4417-a8fe-7bd61bb63b33'), 'Test WS', None, datetime.datetime(2026, 8, 13, 13, 8, 35, 924569), datetime.datetime(2026, 8, 13, 13, 8, 35, 924580))
2026-08-13 16:38:35,961 - sqlalchemy.engine.Engine - INFO - INSERT INTO conversations (id, workspace_id, title, created_at, updated_at) VALUES ($1::UUID, $2::UUID, $3::VARCHAR, $4::TIMESTAMP WITHOUT TIME ZONE, $5::TIMESTAMP WITHOUT TIME ZONE)
2026-08-13 16:38:35,961 - sqlalchemy.engine.Engine - INFO - [generated in 0.00059s] (UUID('ed2d2fa5-e34f-4322-aeab-d921cd91d5b9'), UUID('88d69b42-41c0-4417-a8fe-7bd61bb63b33'), None, datetime.datetime(2026, 8, 13, 13, 8, 35, 961143), datetime.datetime(2026, 8, 13, 13, 8, 35, 961150))
2026-08-13 16:38:35,973 - sqlalchemy.engine.Engine - INFO - INSERT INTO messages (id, conversation_id, role, content, created_at) VALUES ($1::UUID, $2::UUID, $3::VARCHAR, $4::VARCHAR, $5::TIMESTAMP WITHOUT TIME ZONE)
2026-08-13 16:38:35,973 - sqlalchemy.engine.Engine - INFO - [generated in 0.00060s] (UUID('5d216401-7f85-4d9f-a9e1-6f399dc271de'), UUID('ed2d2fa5-e34f-4322-aeab-d921cd91d5b9'), 'user', 'What is RAG?', datetime.datetime(2026, 8, 13, 13, 8, 35, 972915))
2026-08-13 16:38:35,980 - sqlalchemy.engine.Engine - INFO - SELECT chunks.id, chunks.text, chunks.workspace_id, chunks.dataset_id, chunks.document_id 
FROM chunks 
WHERE chunks.id IN ($1::UUID)
2026-08-13 16:38:35,980 - sqlalchemy.engine.Engine - INFO - [generated in 0.00054s] ('ba4f79c3-f736-402c-a7aa-8e1a95f79b3c',)
2026-08-13 16:38:35,986 - sqlalchemy.engine.Engine - INFO - SELECT chunks.id, chunks.text, chunks.workspace_id, chunks.dataset_id, chunks.document_id 
FROM chunks 
WHERE chunks.workspace_id = $1::UUID AND chunks.dataset_id = $2::UUID
2026-08-13 16:38:35,986 - sqlalchemy.engine.Engine - INFO - [generated in 0.00056s] ('88d69b42-41c0-4417-a8fe-7bd61bb63b33', '85dd18cd-fe4e-4982-851e-6418f8120e48')
2026-08-13 16:38:35,990 - sqlalchemy.engine.Engine - INFO - INSERT INTO messages (id, conversation_id, role, content, sources, created_at) VALUES ($1::UUID, $2::UUID, $3::VARCHAR, $4::VARCHAR, $5::JSON, $6::TIMESTAMP WITHOUT TIME ZONE)
2026-08-13 16:38:35,990 - sqlalchemy.engine.Engine - INFO - [generated in 0.00056s] (UUID('67883e76-8ee2-4f5a-b7e9-76b3aceb862d'), UUID('ed2d2fa5-e34f-4322-aeab-d921cd91d5b9'), 'assistant', 'Mocked answer', '{"sources": []}', datetime.datetime(2026, 8, 13, 13, 8, 35, 990060))
2026-08-13 16:38:35,992 - sqlalchemy.engine.Engine - INFO - COMMIT
2026-08-13 16:38:36,060 - sqlalchemy.engine.Engine - INFO - BEGIN (implicit)
2026-08-13 16:38:36,063 - sqlalchemy.engine.Engine - INFO - SELECT messages.id, messages.conversation_id, messages.role, messages.content, messages.sources, messages.extra_metadata, messages.created_at 
FROM messages 
WHERE messages.id = $1::UUID
2026-08-13 16:38:36,063 - sqlalchemy.engine.Engine - INFO - [generated in 0.00046s] (UUID('67883e76-8ee2-4f5a-b7e9-76b3aceb862d'),)
2026-08-13 16:38:36,070 - app.api.middleware - INFO - 2bbb1781-1f61-4f97-9df1-e355491e84f0 POST /chat 200 135.75ms
2026-08-13 16:38:36,074 - sqlalchemy.engine.Engine - INFO - ROLLBACK
2026-08-13 16:38:36,149 - sqlalchemy.engine.Engine - INFO - BEGIN (implicit)
2026-08-13 16:38:36,150 - sqlalchemy.engine.Engine - INFO - TRUNCATE TABLE messages, tasks, conversations, embeddings, chunks, documents, datasets, workspaces CASCADE
2026-08-13 16:38:36,150 - sqlalchemy.engine.Engine - INFO - [generated in 0.00033s] ()
2026-08-13 16:38:36,219 - sqlalchemy.engine.Engine - INFO - COMMIT
2026-08-13 16:38:36,309 - sqlalchemy.engine.Engine - INFO - BEGIN (implicit)
2026-08-13 16:38:36,310 - sqlalchemy.engine.Engine - INFO - INSERT INTO workspaces (id, name, description, created_at, updated_at) VALUES ($1::UUID, $2::VARCHAR, $3::VARCHAR, $4::TIMESTAMP WITHOUT TIME ZONE, $5::TIMESTAMP WITHOUT TIME ZONE)
2026-08-13 16:38:36,310 - sqlalchemy.engine.Engine - INFO - [cached since 0.3862s ago] (UUID('0ba836bc-e43f-4d73-9150-172e184ee9e5'), 'Test WS', None, datetime.datetime(2026, 8, 13, 13, 8, 36, 310199), datetime.datetime(2026, 8, 13, 13, 8, 36, 310208))
2026-08-13 16:38:36,335 - sqlalchemy.engine.Engine - INFO - INSERT INTO conversations (id, workspace_id, title, created_at, updated_at) VALUES ($1::UUID, $2::UUID, $3::VARCHAR, $4::TIMESTAMP WITHOUT TIME ZONE, $5::TIMESTAMP WITHOUT TIME ZONE)
2026-08-13 16:38:36,336 - sqlalchemy.engine.Engine - INFO - [cached since 0.375s ago] (UUID('0e859eb3-94c6-4a45-9a4d-acbd84416782'), UUID('0ba836bc-e43f-4d73-9150-172e184ee9e5'), 'Test Chat', datetime.datetime(2026, 8, 13, 13, 8, 36, 335486), datetime.datetime(2026, 8, 13, 13, 8, 36, 335494))
2026-08-13 16:38:36,340 - sqlalchemy.engine.Engine - INFO - COMMIT
2026-08-13 16:38:36,404 - sqlalchemy.engine.Engine - INFO - BEGIN (implicit)
2026-08-13 16:38:36,406 - sqlalchemy.engine.Engine - INFO - SELECT conversations.id, conversations.workspace_id, conversations.title, conversations.extra_metadata, conversations.created_at, conversations.updated_at 
FROM conversations 
WHERE conversations.id = $1::UUID
2026-08-13 16:38:36,407 - sqlalchemy.engine.Engine - INFO - [generated in 0.00060s] (UUID('0e859eb3-94c6-4a45-9a4d-acbd84416782'),)
2026-08-13 16:38:36,412 - app.api.middleware - INFO - f596183a-ce36-49fe-a00b-4666a034b3ce POST /conversations 201 95.40ms
2026-08-13 16:38:36,419 - sqlalchemy.engine.Engine - INFO - SELECT conversations.id, conversations.workspace_id, conversations.title, conversations.extra_metadata, conversations.created_at, conversations.updated_at 
FROM conversations 
WHERE conversations.workspace_id = $1::UUID ORDER BY conversations.created_at DESC
2026-08-13 16:38:36,419 - sqlalchemy.engine.Engine - INFO - [generated in 0.00047s] ('0ba836bc-e43f-4d73-9150-172e184ee9e5',)
2026-08-13 16:38:36,423 - app.api.middleware - INFO - 55fc237e-1894-4837-b21f-63959f368bef GET /conversations 200 8.00ms
2026-08-13 16:38:36,426 - sqlalchemy.engine.Engine - INFO - ROLLBACK
2026-08-13 16:38:36,501 - sqlalchemy.engine.Engine - INFO - BEGIN (implicit)
2026-08-13 16:38:36,501 - sqlalchemy.engine.Engine - INFO - TRUNCATE TABLE messages, tasks, conversations, embeddings, chunks, documents, datasets, workspaces CASCADE
2026-08-13 16:38:36,502 - sqlalchemy.engine.Engine - INFO - [cached since 0.3519s ago] ()
2026-08-13 16:38:36,573 - sqlalchemy.engine.Engine - INFO - COMMIT
2026-08-13 16:38:36,671 - sqlalchemy.engine.Engine - INFO - BEGIN (implicit)
2026-08-13 16:38:36,672 - sqlalchemy.engine.Engine - INFO - TRUNCATE TABLE messages, tasks, conversations, embeddings, chunks, documents, datasets, workspaces CASCADE
2026-08-13 16:38:36,672 - sqlalchemy.engine.Engine - INFO - [cached since 0.5227s ago] ()
2026-08-13 16:38:36,742 - sqlalchemy.engine.Engine - INFO - COMMIT
2026-08-13 16:38:36,834 - sqlalchemy.engine.Engine - INFO - BEGIN (implicit)
2026-08-13 16:38:36,835 - sqlalchemy.engine.Engine - INFO - TRUNCATE TABLE messages, tasks, conversations, embeddings, chunks, documents, datasets, workspaces CASCADE
2026-08-13 16:38:36,835 - sqlalchemy.engine.Engine - INFO - [cached since 0.6852s ago] ()
2026-08-13 16:38:36,899 - sqlalchemy.engine.Engine - INFO - COMMIT
2026-08-13 16:38:37,001 - sqlalchemy.engine.Engine - INFO - BEGIN (implicit)
2026-08-13 16:38:37,002 - sqlalchemy.engine.Engine - INFO - TRUNCATE TABLE messages, tasks, conversations, embeddings, chunks, documents, datasets, workspaces CASCADE
2026-08-13 16:38:37,002 - sqlalchemy.engine.Engine - INFO - [cached since 0.8526s ago] ()
2026-08-13 16:38:37,071 - sqlalchemy.engine.Engine - INFO - COMMIT
2026-08-13 16:38:37,161 - sqlalchemy.engine.Engine - INFO - BEGIN (implicit)
2026-08-13 16:38:37,162 - sqlalchemy.engine.Engine - INFO - TRUNCATE TABLE messages, tasks, conversations, embeddings, chunks, documents, datasets, workspaces CASCADE
2026-08-13 16:38:37,162 - sqlalchemy.engine.Engine - INFO - [cached since 1.012s ago] ()
2026-08-13 16:38:37,228 - sqlalchemy.engine.Engine - INFO - COMMIT
2026-08-13 16:38:56,856 - sentence_transformers.base.model - INFO - No device provided, using cpu
2026-08-13 16:38:58,004 - sqlalchemy.engine.Engine - INFO - BEGIN (implicit)
2026-08-13 16:38:58,005 - sqlalchemy.engine.Engine - INFO - TRUNCATE TABLE messages, tasks, conversations, embeddings, chunks, documents, datasets, workspaces CASCADE
2026-08-13 16:38:58,006 - sqlalchemy.engine.Engine - INFO - [cached since 21.86s ago] ()
2026-08-13 16:38:58,081 - sqlalchemy.engine.Engine - INFO - COMMIT
2026-08-13 16:38:58,166 - sqlalchemy.engine.Engine - INFO - BEGIN (implicit)
2026-08-13 16:38:58,167 - sqlalchemy.engine.Engine - INFO - TRUNCATE TABLE messages, tasks, conversations, embeddings, chunks, documents, datasets, workspaces CASCADE
2026-08-13 16:38:58,168 - sqlalchemy.engine.Engine - INFO - [cached since 22.02s ago] ()
2026-08-13 16:38:58,230 - sqlalchemy.engine.Engine - INFO - COMMIT
2026-08-13 16:38:58,317 - sqlalchemy.engine.Engine - INFO - BEGIN (implicit)
2026-08-13 16:38:58,318 - sqlalchemy.engine.Engine - INFO - TRUNCATE TABLE messages, tasks, conversations, embeddings, chunks, documents, datasets, workspaces CASCADE
2026-08-13 16:38:58,319 - sqlalchemy.engine.Engine - INFO - [cached since 22.17s ago] ()
2026-08-13 16:38:58,389 - sqlalchemy.engine.Engine - INFO - COMMIT
2026-08-13 16:38:58,477 - sqlalchemy.engine.Engine - INFO - BEGIN (implicit)
2026-08-13 16:38:58,478 - sqlalchemy.engine.Engine - INFO - TRUNCATE TABLE messages, tasks, conversations, embeddings, chunks, documents, datasets, workspaces CASCADE
2026-08-13 16:38:58,478 - sqlalchemy.engine.Engine - INFO - [cached since 22.33s ago] ()
2026-08-13 16:38:58,547 - sqlalchemy.engine.Engine - INFO - COMMIT
2026-08-13 16:38:59,103 - sqlalchemy.engine.Engine - INFO - BEGIN (implicit)
2026-08-13 16:38:59,104 - sqlalchemy.engine.Engine - INFO - TRUNCATE TABLE messages, tasks, conversations, embeddings, chunks, documents, datasets, workspaces CASCADE
2026-08-13 16:38:59,105 - sqlalchemy.engine.Engine - INFO - [cached since 22.96s ago] ()
2026-08-13 16:38:59,184 - sqlalchemy.engine.Engine - INFO - COMMIT
2026-08-13 16:38:59,299 - sqlalchemy.engine.Engine - INFO - BEGIN (implicit)
2026-08-13 16:38:59,300 - sqlalchemy.engine.Engine - INFO - TRUNCATE TABLE messages, tasks, conversations, embeddings, chunks, documents, datasets, workspaces CASCADE
2026-08-13 16:38:59,300 - sqlalchemy.engine.Engine - INFO - [cached since 23.15s ago] ()
2026-08-13 16:38:59,367 - sqlalchemy.engine.Engine - INFO - COMMIT
2026-08-13 16:38:59,455 - sqlalchemy.engine.Engine - INFO - BEGIN (implicit)
2026-08-13 16:38:59,456 - sqlalchemy.engine.Engine - INFO - INSERT INTO workspaces (id, name, description, created_at, updated_at) VALUES ($1::UUID, $2::VARCHAR, $3::VARCHAR, $4::TIMESTAMP WITHOUT TIME ZONE, $5::TIMESTAMP WITHOUT TIME ZONE)
2026-08-13 16:38:59,456 - sqlalchemy.engine.Engine - INFO - [cached since 23.53s ago] (UUID('304ae839-7449-4a81-a04f-e67f76eb8d9f'), 'Test WS', None, datetime.datetime(2026, 8, 13, 13, 8, 59, 455994), datetime.datetime(2026, 8, 13, 13, 8, 59, 456003))
2026-08-13 16:38:59,489 - sqlalchemy.engine.Engine - INFO - INSERT INTO tasks (id, workspace_id, title, description, status, priority, extra_metadata, created_at, updated_at) VALUES ($1::UUID, $2::UUID, $3::VARCHAR, $4::VARCHAR, $5::VARCHAR, $6::VARCHAR, $7::JSON, $8::TIMESTAMP WITHOUT TIME ZONE, $9::TIMESTAMP WITHOUT TIME ZONE)
2026-08-13 16:38:59,489 - sqlalchemy.engine.Engine - INFO - [generated in 0.00111s] (UUID('473ac267-6fc3-4d8a-a019-5579840c2814'), UUID('304ae839-7449-4a81-a04f-e67f76eb8d9f'), 'Test Task', 'Test description', 'pending', 'high', 'null', datetime.datetime(2026, 8, 13, 13, 8, 59, 488940), datetime.datetime(2026, 8, 13, 13, 8, 59, 488950))
2026-08-13 16:38:59,496 - sqlalchemy.engine.Engine - INFO - COMMIT
2026-08-13 16:38:59,607 - sqlalchemy.engine.Engine - INFO - BEGIN (implicit)
2026-08-13 16:38:59,612 - sqlalchemy.engine.Engine - INFO - SELECT tasks.id, tasks.workspace_id, tasks.title, tasks.description, tasks.status, tasks.priority, tasks.extra_metadata, tasks.created_at, tasks.updated_at 
FROM tasks 
WHERE tasks.id = $1::UUID
2026-08-13 16:38:59,613 - sqlalchemy.engine.Engine - INFO - [generated in 0.00059s] (UUID('473ac267-6fc3-4d8a-a019-5579840c2814'),)
2026-08-13 16:38:59,625 - app.api.middleware - INFO - 7bc9bb71-55a4-4041-8710-32f66b70e552 POST /tasks 201 159.61ms
2026-08-13 16:38:59,638 - sqlalchemy.engine.Engine - INFO - SELECT tasks.id, tasks.workspace_id, tasks.title, tasks.description, tasks.status, tasks.priority, tasks.extra_metadata, tasks.created_at, tasks.updated_at 
FROM tasks 
WHERE tasks.workspace_id = $1::UUID ORDER BY tasks.created_at DESC
2026-08-13 16:38:59,638 - sqlalchemy.engine.Engine - INFO - [generated in 0.00060s] ('304ae839-7449-4a81-a04f-e67f76eb8d9f',)
2026-08-13 16:38:59,644 - app.api.middleware - INFO - 8391f433-c2b2-4f9b-bcc4-fea55dd1b4d2 GET /tasks 200 14.00ms
2026-08-13 16:38:59,648 - sqlalchemy.engine.Engine - INFO - ROLLBACK
2026-08-13 16:38:59,727 - sqlalchemy.engine.Engine - INFO - BEGIN (implicit)
2026-08-13 16:38:59,728 - sqlalchemy.engine.Engine - INFO - TRUNCATE TABLE messages, tasks, conversations, embeddings, chunks, documents, datasets, workspaces CASCADE
2026-08-13 16:38:59,728 - sqlalchemy.engine.Engine - INFO - [cached since 23.58s ago] ()
2026-08-13 16:38:59,798 - sqlalchemy.engine.Engine - INFO - COMMIT
2026-08-13 16:38:59,887 - sqlalchemy.engine.Engine - INFO - BEGIN (implicit)
2026-08-13 16:38:59,888 - sqlalchemy.engine.Engine - INFO - INSERT INTO workspaces (id, name, description, created_at, updated_at) VALUES ($1::UUID, $2::VARCHAR, $3::VARCHAR, $4::TIMESTAMP WITHOUT TIME ZONE, $5::TIMESTAMP WITHOUT TIME ZONE)
2026-08-13 16:38:59,888 - sqlalchemy.engine.Engine - INFO - [cached since 23.96s ago] (UUID('f68c8d8d-846a-4eff-9609-f290063675ba'), 'Test WS', None, datetime.datetime(2026, 8, 13, 13, 8, 59, 888077), datetime.datetime(2026, 8, 13, 13, 8, 59, 888084))
2026-08-13 16:38:59,902 - sqlalchemy.engine.Engine - INFO - INSERT INTO tasks (id, workspace_id, title, description, status, priority, extra_metadata, created_at, updated_at) VALUES ($1::UUID, $2::UUID, $3::VARCHAR, $4::VARCHAR, $5::VARCHAR, $6::VARCHAR, $7::JSON, $8::TIMESTAMP WITHOUT TIME ZONE, $9::TIMESTAMP WITHOUT TIME ZONE)
2026-08-13 16:38:59,903 - sqlalchemy.engine.Engine - INFO - [cached since 0.4146s ago] (UUID('0c4e426d-98d7-430e-bdce-22f111334e16'), UUID('f68c8d8d-846a-4eff-9609-f290063675ba'), 'Original Task', None, 'pending', 'medium', 'null', datetime.datetime(2026, 8, 13, 13, 8, 59, 902668), datetime.datetime(2026, 8, 13, 13, 8, 59, 902678))
2026-08-13 16:38:59,907 - sqlalchemy.engine.Engine - INFO - COMMIT
2026-08-13 16:38:59,974 - sqlalchemy.engine.Engine - INFO - BEGIN (implicit)
2026-08-13 16:38:59,975 - sqlalchemy.engine.Engine - INFO - SELECT tasks.id, tasks.workspace_id, tasks.title, tasks.description, tasks.status, tasks.priority, tasks.extra_metadata, tasks.created_at, tasks.updated_at 
FROM tasks 
WHERE tasks.id = $1::UUID
2026-08-13 16:38:59,975 - sqlalchemy.engine.Engine - INFO - [cached since 0.3629s ago] (UUID('0c4e426d-98d7-430e-bdce-22f111334e16'),)
2026-08-13 16:38:59,980 - app.api.middleware - INFO - 2ba8dffd-d07a-487e-8564-5c8ddcd76a0b POST /tasks 201 85.80ms
2026-08-13 16:38:59,990 - sqlalchemy.engine.Engine - INFO - SELECT tasks.id, tasks.workspace_id, tasks.title, tasks.description, tasks.status, tasks.priority, tasks.extra_metadata, tasks.created_at, tasks.updated_at 
FROM tasks 
WHERE tasks.id = $1::UUID
2026-08-13 16:38:59,991 - sqlalchemy.engine.Engine - INFO - [generated in 0.00045s] ('0c4e426d-98d7-430e-bdce-22f111334e16',)
2026-08-13 16:38:59,995 - sqlalchemy.engine.Engine - INFO - UPDATE tasks SET status=$1::VARCHAR, priority=$2::VARCHAR, updated_at=$3::TIMESTAMP WITHOUT TIME ZONE WHERE tasks.id = $4::UUID
2026-08-13 16:38:59,995 - sqlalchemy.engine.Engine - INFO - [generated in 0.00051s] ('completed', 'low', datetime.datetime(2026, 8, 13, 13, 8, 59, 993102), UUID('0c4e426d-98d7-430e-bdce-22f111334e16'))
2026-08-13 16:38:59,999 - sqlalchemy.engine.Engine - INFO - COMMIT
2026-08-13 16:39:00,070 - sqlalchemy.engine.Engine - INFO - BEGIN (implicit)
2026-08-13 16:39:00,071 - sqlalchemy.engine.Engine - INFO - SELECT tasks.id, tasks.workspace_id, tasks.title, tasks.description, tasks.status, tasks.priority, tasks.extra_metadata, tasks.created_at, tasks.updated_at 
FROM tasks 
WHERE tasks.id = $1::UUID
2026-08-13 16:39:00,072 - sqlalchemy.engine.Engine - INFO - [cached since 0.4595s ago] (UUID('0c4e426d-98d7-430e-bdce-22f111334e16'),)
2026-08-13 16:39:00,077 - app.api.middleware - INFO - 2113d634-5092-442f-9e80-fc976e8fc22c PATCH /tasks/0c4e426d-98d7-430e-bdce-22f111334e16 200 93.27ms
2026-08-13 16:39:00,080 - sqlalchemy.engine.Engine - INFO - ROLLBACK
2026-08-13 16:39:00,155 - sqlalchemy.engine.Engine - INFO - BEGIN (implicit)
2026-08-13 16:39:00,156 - sqlalchemy.engine.Engine - INFO - TRUNCATE TABLE messages, tasks, conversations, embeddings, chunks, documents, datasets, workspaces CASCADE
2026-08-13 16:39:00,157 - sqlalchemy.engine.Engine - INFO - [cached since 24.01s ago] ()
2026-08-13 16:39:00,219 - sqlalchemy.engine.Engine - INFO - COMMIT
2026-08-13 16:39:00,305 - sqlalchemy.engine.Engine - INFO - BEGIN (implicit)
2026-08-13 16:39:00,306 - sqlalchemy.engine.Engine - INFO - INSERT INTO workspaces (id, name, description, created_at, updated_at) VALUES ($1::UUID, $2::VARCHAR, $3::VARCHAR, $4::TIMESTAMP WITHOUT TIME ZONE, $5::TIMESTAMP WITHOUT TIME ZONE)
2026-08-13 16:39:00,306 - sqlalchemy.engine.Engine - INFO - [cached since 24.38s ago] (UUID('d7aae901-fde5-4e98-8a26-c87527bafc8d'), 'Test WS', None, datetime.datetime(2026, 8, 13, 13, 9, 0, 306575), datetime.datetime(2026, 8, 13, 13, 9, 0, 306582))
2026-08-13 16:39:00,319 - sqlalchemy.engine.Engine - INFO - INSERT INTO tasks (id, workspace_id, title, description, status, priority, extra_metadata, created_at, updated_at) VALUES ($1::UUID, $2::UUID, $3::VARCHAR, $4::VARCHAR, $5::VARCHAR, $6::VARCHAR, $7::JSON, $8::TIMESTAMP WITHOUT TIME ZONE, $9::TIMESTAMP WITHOUT TIME ZONE)
2026-08-13 16:39:00,319 - sqlalchemy.engine.Engine - INFO - [cached since 0.8313s ago] (UUID('a0f837cc-0a45-4377-91b1-a0fd62bacba8'), UUID('d7aae901-fde5-4e98-8a26-c87527bafc8d'), 'Task to delete', None, 'pending', 'medium', 'null', datetime.datetime(2026, 8, 13, 13, 9, 0, 319460), datetime.datetime(2026, 8, 13, 13, 9, 0, 319468))
2026-08-13 16:39:00,324 - sqlalchemy.engine.Engine - INFO - COMMIT
2026-08-13 16:39:00,393 - sqlalchemy.engine.Engine - INFO - BEGIN (implicit)
2026-08-13 16:39:00,394 - sqlalchemy.engine.Engine - INFO - SELECT tasks.id, tasks.workspace_id, tasks.title, tasks.description, tasks.status, tasks.priority, tasks.extra_metadata, tasks.created_at, tasks.updated_at 
FROM tasks 
WHERE tasks.id = $1::UUID
2026-08-13 16:39:00,394 - sqlalchemy.engine.Engine - INFO - [cached since 0.7821s ago] (UUID('a0f837cc-0a45-4377-91b1-a0fd62bacba8'),)
2026-08-13 16:39:00,401 - app.api.middleware - INFO - 7d1db79d-d6aa-4079-84b6-982035c0dd9f POST /tasks 201 88.75ms
2026-08-13 16:39:00,408 - sqlalchemy.engine.Engine - INFO - SELECT tasks.id, tasks.workspace_id, tasks.title, tasks.description, tasks.status, tasks.priority, tasks.extra_metadata, tasks.created_at, tasks.updated_at 
FROM tasks 
WHERE tasks.id = $1::UUID
2026-08-13 16:39:00,408 - sqlalchemy.engine.Engine - INFO - [cached since 0.4178s ago] ('a0f837cc-0a45-4377-91b1-a0fd62bacba8',)
2026-08-13 16:39:00,412 - sqlalchemy.engine.Engine - INFO - DELETE FROM tasks WHERE tasks.id = $1::UUID
2026-08-13 16:39:00,413 - sqlalchemy.engine.Engine - INFO - [generated in 0.00051s] (UUID('a0f837cc-0a45-4377-91b1-a0fd62bacba8'),)
2026-08-13 16:39:00,415 - sqlalchemy.engine.Engine - INFO - COMMIT
2026-08-13 16:39:00,423 - app.api.middleware - INFO - 0aff0e1f-5cff-4764-ac33-e2e9bec9423a DELETE /tasks/a0f837cc-0a45-4377-91b1-a0fd62bacba8 204 18.75ms
2026-08-13 16:39:00,492 - sqlalchemy.engine.Engine - INFO - BEGIN (implicit)
2026-08-13 16:39:00,492 - sqlalchemy.engine.Engine - INFO - SELECT tasks.id, tasks.workspace_id, tasks.title, tasks.description, tasks.status, tasks.priority, tasks.extra_metadata, tasks.created_at, tasks.updated_at 
FROM tasks 
WHERE tasks.id = $1::UUID
2026-08-13 16:39:00,492 - sqlalchemy.engine.Engine - INFO - [cached since 0.5022s ago] ('a0f837cc-0a45-4377-91b1-a0fd62bacba8',)
2026-08-13 16:39:00,498 - app.api.middleware - INFO - 9915ffa7-8cea-4478-b359-f03e80b95dfc GET /tasks/a0f837cc-0a45-4377-91b1-a0fd62bacba8 404 72.77ms
2026-08-13 16:39:00,502 - sqlalchemy.engine.Engine - INFO - ROLLBACK
2026-08-13 16:39:00,578 - sqlalchemy.engine.Engine - INFO - BEGIN (implicit)
2026-08-13 16:39:00,579 - sqlalchemy.engine.Engine - INFO - TRUNCATE TABLE messages, tasks, conversations, embeddings, chunks, documents, datasets, workspaces CASCADE
2026-08-13 16:39:00,579 - sqlalchemy.engine.Engine - INFO - [cached since 24.43s ago] ()
2026-08-13 16:39:00,645 - sqlalchemy.engine.Engine - INFO - COMMIT
2026-08-13 16:39:00,717 - sqlalchemy.engine.Engine - INFO - BEGIN (implicit)
2026-08-13 16:39:00,718 - sqlalchemy.engine.Engine - INFO - SELECT pg_catalog.pg_class.relname 
FROM pg_catalog.pg_class JOIN pg_catalog.pg_namespace ON pg_catalog.pg_namespace.oid = pg_catalog.pg_class.relnamespace 
WHERE pg_catalog.pg_class.relname = $1::VARCHAR AND pg_catalog.pg_class.relkind = ANY (ARRAY[$2::VARCHAR, $3::VARCHAR, $4::VARCHAR, $5::VARCHAR, $6::VARCHAR]) AND pg_catalog.pg_table_is_visible(pg_catalog.pg_class.oid) AND pg_catalog.pg_namespace.nspname != $7::VARCHAR
2026-08-13 16:39:00,718 - sqlalchemy.engine.Engine - INFO - [cached since 25.01s ago] ('workspaces', 'r', 'p', 'f', 'v', 'm', 'pg_catalog')
2026-08-13 16:39:00,728 - sqlalchemy.engine.Engine - INFO - SELECT pg_catalog.pg_class.relname 
FROM pg_catalog.pg_class JOIN pg_catalog.pg_namespace ON pg_catalog.pg_namespace.oid = pg_catalog.pg_class.relnamespace 
WHERE pg_catalog.pg_class.relname = $1::VARCHAR AND pg_catalog.pg_class.relkind = ANY (ARRAY[$2::VARCHAR, $3::VARCHAR, $4::VARCHAR, $5::VARCHAR, $6::VARCHAR]) AND pg_catalog.pg_table_is_visible(pg_catalog.pg_class.oid) AND pg_catalog.pg_namespace.nspname != $7::VARCHAR
2026-08-13 16:39:00,728 - sqlalchemy.engine.Engine - INFO - [cached since 25.02s ago] ('datasets', 'r', 'p', 'f', 'v', 'm', 'pg_catalog')
2026-08-13 16:39:00,730 - sqlalchemy.engine.Engine - INFO - SELECT pg_catalog.pg_class.relname 
FROM pg_catalog.pg_class JOIN pg_catalog.pg_namespace ON pg_catalog.pg_namespace.oid = pg_catalog.pg_class.relnamespace 
WHERE pg_catalog.pg_class.relname = $1::VARCHAR AND pg_catalog.pg_class.relkind = ANY (ARRAY[$2::VARCHAR, $3::VARCHAR, $4::VARCHAR, $5::VARCHAR, $6::VARCHAR]) AND pg_catalog.pg_table_is_visible(pg_catalog.pg_class.oid) AND pg_catalog.pg_namespace.nspname != $7::VARCHAR
2026-08-13 16:39:00,730 - sqlalchemy.engine.Engine - INFO - [cached since 25.02s ago] ('documents', 'r', 'p', 'f', 'v', 'm', 'pg_catalog')
2026-08-13 16:39:00,733 - sqlalchemy.engine.Engine - INFO - SELECT pg_catalog.pg_class.relname 
FROM pg_catalog.pg_class JOIN pg_catalog.pg_namespace ON pg_catalog.pg_namespace.oid = pg_catalog.pg_class.relnamespace 
WHERE pg_catalog.pg_class.relname = $1::VARCHAR AND pg_catalog.pg_class.relkind = ANY (ARRAY[$2::VARCHAR, $3::VARCHAR, $4::VARCHAR, $5::VARCHAR, $6::VARCHAR]) AND pg_catalog.pg_table_is_visible(pg_catalog.pg_class.oid) AND pg_catalog.pg_namespace.nspname != $7::VARCHAR
2026-08-13 16:39:00,733 - sqlalchemy.engine.Engine - INFO - [cached since 25.02s ago] ('chunks', 'r', 'p', 'f', 'v', 'm', 'pg_catalog')
2026-08-13 16:39:00,735 - sqlalchemy.engine.Engine - INFO - SELECT pg_catalog.pg_class.relname 
FROM pg_catalog.pg_class JOIN pg_catalog.pg_namespace ON pg_catalog.pg_namespace.oid = pg_catalog.pg_class.relnamespace 
WHERE pg_catalog.pg_class.relname = $1::VARCHAR AND pg_catalog.pg_class.relkind = ANY (ARRAY[$2::VARCHAR, $3::VARCHAR, $4::VARCHAR, $5::VARCHAR, $6::VARCHAR]) AND pg_catalog.pg_table_is_visible(pg_catalog.pg_class.oid) AND pg_catalog.pg_namespace.nspname != $7::VARCHAR
2026-08-13 16:39:00,736 - sqlalchemy.engine.Engine - INFO - [cached since 25.03s ago] ('embeddings', 'r', 'p', 'f', 'v', 'm', 'pg_catalog')
2026-08-13 16:39:00,738 - sqlalchemy.engine.Engine - INFO - SELECT pg_catalog.pg_class.relname 
FROM pg_catalog.pg_class JOIN pg_catalog.pg_namespace ON pg_catalog.pg_namespace.oid = pg_catalog.pg_class.relnamespace 
WHERE pg_catalog.pg_class.relname = $1::VARCHAR AND pg_catalog.pg_class.relkind = ANY (ARRAY[$2::VARCHAR, $3::VARCHAR, $4::VARCHAR, $5::VARCHAR, $6::VARCHAR]) AND pg_catalog.pg_table_is_visible(pg_catalog.pg_class.oid) AND pg_catalog.pg_namespace.nspname != $7::VARCHAR
2026-08-13 16:39:00,738 - sqlalchemy.engine.Engine - INFO - [cached since 25.03s ago] ('conversations', 'r', 'p', 'f', 'v', 'm', 'pg_catalog')
2026-08-13 16:39:00,741 - sqlalchemy.engine.Engine - INFO - SELECT pg_catalog.pg_class.relname 
FROM pg_catalog.pg_class JOIN pg_catalog.pg_namespace ON pg_catalog.pg_namespace.oid = pg_catalog.pg_class.relnamespace 
WHERE pg_catalog.pg_class.relname = $1::VARCHAR AND pg_catalog.pg_class.relkind = ANY (ARRAY[$2::VARCHAR, $3::VARCHAR, $4::VARCHAR, $5::VARCHAR, $6::VARCHAR]) AND pg_catalog.pg_table_is_visible(pg_catalog.pg_class.oid) AND pg_catalog.pg_namespace.nspname != $7::VARCHAR
2026-08-13 16:39:00,741 - sqlalchemy.engine.Engine - INFO - [cached since 25.03s ago] ('messages', 'r', 'p', 'f', 'v', 'm', 'pg_catalog')
2026-08-13 16:39:00,742 - sqlalchemy.engine.Engine - INFO - SELECT pg_catalog.pg_class.relname 
FROM pg_catalog.pg_class JOIN pg_catalog.pg_namespace ON pg_catalog.pg_namespace.oid = pg_catalog.pg_class.relnamespace 
WHERE pg_catalog.pg_class.relname = $1::VARCHAR AND pg_catalog.pg_class.relkind = ANY (ARRAY[$2::VARCHAR, $3::VARCHAR, $4::VARCHAR, $5::VARCHAR, $6::VARCHAR]) AND pg_catalog.pg_table_is_visible(pg_catalog.pg_class.oid) AND pg_catalog.pg_namespace.nspname != $7::VARCHAR
2026-08-13 16:39:00,743 - sqlalchemy.engine.Engine - INFO - [cached since 25.03s ago] ('tasks', 'r', 'p', 'f', 'v', 'm', 'pg_catalog')
2026-08-13 16:39:00,744 - sqlalchemy.engine.Engine - INFO - 
DROP TABLE embeddings
2026-08-13 16:39:00,744 - sqlalchemy.engine.Engine - INFO - [no key 0.00045s] ()
2026-08-13 16:39:00,752 - sqlalchemy.engine.Engine - INFO - 
DROP TABLE chunks
2026-08-13 16:39:00,752 - sqlalchemy.engine.Engine - INFO - [no key 0.00042s] ()
2026-08-13 16:39:00,757 - sqlalchemy.engine.Engine - INFO - 
DROP TABLE messages
2026-08-13 16:39:00,757 - sqlalchemy.engine.Engine - INFO - [no key 0.00058s] ()
2026-08-13 16:39:00,762 - sqlalchemy.engine.Engine - INFO - 
DROP TABLE documents
2026-08-13 16:39:00,763 - sqlalchemy.engine.Engine - INFO - [no key 0.00057s] ()
2026-08-13 16:39:00,768 - sqlalchemy.engine.Engine - INFO - 
DROP TABLE tasks
2026-08-13 16:39:00,768 - sqlalchemy.engine.Engine - INFO - [no key 0.00049s] ()
2026-08-13 16:39:00,772 - sqlalchemy.engine.Engine - INFO - 
DROP TABLE conversations
2026-08-13 16:39:00,772 - sqlalchemy.engine.Engine - INFO - [no key 0.00037s] ()
2026-08-13 16:39:00,776 - sqlalchemy.engine.Engine - INFO - 
DROP TABLE datasets
2026-08-13 16:39:00,777 - sqlalchemy.engine.Engine - INFO - [no key 0.00045s] ()
2026-08-13 16:39:00,779 - sqlalchemy.engine.Engine - INFO - 
DROP TABLE workspaces
2026-08-13 16:39:00,780 - sqlalchemy.engine.Engine - INFO - [no key 0.00046s] ()
2026-08-13 16:39:00,782 - sqlalchemy.engine.Engine - INFO - COMMIT
2026-08-13 16:41:32,040 - app.api.middleware - INFO - e5aec374-8aa3-45cc-8bc0-159f416bbc97 GET /health 200 3.48ms
2026-08-13 16:41:32,116 - sqlalchemy.engine.Engine - INFO - BEGIN (implicit)
2026-08-13 16:41:32,118 - sqlalchemy.engine.Engine - INFO - TRUNCATE TABLE messages, tasks, conversations, embeddings, chunks, documents, datasets, workspaces CASCADE
2026-08-13 16:41:32,118 - sqlalchemy.engine.Engine - INFO - [cached since 1.827s ago] ()
2026-08-13 16:41:32,181 - sqlalchemy.engine.Engine - INFO - COMMIT
2026-08-13 16:41:32,200 - app.api.middleware - INFO - 837f755f-37b8-4e48-a50e-0f6c9165dfa7 GET / 200 2.32ms
2026-08-13 16:41:32,274 - sqlalchemy.engine.Engine - INFO - BEGIN (implicit)
2026-08-13 16:41:32,275 - sqlalchemy.engine.Engine - INFO - TRUNCATE TABLE messages, tasks, conversations, embeddings, chunks, documents, datasets, workspaces CASCADE
2026-08-13 16:41:32,275 - sqlalchemy.engine.Engine - INFO - [cached since 1.983s ago] ()
2026-08-13 16:41:32,338 - sqlalchemy.engine.Engine - INFO - COMMIT
2026-08-13 16:41:32,358 - app.api.middleware - INFO - 2ad21fac-24ec-4912-b4d7-63f35f4522fe GET /health/ready 200 2.41ms
2026-08-13 16:41:32,556 - sqlalchemy.engine.Engine - INFO - BEGIN (implicit)
2026-08-13 16:41:32,556 - sqlalchemy.engine.Engine - INFO - TRUNCATE TABLE messages, tasks, conversations, embeddings, chunks, documents, datasets, workspaces CASCADE
2026-08-13 16:41:32,557 - sqlalchemy.engine.Engine - INFO - [cached since 2.265s ago] ()
2026-08-13 16:41:32,616 - sqlalchemy.engine.Engine - INFO - COMMIT
2026-08-13 16:41:32,637 - app.api.middleware - INFO - 96b41477-a17f-41a7-ae09-60b107423ace GET /health/ready 200 1.90ms
2026-08-13 16:41:32,719 - sqlalchemy.engine.Engine - INFO - BEGIN (implicit)
2026-08-13 16:41:32,720 - sqlalchemy.engine.Engine - INFO - TRUNCATE TABLE messages, tasks, conversations, embeddings, chunks, documents, datasets, workspaces CASCADE
2026-08-13 16:41:32,720 - sqlalchemy.engine.Engine - INFO - [cached since 2.429s ago] ()
2026-08-13 16:41:32,792 - sqlalchemy.engine.Engine - INFO - COMMIT
2026-08-13 16:41:32,814 - app.api.middleware - INFO - 2d74046b-6bee-4f17-abbf-338e43612016 GET /health/ready 200 2.13ms
2026-08-13 16:41:32,902 - sqlalchemy.engine.Engine - INFO - BEGIN (implicit)
2026-08-13 16:41:32,902 - sqlalchemy.engine.Engine - INFO - TRUNCATE TABLE messages, tasks, conversations, embeddings, chunks, documents, datasets, workspaces CASCADE
2026-08-13 16:41:32,903 - sqlalchemy.engine.Engine - INFO - [cached since 2.611s ago] ()
2026-08-13 16:41:32,975 - sqlalchemy.engine.Engine - INFO - COMMIT
2026-08-13 16:41:33,088 - sqlalchemy.engine.Engine - INFO - BEGIN (implicit)
2026-08-13 16:41:33,089 - sqlalchemy.engine.Engine - INFO - TRUNCATE TABLE messages, tasks, conversations, embeddings, chunks, documents, datasets, workspaces CASCADE
2026-08-13 16:41:33,089 - sqlalchemy.engine.Engine - INFO - [cached since 2.797s ago] ()
2026-08-13 16:41:33,156 - sqlalchemy.engine.Engine - INFO - COMMIT
2026-08-13 16:41:33,276 - sqlalchemy.engine.Engine - INFO - BEGIN (implicit)
2026-08-13 16:41:33,277 - sqlalchemy.engine.Engine - INFO - TRUNCATE TABLE messages, tasks, conversations, embeddings, chunks, documents, datasets, workspaces CASCADE
2026-08-13 16:41:33,278 - sqlalchemy.engine.Engine - INFO - [cached since 2.986s ago] ()
2026-08-13 16:41:33,346 - sqlalchemy.engine.Engine - INFO - COMMIT
2026-08-13 16:41:33,443 - sqlalchemy.engine.Engine - INFO - BEGIN (implicit)
2026-08-13 16:41:33,444 - sqlalchemy.engine.Engine - INFO - TRUNCATE TABLE messages, tasks, conversations, embeddings, chunks, documents, datasets, workspaces CASCADE
2026-08-13 16:41:33,444 - sqlalchemy.engine.Engine - INFO - [cached since 3.153s ago] ()
2026-08-13 16:41:33,511 - sqlalchemy.engine.Engine - INFO - COMMIT
2026-08-13 16:41:33,616 - sqlalchemy.engine.Engine - INFO - BEGIN (implicit)
2026-08-13 16:41:33,616 - sqlalchemy.engine.Engine - INFO - TRUNCATE TABLE messages, tasks, conversations, embeddings, chunks, documents, datasets, workspaces CASCADE
2026-08-13 16:41:33,617 - sqlalchemy.engine.Engine - INFO - [cached since 3.325s ago] ()
2026-08-13 16:41:33,681 - sqlalchemy.engine.Engine - INFO - COMMIT
2026-08-13 16:41:33,760 - sqlalchemy.engine.Engine - INFO - BEGIN (implicit)
2026-08-13 16:41:33,760 - sqlalchemy.engine.Engine - INFO - SELECT pg_catalog.pg_class.relname 
FROM pg_catalog.pg_class JOIN pg_catalog.pg_namespace ON pg_catalog.pg_namespace.oid = pg_catalog.pg_class.relnamespace 
WHERE pg_catalog.pg_class.relname = $1::VARCHAR AND pg_catalog.pg_class.relkind = ANY (ARRAY[$2::VARCHAR, $3::VARCHAR, $4::VARCHAR, $5::VARCHAR, $6::VARCHAR]) AND pg_catalog.pg_table_is_visible(pg_catalog.pg_class.oid) AND pg_catalog.pg_namespace.nspname != $7::VARCHAR
2026-08-13 16:41:33,761 - sqlalchemy.engine.Engine - INFO - [cached since 3.661s ago] ('workspaces', 'r', 'p', 'f', 'v', 'm', 'pg_catalog')
2026-08-13 16:41:33,767 - sqlalchemy.engine.Engine - INFO - SELECT pg_catalog.pg_class.relname 
FROM pg_catalog.pg_class JOIN pg_catalog.pg_namespace ON pg_catalog.pg_namespace.oid = pg_catalog.pg_class.relnamespace 
WHERE pg_catalog.pg_class.relname = $1::VARCHAR AND pg_catalog.pg_class.relkind = ANY (ARRAY[$2::VARCHAR, $3::VARCHAR, $4::VARCHAR, $5::VARCHAR, $6::VARCHAR]) AND pg_catalog.pg_table_is_visible(pg_catalog.pg_class.oid) AND pg_catalog.pg_namespace.nspname != $7::VARCHAR
2026-08-13 16:41:33,767 - sqlalchemy.engine.Engine - INFO - [cached since 3.667s ago] ('datasets', 'r', 'p', 'f', 'v', 'm', 'pg_catalog')
2026-08-13 16:41:33,769 - sqlalchemy.engine.Engine - INFO - SELECT pg_catalog.pg_class.relname 
FROM pg_catalog.pg_class JOIN pg_catalog.pg_namespace ON pg_catalog.pg_namespace.oid = pg_catalog.pg_class.relnamespace 
WHERE pg_catalog.pg_class.relname = $1::VARCHAR AND pg_catalog.pg_class.relkind = ANY (ARRAY[$2::VARCHAR, $3::VARCHAR, $4::VARCHAR, $5::VARCHAR, $6::VARCHAR]) AND pg_catalog.pg_table_is_visible(pg_catalog.pg_class.oid) AND pg_catalog.pg_namespace.nspname != $7::VARCHAR
2026-08-13 16:41:33,769 - sqlalchemy.engine.Engine - INFO - [cached since 3.669s ago] ('documents', 'r', 'p', 'f', 'v', 'm', 'pg_catalog')
2026-08-13 16:41:33,771 - sqlalchemy.engine.Engine - INFO - SELECT pg_catalog.pg_class.relname 
FROM pg_catalog.pg_class JOIN pg_catalog.pg_namespace ON pg_catalog.pg_namespace.oid = pg_catalog.pg_class.relnamespace 
WHERE pg_catalog.pg_class.relname = $1::VARCHAR AND pg_catalog.pg_class.relkind = ANY (ARRAY[$2::VARCHAR, $3::VARCHAR, $4::VARCHAR, $5::VARCHAR, $6::VARCHAR]) AND pg_catalog.pg_table_is_visible(pg_catalog.pg_class.oid) AND pg_catalog.pg_namespace.nspname != $7::VARCHAR
2026-08-13 16:41:33,771 - sqlalchemy.engine.Engine - INFO - [cached since 3.671s ago] ('chunks', 'r', 'p', 'f', 'v', 'm', 'pg_catalog')
2026-08-13 16:41:33,773 - sqlalchemy.engine.Engine - INFO - SELECT pg_catalog.pg_class.relname 
FROM pg_catalog.pg_class JOIN pg_catalog.pg_namespace ON pg_catalog.pg_namespace.oid = pg_catalog.pg_class.relnamespace 
WHERE pg_catalog.pg_class.relname = $1::VARCHAR AND pg_catalog.pg_class.relkind = ANY (ARRAY[$2::VARCHAR, $3::VARCHAR, $4::VARCHAR, $5::VARCHAR, $6::VARCHAR]) AND pg_catalog.pg_table_is_visible(pg_catalog.pg_class.oid) AND pg_catalog.pg_namespace.nspname != $7::VARCHAR
2026-08-13 16:41:33,773 - sqlalchemy.engine.Engine - INFO - [cached since 3.673s ago] ('embeddings', 'r', 'p', 'f', 'v', 'm', 'pg_catalog')
2026-08-13 16:41:33,775 - sqlalchemy.engine.Engine - INFO - SELECT pg_catalog.pg_class.relname 
FROM pg_catalog.pg_class JOIN pg_catalog.pg_namespace ON pg_catalog.pg_namespace.oid = pg_catalog.pg_class.relnamespace 
WHERE pg_catalog.pg_class.relname = $1::VARCHAR AND pg_catalog.pg_class.relkind = ANY (ARRAY[$2::VARCHAR, $3::VARCHAR, $4::VARCHAR, $5::VARCHAR, $6::VARCHAR]) AND pg_catalog.pg_table_is_visible(pg_catalog.pg_class.oid) AND pg_catalog.pg_namespace.nspname != $7::VARCHAR
2026-08-13 16:41:33,775 - sqlalchemy.engine.Engine - INFO - [cached since 3.675s ago] ('conversations', 'r', 'p', 'f', 'v', 'm', 'pg_catalog')
2026-08-13 16:41:33,777 - sqlalchemy.engine.Engine - INFO - SELECT pg_catalog.pg_class.relname 
FROM pg_catalog.pg_class JOIN pg_catalog.pg_namespace ON pg_catalog.pg_namespace.oid = pg_catalog.pg_class.relnamespace 
WHERE pg_catalog.pg_class.relname = $1::VARCHAR AND pg_catalog.pg_class.relkind = ANY (ARRAY[$2::VARCHAR, $3::VARCHAR, $4::VARCHAR, $5::VARCHAR, $6::VARCHAR]) AND pg_catalog.pg_table_is_visible(pg_catalog.pg_class.oid) AND pg_catalog.pg_namespace.nspname != $7::VARCHAR
2026-08-13 16:41:33,777 - sqlalchemy.engine.Engine - INFO - [cached since 3.677s ago] ('messages', 'r', 'p', 'f', 'v', 'm', 'pg_catalog')
2026-08-13 16:41:33,779 - sqlalchemy.engine.Engine - INFO - SELECT pg_catalog.pg_class.relname 
FROM pg_catalog.pg_class JOIN pg_catalog.pg_namespace ON pg_catalog.pg_namespace.oid = pg_catalog.pg_class.relnamespace 
WHERE pg_catalog.pg_class.relname = $1::VARCHAR AND pg_catalog.pg_class.relkind = ANY (ARRAY[$2::VARCHAR, $3::VARCHAR, $4::VARCHAR, $5::VARCHAR, $6::VARCHAR]) AND pg_catalog.pg_table_is_visible(pg_catalog.pg_class.oid) AND pg_catalog.pg_namespace.nspname != $7::VARCHAR
2026-08-13 16:41:33,779 - sqlalchemy.engine.Engine - INFO - [cached since 3.679s ago] ('tasks', 'r', 'p', 'f', 'v', 'm', 'pg_catalog')
2026-08-13 16:41:33,780 - sqlalchemy.engine.Engine - INFO - 
DROP TABLE embeddings
2026-08-13 16:41:33,781 - sqlalchemy.engine.Engine - INFO - [no key 0.00038s] ()
2026-08-13 16:41:33,785 - sqlalchemy.engine.Engine - INFO - 
DROP TABLE chunks
2026-08-13 16:41:33,785 - sqlalchemy.engine.Engine - INFO - [no key 0.00034s] ()
2026-08-13 16:41:33,789 - sqlalchemy.engine.Engine - INFO - 
DROP TABLE messages
2026-08-13 16:41:33,789 - sqlalchemy.engine.Engine - INFO - [no key 0.00037s] ()
2026-08-13 16:41:33,793 - sqlalchemy.engine.Engine - INFO - 
DROP TABLE documents
2026-08-13 16:41:33,793 - sqlalchemy.engine.Engine - INFO - [no key 0.00038s] ()
2026-08-13 16:41:33,798 - sqlalchemy.engine.Engine - INFO - 
DROP TABLE tasks
2026-08-13 16:41:33,798 - sqlalchemy.engine.Engine - INFO - [no key 0.00041s] ()
2026-08-13 16:41:33,801 - sqlalchemy.engine.Engine - INFO - 
DROP TABLE conversations
2026-08-13 16:41:33,801 - sqlalchemy.engine.Engine - INFO - [no key 0.00037s] ()
2026-08-13 16:41:33,804 - sqlalchemy.engine.Engine - INFO - 
DROP TABLE datasets
2026-08-13 16:41:33,804 - sqlalchemy.engine.Engine - INFO - [no key 0.00030s] ()
2026-08-13 16:41:33,807 - sqlalchemy.engine.Engine - INFO - 
DROP TABLE workspaces
2026-08-13 16:41:33,808 - sqlalchemy.engine.Engine - INFO - [no key 0.00043s] ()
2026-08-13 16:41:33,810 - sqlalchemy.engine.Engine - INFO - COMMIT
2026-08-13 16:43:25,683 - app.api.middleware - INFO - 090e74fe-f383-40a7-aa6b-3b65a0d518a1 GET /health 200 3.34ms
2026-08-13 16:43:25,769 - sqlalchemy.engine.Engine - INFO - BEGIN (implicit)
2026-08-13 16:43:25,770 - sqlalchemy.engine.Engine - INFO - TRUNCATE TABLE messages, tasks, conversations, embeddings, chunks, documents, datasets, workspaces CASCADE
2026-08-13 16:43:25,770 - sqlalchemy.engine.Engine - INFO - [cached since 1.833s ago] ()
2026-08-13 16:43:25,835 - sqlalchemy.engine.Engine - INFO - COMMIT
2026-08-13 16:43:25,864 - app.api.middleware - INFO - a2690218-32d1-44a2-b441-75e436f14df0 GET / 200 6.29ms
2026-08-13 16:43:25,940 - sqlalchemy.engine.Engine - INFO - BEGIN (implicit)
2026-08-13 16:43:25,941 - sqlalchemy.engine.Engine - INFO - TRUNCATE TABLE messages, tasks, conversations, embeddings, chunks, documents, datasets, workspaces CASCADE
2026-08-13 16:43:25,941 - sqlalchemy.engine.Engine - INFO - [cached since 2.004s ago] ()
2026-08-13 16:43:26,009 - sqlalchemy.engine.Engine - INFO - COMMIT
2026-08-13 16:43:26,031 - app.api.middleware - INFO - 317f2e55-28b4-4662-b5c0-3ab9fb472c2d GET /health/ready 200 2.40ms
2026-08-13 16:43:26,109 - sqlalchemy.engine.Engine - INFO - BEGIN (implicit)
2026-08-13 16:43:26,109 - sqlalchemy.engine.Engine - INFO - TRUNCATE TABLE messages, tasks, conversations, embeddings, chunks, documents, datasets, workspaces CASCADE
2026-08-13 16:43:26,110 - sqlalchemy.engine.Engine - INFO - [cached since 2.173s ago] ()
2026-08-13 16:43:26,179 - sqlalchemy.engine.Engine - INFO - COMMIT
2026-08-13 16:43:26,200 - app.api.middleware - INFO - 5c9d6bf7-058e-4652-8dfe-0266c414b7e5 GET /health/ready 503 1.62ms
2026-08-13 16:43:26,278 - sqlalchemy.engine.Engine - INFO - BEGIN (implicit)
2026-08-13 16:43:26,279 - sqlalchemy.engine.Engine - INFO - TRUNCATE TABLE messages, tasks, conversations, embeddings, chunks, documents, datasets, workspaces CASCADE
2026-08-13 16:43:26,279 - sqlalchemy.engine.Engine - INFO - [cached since 2.342s ago] ()
2026-08-13 16:43:26,348 - sqlalchemy.engine.Engine - INFO - COMMIT
2026-08-13 16:43:26,370 - app.api.middleware - INFO - 5ac1b415-a1a5-49c6-ad7b-e82ffcc3643a GET /health/ready 503 3.25ms
2026-08-13 16:43:26,564 - sqlalchemy.engine.Engine - INFO - BEGIN (implicit)
2026-08-13 16:43:26,565 - sqlalchemy.engine.Engine - INFO - TRUNCATE TABLE messages, tasks, conversations, embeddings, chunks, documents, datasets, workspaces CASCADE
2026-08-13 16:43:26,565 - sqlalchemy.engine.Engine - INFO - [cached since 2.628s ago] ()
2026-08-13 16:43:26,636 - sqlalchemy.engine.Engine - INFO - COMMIT
2026-08-13 16:43:26,749 - sqlalchemy.engine.Engine - INFO - BEGIN (implicit)
2026-08-13 16:43:26,749 - sqlalchemy.engine.Engine - INFO - TRUNCATE TABLE messages, tasks, conversations, embeddings, chunks, documents, datasets, workspaces CASCADE
2026-08-13 16:43:26,750 - sqlalchemy.engine.Engine - INFO - [cached since 2.813s ago] ()
2026-08-13 16:43:26,817 - sqlalchemy.engine.Engine - INFO - COMMIT
2026-08-13 16:43:26,907 - sqlalchemy.engine.Engine - INFO - BEGIN (implicit)
2026-08-13 16:43:26,908 - sqlalchemy.engine.Engine - INFO - TRUNCATE TABLE messages, tasks, conversations, embeddings, chunks, documents, datasets, workspaces CASCADE
2026-08-13 16:43:26,908 - sqlalchemy.engine.Engine - INFO - [cached since 2.971s ago] ()
2026-08-13 16:43:26,974 - sqlalchemy.engine.Engine - INFO - COMMIT
2026-08-13 16:43:27,055 - sqlalchemy.engine.Engine - INFO - BEGIN (implicit)
2026-08-13 16:43:27,055 - sqlalchemy.engine.Engine - INFO - TRUNCATE TABLE messages, tasks, conversations, embeddings, chunks, documents, datasets, workspaces CASCADE
2026-08-13 16:43:27,055 - sqlalchemy.engine.Engine - INFO - [cached since 3.119s ago] ()
2026-08-13 16:43:27,183 - sqlalchemy.engine.Engine - INFO - COMMIT
2026-08-13 16:43:27,269 - sqlalchemy.engine.Engine - INFO - BEGIN (implicit)
2026-08-13 16:43:27,270 - sqlalchemy.engine.Engine - INFO - TRUNCATE TABLE messages, tasks, conversations, embeddings, chunks, documents, datasets, workspaces CASCADE
2026-08-13 16:43:27,270 - sqlalchemy.engine.Engine - INFO - [cached since 3.333s ago] ()
2026-08-13 16:43:27,332 - sqlalchemy.engine.Engine - INFO - COMMIT
2026-08-13 16:43:27,408 - sqlalchemy.engine.Engine - INFO - BEGIN (implicit)
2026-08-13 16:43:27,409 - sqlalchemy.engine.Engine - INFO - SELECT pg_catalog.pg_class.relname 
FROM pg_catalog.pg_class JOIN pg_catalog.pg_namespace ON pg_catalog.pg_namespace.oid = pg_catalog.pg_class.relnamespace 
WHERE pg_catalog.pg_class.relname = $1::VARCHAR AND pg_catalog.pg_class.relkind = ANY (ARRAY[$2::VARCHAR, $3::VARCHAR, $4::VARCHAR, $5::VARCHAR, $6::VARCHAR]) AND pg_catalog.pg_table_is_visible(pg_catalog.pg_class.oid) AND pg_catalog.pg_namespace.nspname != $7::VARCHAR
2026-08-13 16:43:27,409 - sqlalchemy.engine.Engine - INFO - [cached since 3.713s ago] ('workspaces', 'r', 'p', 'f', 'v', 'm', 'pg_catalog')
2026-08-13 16:43:27,415 - sqlalchemy.engine.Engine - INFO - SELECT pg_catalog.pg_class.relname 
FROM pg_catalog.pg_class JOIN pg_catalog.pg_namespace ON pg_catalog.pg_namespace.oid = pg_catalog.pg_class.relnamespace 
WHERE pg_catalog.pg_class.relname = $1::VARCHAR AND pg_catalog.pg_class.relkind = ANY (ARRAY[$2::VARCHAR, $3::VARCHAR, $4::VARCHAR, $5::VARCHAR, $6::VARCHAR]) AND pg_catalog.pg_table_is_visible(pg_catalog.pg_class.oid) AND pg_catalog.pg_namespace.nspname != $7::VARCHAR
2026-08-13 16:43:27,415 - sqlalchemy.engine.Engine - INFO - [cached since 3.719s ago] ('datasets', 'r', 'p', 'f', 'v', 'm', 'pg_catalog')
2026-08-13 16:43:27,417 - sqlalchemy.engine.Engine - INFO - SELECT pg_catalog.pg_class.relname 
FROM pg_catalog.pg_class JOIN pg_catalog.pg_namespace ON pg_catalog.pg_namespace.oid = pg_catalog.pg_class.relnamespace 
WHERE pg_catalog.pg_class.relname = $1::VARCHAR AND pg_catalog.pg_class.relkind = ANY (ARRAY[$2::VARCHAR, $3::VARCHAR, $4::VARCHAR, $5::VARCHAR, $6::VARCHAR]) AND pg_catalog.pg_table_is_visible(pg_catalog.pg_class.oid) AND pg_catalog.pg_namespace.nspname != $7::VARCHAR
2026-08-13 16:43:27,417 - sqlalchemy.engine.Engine - INFO - [cached since 3.721s ago] ('documents', 'r', 'p', 'f', 'v', 'm', 'pg_catalog')
2026-08-13 16:43:27,419 - sqlalchemy.engine.Engine - INFO - SELECT pg_catalog.pg_class.relname 
FROM pg_catalog.pg_class JOIN pg_catalog.pg_namespace ON pg_catalog.pg_namespace.oid = pg_catalog.pg_class.relnamespace 
WHERE pg_catalog.pg_class.relname = $1::VARCHAR AND pg_catalog.pg_class.relkind = ANY (ARRAY[$2::VARCHAR, $3::VARCHAR, $4::VARCHAR, $5::VARCHAR, $6::VARCHAR]) AND pg_catalog.pg_table_is_visible(pg_catalog.pg_class.oid) AND pg_catalog.pg_namespace.nspname != $7::VARCHAR
2026-08-13 16:43:27,419 - sqlalchemy.engine.Engine - INFO - [cached since 3.723s ago] ('chunks', 'r', 'p', 'f', 'v', 'm', 'pg_catalog')
2026-08-13 16:43:27,421 - sqlalchemy.engine.Engine - INFO - SELECT pg_catalog.pg_class.relname 
FROM pg_catalog.pg_class JOIN pg_catalog.pg_namespace ON pg_catalog.pg_namespace.oid = pg_catalog.pg_class.relnamespace 
WHERE pg_catalog.pg_class.relname = $1::VARCHAR AND pg_catalog.pg_class.relkind = ANY (ARRAY[$2::VARCHAR, $3::VARCHAR, $4::VARCHAR, $5::VARCHAR, $6::VARCHAR]) AND pg_catalog.pg_table_is_visible(pg_catalog.pg_class.oid) AND pg_catalog.pg_namespace.nspname != $7::VARCHAR
2026-08-13 16:43:27,421 - sqlalchemy.engine.Engine - INFO - [cached since 3.725s ago] ('embeddings', 'r', 'p', 'f', 'v', 'm', 'pg_catalog')
2026-08-13 16:43:27,423 - sqlalchemy.engine.Engine - INFO - SELECT pg_catalog.pg_class.relname 
FROM pg_catalog.pg_class JOIN pg_catalog.pg_namespace ON pg_catalog.pg_namespace.oid = pg_catalog.pg_class.relnamespace 
WHERE pg_catalog.pg_class.relname = $1::VARCHAR AND pg_catalog.pg_class.relkind = ANY (ARRAY[$2::VARCHAR, $3::VARCHAR, $4::VARCHAR, $5::VARCHAR, $6::VARCHAR]) AND pg_catalog.pg_table_is_visible(pg_catalog.pg_class.oid) AND pg_catalog.pg_namespace.nspname != $7::VARCHAR
2026-08-13 16:43:27,424 - sqlalchemy.engine.Engine - INFO - [cached since 3.727s ago] ('conversations', 'r', 'p', 'f', 'v', 'm', 'pg_catalog')
2026-08-13 16:43:27,425 - sqlalchemy.engine.Engine - INFO - SELECT pg_catalog.pg_class.relname 
FROM pg_catalog.pg_class JOIN pg_catalog.pg_namespace ON pg_catalog.pg_namespace.oid = pg_catalog.pg_class.relnamespace 
WHERE pg_catalog.pg_class.relname = $1::VARCHAR AND pg_catalog.pg_class.relkind = ANY (ARRAY[$2::VARCHAR, $3::VARCHAR, $4::VARCHAR, $5::VARCHAR, $6::VARCHAR]) AND pg_catalog.pg_table_is_visible(pg_catalog.pg_class.oid) AND pg_catalog.pg_namespace.nspname != $7::VARCHAR
2026-08-13 16:43:27,426 - sqlalchemy.engine.Engine - INFO - [cached since 3.729s ago] ('messages', 'r', 'p', 'f', 'v', 'm', 'pg_catalog')
2026-08-13 16:43:27,427 - sqlalchemy.engine.Engine - INFO - SELECT pg_catalog.pg_class.relname 
FROM pg_catalog.pg_class JOIN pg_catalog.pg_namespace ON pg_catalog.pg_namespace.oid = pg_catalog.pg_class.relnamespace 
WHERE pg_catalog.pg_class.relname = $1::VARCHAR AND pg_catalog.pg_class.relkind = ANY (ARRAY[$2::VARCHAR, $3::VARCHAR, $4::VARCHAR, $5::VARCHAR, $6::VARCHAR]) AND pg_catalog.pg_table_is_visible(pg_catalog.pg_class.oid) AND pg_catalog.pg_namespace.nspname != $7::VARCHAR
2026-08-13 16:43:27,427 - sqlalchemy.engine.Engine - INFO - [cached since 3.731s ago] ('tasks', 'r', 'p', 'f', 'v', 'm', 'pg_catalog')
2026-08-13 16:43:27,429 - sqlalchemy.engine.Engine - INFO - 
DROP TABLE embeddings
2026-08-13 16:43:27,429 - sqlalchemy.engine.Engine - INFO - [no key 0.00029s] ()
2026-08-13 16:43:27,433 - sqlalchemy.engine.Engine - INFO - 
DROP TABLE chunks
2026-08-13 16:43:27,433 - sqlalchemy.engine.Engine - INFO - [no key 0.00044s] ()
2026-08-13 16:43:27,437 - sqlalchemy.engine.Engine - INFO - 
DROP TABLE messages
2026-08-13 16:43:27,437 - sqlalchemy.engine.Engine - INFO - [no key 0.00038s] ()
2026-08-13 16:43:27,440 - sqlalchemy.engine.Engine - INFO - 
DROP TABLE documents
2026-08-13 16:43:27,441 - sqlalchemy.engine.Engine - INFO - [no key 0.00040s] ()
2026-08-13 16:43:27,444 - sqlalchemy.engine.Engine - INFO - 
DROP TABLE tasks
2026-08-13 16:43:27,444 - sqlalchemy.engine.Engine - INFO - [no key 0.00033s] ()
2026-08-13 16:43:27,447 - sqlalchemy.engine.Engine - INFO - 
DROP TABLE conversations
2026-08-13 16:43:27,447 - sqlalchemy.engine.Engine - INFO - [no key 0.00036s] ()
2026-08-13 16:43:27,450 - sqlalchemy.engine.Engine - INFO - 
DROP TABLE datasets
2026-08-13 16:43:27,450 - sqlalchemy.engine.Engine - INFO - [no key 0.00037s] ()
2026-08-13 16:43:27,453 - sqlalchemy.engine.Engine - INFO - 
DROP TABLE workspaces
2026-08-13 16:43:27,453 - sqlalchemy.engine.Engine - INFO - [no key 0.00035s] ()
2026-08-13 16:43:27,456 - sqlalchemy.engine.Engine - INFO - COMMIT
2026-08-13 16:44:24,079 - app.api.middleware - INFO - c25ba760-beca-488c-94d4-ec9c99a9d8c1 GET /health 200 3.41ms
2026-08-13 16:44:24,164 - sqlalchemy.engine.Engine - INFO - BEGIN (implicit)
2026-08-13 16:44:24,164 - sqlalchemy.engine.Engine - INFO - TRUNCATE TABLE messages, tasks, conversations, embeddings, chunks, documents, datasets, workspaces CASCADE
2026-08-13 16:44:24,165 - sqlalchemy.engine.Engine - INFO - [cached since 1.849s ago] ()
2026-08-13 16:44:24,230 - sqlalchemy.engine.Engine - INFO - COMMIT
2026-08-13 16:44:24,251 - app.api.middleware - INFO - 49ecb7ee-82e1-4c5c-8f34-0dc0fdc9df06 GET / 200 2.40ms
2026-08-13 16:44:24,330 - sqlalchemy.engine.Engine - INFO - BEGIN (implicit)
2026-08-13 16:44:24,330 - sqlalchemy.engine.Engine - INFO - TRUNCATE TABLE messages, tasks, conversations, embeddings, chunks, documents, datasets, workspaces CASCADE
2026-08-13 16:44:24,330 - sqlalchemy.engine.Engine - INFO - [cached since 2.015s ago] ()
2026-08-13 16:44:24,396 - sqlalchemy.engine.Engine - INFO - COMMIT
2026-08-13 16:44:24,429 - app.api.middleware - INFO - 1f5244d0-6e31-43c4-97f9-efcfdf498162 GET /health/ready 200 3.85ms
2026-08-13 16:44:24,513 - sqlalchemy.engine.Engine - INFO - BEGIN (implicit)
2026-08-13 16:44:24,513 - sqlalchemy.engine.Engine - INFO - TRUNCATE TABLE messages, tasks, conversations, embeddings, chunks, documents, datasets, workspaces CASCADE
2026-08-13 16:44:24,513 - sqlalchemy.engine.Engine - INFO - [cached since 2.198s ago] ()
2026-08-13 16:44:24,573 - sqlalchemy.engine.Engine - INFO - COMMIT
2026-08-13 16:44:24,594 - app.api.middleware - INFO - 12bac37f-148b-4552-bf1f-3d9b9187f774 GET /health/ready 503 1.95ms
2026-08-13 16:44:24,678 - sqlalchemy.engine.Engine - INFO - BEGIN (implicit)
2026-08-13 16:44:24,678 - sqlalchemy.engine.Engine - INFO - TRUNCATE TABLE messages, tasks, conversations, embeddings, chunks, documents, datasets, workspaces CASCADE
2026-08-13 16:44:24,679 - sqlalchemy.engine.Engine - INFO - [cached since 2.363s ago] ()
2026-08-13 16:44:24,746 - sqlalchemy.engine.Engine - INFO - COMMIT
2026-08-13 16:44:24,774 - app.api.middleware - INFO - 4a4e4ec9-6baa-4b59-b064-7802c33e94b0 GET /health/ready 200 3.56ms
2026-08-13 16:44:25,001 - sqlalchemy.engine.Engine - INFO - BEGIN (implicit)
2026-08-13 16:44:25,002 - sqlalchemy.engine.Engine - INFO - TRUNCATE TABLE messages, tasks, conversations, embeddings, chunks, documents, datasets, workspaces CASCADE
2026-08-13 16:44:25,003 - sqlalchemy.engine.Engine - INFO - [cached since 2.687s ago] ()
2026-08-13 16:44:25,071 - sqlalchemy.engine.Engine - INFO - COMMIT
2026-08-13 16:44:25,168 - sqlalchemy.engine.Engine - INFO - BEGIN (implicit)
2026-08-13 16:44:25,169 - sqlalchemy.engine.Engine - INFO - TRUNCATE TABLE messages, tasks, conversations, embeddings, chunks, documents, datasets, workspaces CASCADE
2026-08-13 16:44:25,169 - sqlalchemy.engine.Engine - INFO - [cached since 2.853s ago] ()
2026-08-13 16:44:25,240 - sqlalchemy.engine.Engine - INFO - COMMIT
2026-08-13 16:44:25,345 - sqlalchemy.engine.Engine - INFO - BEGIN (implicit)
2026-08-13 16:44:25,346 - sqlalchemy.engine.Engine - INFO - TRUNCATE TABLE messages, tasks, conversations, embeddings, chunks, documents, datasets, workspaces CASCADE
2026-08-13 16:44:25,346 - sqlalchemy.engine.Engine - INFO - [cached since 3.031s ago] ()
2026-08-13 16:44:25,414 - sqlalchemy.engine.Engine - INFO - COMMIT
2026-08-13 16:44:25,514 - sqlalchemy.engine.Engine - INFO - BEGIN (implicit)
2026-08-13 16:44:25,515 - sqlalchemy.engine.Engine - INFO - TRUNCATE TABLE messages, tasks, conversations, embeddings, chunks, documents, datasets, workspaces CASCADE
2026-08-13 16:44:25,515 - sqlalchemy.engine.Engine - INFO - [cached since 3.199s ago] ()
2026-08-13 16:44:25,581 - sqlalchemy.engine.Engine - INFO - COMMIT
2026-08-13 16:44:25,677 - sqlalchemy.engine.Engine - INFO - BEGIN (implicit)
2026-08-13 16:44:25,678 - sqlalchemy.engine.Engine - INFO - TRUNCATE TABLE messages, tasks, conversations, embeddings, chunks, documents, datasets, workspaces CASCADE
2026-08-13 16:44:25,678 - sqlalchemy.engine.Engine - INFO - [cached since 3.363s ago] ()
2026-08-13 16:44:25,740 - sqlalchemy.engine.Engine - INFO - COMMIT
2026-08-13 16:44:25,812 - sqlalchemy.engine.Engine - INFO - BEGIN (implicit)
2026-08-13 16:44:25,813 - sqlalchemy.engine.Engine - INFO - SELECT pg_catalog.pg_class.relname 
FROM pg_catalog.pg_class JOIN pg_catalog.pg_namespace ON pg_catalog.pg_namespace.oid = pg_catalog.pg_class.relnamespace 
WHERE pg_catalog.pg_class.relname = $1::VARCHAR AND pg_catalog.pg_class.relkind = ANY (ARRAY[$2::VARCHAR, $3::VARCHAR, $4::VARCHAR, $5::VARCHAR, $6::VARCHAR]) AND pg_catalog.pg_table_is_visible(pg_catalog.pg_class.oid) AND pg_catalog.pg_namespace.nspname != $7::VARCHAR
2026-08-13 16:44:25,813 - sqlalchemy.engine.Engine - INFO - [cached since 3.754s ago] ('workspaces', 'r', 'p', 'f', 'v', 'm', 'pg_catalog')
2026-08-13 16:44:25,821 - sqlalchemy.engine.Engine - INFO - SELECT pg_catalog.pg_class.relname 
FROM pg_catalog.pg_class JOIN pg_catalog.pg_namespace ON pg_catalog.pg_namespace.oid = pg_catalog.pg_class.relnamespace 
WHERE pg_catalog.pg_class.relname = $1::VARCHAR AND pg_catalog.pg_class.relkind = ANY (ARRAY[$2::VARCHAR, $3::VARCHAR, $4::VARCHAR, $5::VARCHAR, $6::VARCHAR]) AND pg_catalog.pg_table_is_visible(pg_catalog.pg_class.oid) AND pg_catalog.pg_namespace.nspname != $7::VARCHAR
2026-08-13 16:44:25,821 - sqlalchemy.engine.Engine - INFO - [cached since 3.762s ago] ('datasets', 'r', 'p', 'f', 'v', 'm', 'pg_catalog')
2026-08-13 16:44:25,823 - sqlalchemy.engine.Engine - INFO - SELECT pg_catalog.pg_class.relname 
FROM pg_catalog.pg_class JOIN pg_catalog.pg_namespace ON pg_catalog.pg_namespace.oid = pg_catalog.pg_class.relnamespace 
WHERE pg_catalog.pg_class.relname = $1::VARCHAR AND pg_catalog.pg_class.relkind = ANY (ARRAY[$2::VARCHAR, $3::VARCHAR, $4::VARCHAR, $5::VARCHAR, $6::VARCHAR]) AND pg_catalog.pg_table_is_visible(pg_catalog.pg_class.oid) AND pg_catalog.pg_namespace.nspname != $7::VARCHAR
2026-08-13 16:44:25,824 - sqlalchemy.engine.Engine - INFO - [cached since 3.765s ago] ('documents', 'r', 'p', 'f', 'v', 'm', 'pg_catalog')
2026-08-13 16:44:25,825 - sqlalchemy.engine.Engine - INFO - SELECT pg_catalog.pg_class.relname 
FROM pg_catalog.pg_class JOIN pg_catalog.pg_namespace ON pg_catalog.pg_namespace.oid = pg_catalog.pg_class.relnamespace 
WHERE pg_catalog.pg_class.relname = $1::VARCHAR AND pg_catalog.pg_class.relkind = ANY (ARRAY[$2::VARCHAR, $3::VARCHAR, $4::VARCHAR, $5::VARCHAR, $6::VARCHAR]) AND pg_catalog.pg_table_is_visible(pg_catalog.pg_class.oid) AND pg_catalog.pg_namespace.nspname != $7::VARCHAR
2026-08-13 16:44:25,825 - sqlalchemy.engine.Engine - INFO - [cached since 3.766s ago] ('chunks', 'r', 'p', 'f', 'v', 'm', 'pg_catalog')
2026-08-13 16:44:25,827 - sqlalchemy.engine.Engine - INFO - SELECT pg_catalog.pg_class.relname 
FROM pg_catalog.pg_class JOIN pg_catalog.pg_namespace ON pg_catalog.pg_namespace.oid = pg_catalog.pg_class.relnamespace 
WHERE pg_catalog.pg_class.relname = $1::VARCHAR AND pg_catalog.pg_class.relkind = ANY (ARRAY[$2::VARCHAR, $3::VARCHAR, $4::VARCHAR, $5::VARCHAR, $6::VARCHAR]) AND pg_catalog.pg_table_is_visible(pg_catalog.pg_class.oid) AND pg_catalog.pg_namespace.nspname != $7::VARCHAR
2026-08-13 16:44:25,827 - sqlalchemy.engine.Engine - INFO - [cached since 3.769s ago] ('embeddings', 'r', 'p', 'f', 'v', 'm', 'pg_catalog')
2026-08-13 16:44:25,829 - sqlalchemy.engine.Engine - INFO - SELECT pg_catalog.pg_class.relname 
FROM pg_catalog.pg_class JOIN pg_catalog.pg_namespace ON pg_catalog.pg_namespace.oid = pg_catalog.pg_class.relnamespace 
WHERE pg_catalog.pg_class.relname = $1::VARCHAR AND pg_catalog.pg_class.relkind = ANY (ARRAY[$2::VARCHAR, $3::VARCHAR, $4::VARCHAR, $5::VARCHAR, $6::VARCHAR]) AND pg_catalog.pg_table_is_visible(pg_catalog.pg_class.oid) AND pg_catalog.pg_namespace.nspname != $7::VARCHAR
2026-08-13 16:44:25,829 - sqlalchemy.engine.Engine - INFO - [cached since 3.77s ago] ('conversations', 'r', 'p', 'f', 'v', 'm', 'pg_catalog')
2026-08-13 16:44:25,831 - sqlalchemy.engine.Engine - INFO - SELECT pg_catalog.pg_class.relname 
FROM pg_catalog.pg_class JOIN pg_catalog.pg_namespace ON pg_catalog.pg_namespace.oid = pg_catalog.pg_class.relnamespace 
WHERE pg_catalog.pg_class.relname = $1::VARCHAR AND pg_catalog.pg_class.relkind = ANY (ARRAY[$2::VARCHAR, $3::VARCHAR, $4::VARCHAR, $5::VARCHAR, $6::VARCHAR]) AND pg_catalog.pg_table_is_visible(pg_catalog.pg_class.oid) AND pg_catalog.pg_namespace.nspname != $7::VARCHAR
2026-08-13 16:44:25,832 - sqlalchemy.engine.Engine - INFO - [cached since 3.773s ago] ('messages', 'r', 'p', 'f', 'v', 'm', 'pg_catalog')
2026-08-13 16:44:25,833 - sqlalchemy.engine.Engine - INFO - SELECT pg_catalog.pg_class.relname 
FROM pg_catalog.pg_class JOIN pg_catalog.pg_namespace ON pg_catalog.pg_namespace.oid = pg_catalog.pg_class.relnamespace 
WHERE pg_catalog.pg_class.relname = $1::VARCHAR AND pg_catalog.pg_class.relkind = ANY (ARRAY[$2::VARCHAR, $3::VARCHAR, $4::VARCHAR, $5::VARCHAR, $6::VARCHAR]) AND pg_catalog.pg_table_is_visible(pg_catalog.pg_class.oid) AND pg_catalog.pg_namespace.nspname != $7::VARCHAR
2026-08-13 16:44:25,833 - sqlalchemy.engine.Engine - INFO - [cached since 3.775s ago] ('tasks', 'r', 'p', 'f', 'v', 'm', 'pg_catalog')
2026-08-13 16:44:25,835 - sqlalchemy.engine.Engine - INFO - 
DROP TABLE embeddings
2026-08-13 16:44:25,836 - sqlalchemy.engine.Engine - INFO - [no key 0.00045s] ()
2026-08-13 16:44:25,840 - sqlalchemy.engine.Engine - INFO - 
DROP TABLE chunks
2026-08-13 16:44:25,840 - sqlalchemy.engine.Engine - INFO - [no key 0.00034s] ()
2026-08-13 16:44:25,843 - sqlalchemy.engine.Engine - INFO - 
DROP TABLE messages
2026-08-13 16:44:25,844 - sqlalchemy.engine.Engine - INFO - [no key 0.00038s] ()
2026-08-13 16:44:25,846 - sqlalchemy.engine.Engine - INFO - 
DROP TABLE documents
2026-08-13 16:44:25,847 - sqlalchemy.engine.Engine - INFO - [no key 0.00043s] ()
2026-08-13 16:44:25,850 - sqlalchemy.engine.Engine - INFO - 
DROP TABLE tasks
2026-08-13 16:44:25,850 - sqlalchemy.engine.Engine - INFO - [no key 0.00033s] ()
2026-08-13 16:44:25,853 - sqlalchemy.engine.Engine - INFO - 
DROP TABLE conversations
2026-08-13 16:44:25,853 - sqlalchemy.engine.Engine - INFO - [no key 0.00036s] ()
2026-08-13 16:44:25,856 - sqlalchemy.engine.Engine - INFO - 
DROP TABLE datasets
2026-08-13 16:44:25,856 - sqlalchemy.engine.Engine - INFO - [no key 0.00034s] ()
2026-08-13 16:44:25,859 - sqlalchemy.engine.Engine - INFO - 
DROP TABLE workspaces
2026-08-13 16:44:25,859 - sqlalchemy.engine.Engine - INFO - [no key 0.00033s] ()
2026-08-13 16:44:25,862 - sqlalchemy.engine.Engine - INFO - COMMIT
2026-08-13 16:45:20,754 - app.api.middleware - INFO - 98dbea51-2863-4346-b30e-6eb4fd1d3c2b GET /health 200 3.92ms
2026-08-13 16:45:20,831 - sqlalchemy.engine.Engine - INFO - BEGIN (implicit)
2026-08-13 16:45:20,832 - sqlalchemy.engine.Engine - INFO - TRUNCATE TABLE messages, tasks, conversations, embeddings, chunks, documents, datasets, workspaces CASCADE
2026-08-13 16:45:20,832 - sqlalchemy.engine.Engine - INFO - [cached since 1.898s ago] ()
2026-08-13 16:45:20,894 - sqlalchemy.engine.Engine - INFO - COMMIT
2026-08-13 16:45:20,918 - app.api.middleware - INFO - 68389756-2784-4856-9c04-3c107e4b7715 GET / 200 2.90ms
2026-08-13 16:45:21,009 - sqlalchemy.engine.Engine - INFO - BEGIN (implicit)
2026-08-13 16:45:21,009 - sqlalchemy.engine.Engine - INFO - TRUNCATE TABLE messages, tasks, conversations, embeddings, chunks, documents, datasets, workspaces CASCADE
2026-08-13 16:45:21,010 - sqlalchemy.engine.Engine - INFO - [cached since 2.075s ago] ()
2026-08-13 16:45:21,081 - sqlalchemy.engine.Engine - INFO - COMMIT
2026-08-13 16:45:21,106 - app.api.middleware - INFO - 12874d14-0121-4ff1-ba4b-ae24d57c8bff GET /health/ready 200 2.53ms
2026-08-13 16:45:21,191 - sqlalchemy.engine.Engine - INFO - BEGIN (implicit)
2026-08-13 16:45:21,192 - sqlalchemy.engine.Engine - INFO - TRUNCATE TABLE messages, tasks, conversations, embeddings, chunks, documents, datasets, workspaces CASCADE
2026-08-13 16:45:21,192 - sqlalchemy.engine.Engine - INFO - [cached since 2.257s ago] ()
2026-08-13 16:45:21,260 - sqlalchemy.engine.Engine - INFO - COMMIT
2026-08-13 16:45:21,281 - app.api.middleware - INFO - 766ef1f3-f31f-47d3-b33c-722fe5412c7c GET /health/ready 503 1.64ms
2026-08-13 16:45:21,359 - sqlalchemy.engine.Engine - INFO - BEGIN (implicit)
2026-08-13 16:45:21,360 - sqlalchemy.engine.Engine - INFO - TRUNCATE TABLE messages, tasks, conversations, embeddings, chunks, documents, datasets, workspaces CASCADE
2026-08-13 16:45:21,360 - sqlalchemy.engine.Engine - INFO - [cached since 2.426s ago] ()
2026-08-13 16:45:21,428 - sqlalchemy.engine.Engine - INFO - COMMIT
2026-08-13 16:45:21,457 - app.api.middleware - INFO - e24dbca7-9d78-4b19-a90a-914edb65ffca GET /health/ready 200 3.07ms
2026-08-13 16:45:21,538 - sqlalchemy.engine.Engine - INFO - BEGIN (implicit)
2026-08-13 16:45:21,539 - sqlalchemy.engine.Engine - INFO - TRUNCATE TABLE messages, tasks, conversations, embeddings, chunks, documents, datasets, workspaces CASCADE
2026-08-13 16:45:21,539 - sqlalchemy.engine.Engine - INFO - [cached since 2.605s ago] ()
2026-08-13 16:45:21,609 - sqlalchemy.engine.Engine - INFO - COMMIT
2026-08-13 16:45:21,717 - sqlalchemy.engine.Engine - INFO - BEGIN (implicit)
2026-08-13 16:45:21,718 - sqlalchemy.engine.Engine - INFO - TRUNCATE TABLE messages, tasks, conversations, embeddings, chunks, documents, datasets, workspaces CASCADE
2026-08-13 16:45:21,718 - sqlalchemy.engine.Engine - INFO - [cached since 2.783s ago] ()
2026-08-13 16:45:21,783 - sqlalchemy.engine.Engine - INFO - COMMIT
2026-08-13 16:45:21,883 - sqlalchemy.engine.Engine - INFO - BEGIN (implicit)
2026-08-13 16:45:21,884 - sqlalchemy.engine.Engine - INFO - TRUNCATE TABLE messages, tasks, conversations, embeddings, chunks, documents, datasets, workspaces CASCADE
2026-08-13 16:45:21,884 - sqlalchemy.engine.Engine - INFO - [cached since 2.95s ago] ()
2026-08-13 16:45:21,953 - sqlalchemy.engine.Engine - INFO - COMMIT
2026-08-13 16:45:22,051 - sqlalchemy.engine.Engine - INFO - BEGIN (implicit)
2026-08-13 16:45:22,052 - sqlalchemy.engine.Engine - INFO - TRUNCATE TABLE messages, tasks, conversations, embeddings, chunks, documents, datasets, workspaces CASCADE
2026-08-13 16:45:22,052 - sqlalchemy.engine.Engine - INFO - [cached since 3.118s ago] ()
2026-08-13 16:45:22,120 - sqlalchemy.engine.Engine - INFO - COMMIT
2026-08-13 16:45:22,213 - sqlalchemy.engine.Engine - INFO - BEGIN (implicit)
2026-08-13 16:45:22,214 - sqlalchemy.engine.Engine - INFO - TRUNCATE TABLE messages, tasks, conversations, embeddings, chunks, documents, datasets, workspaces CASCADE
2026-08-13 16:45:22,215 - sqlalchemy.engine.Engine - INFO - [cached since 3.28s ago] ()
2026-08-13 16:45:22,283 - sqlalchemy.engine.Engine - INFO - COMMIT
2026-08-13 16:45:22,358 - sqlalchemy.engine.Engine - INFO - BEGIN (implicit)
2026-08-13 16:45:22,359 - sqlalchemy.engine.Engine - INFO - SELECT pg_catalog.pg_class.relname 
FROM pg_catalog.pg_class JOIN pg_catalog.pg_namespace ON pg_catalog.pg_namespace.oid = pg_catalog.pg_class.relnamespace 
WHERE pg_catalog.pg_class.relname = $1::VARCHAR AND pg_catalog.pg_class.relkind = ANY (ARRAY[$2::VARCHAR, $3::VARCHAR, $4::VARCHAR, $5::VARCHAR, $6::VARCHAR]) AND pg_catalog.pg_table_is_visible(pg_catalog.pg_class.oid) AND pg_catalog.pg_namespace.nspname != $7::VARCHAR
2026-08-13 16:45:22,359 - sqlalchemy.engine.Engine - INFO - [cached since 3.637s ago] ('workspaces', 'r', 'p', 'f', 'v', 'm', 'pg_catalog')
2026-08-13 16:45:22,365 - sqlalchemy.engine.Engine - INFO - SELECT pg_catalog.pg_class.relname 
FROM pg_catalog.pg_class JOIN pg_catalog.pg_namespace ON pg_catalog.pg_namespace.oid = pg_catalog.pg_class.relnamespace 
WHERE pg_catalog.pg_class.relname = $1::VARCHAR AND pg_catalog.pg_class.relkind = ANY (ARRAY[$2::VARCHAR, $3::VARCHAR, $4::VARCHAR, $5::VARCHAR, $6::VARCHAR]) AND pg_catalog.pg_table_is_visible(pg_catalog.pg_class.oid) AND pg_catalog.pg_namespace.nspname != $7::VARCHAR
2026-08-13 16:45:22,365 - sqlalchemy.engine.Engine - INFO - [cached since 3.643s ago] ('datasets', 'r', 'p', 'f', 'v', 'm', 'pg_catalog')
2026-08-13 16:45:22,367 - sqlalchemy.engine.Engine - INFO - SELECT pg_catalog.pg_class.relname 
FROM pg_catalog.pg_class JOIN pg_catalog.pg_namespace ON pg_catalog.pg_namespace.oid = pg_catalog.pg_class.relnamespace 
WHERE pg_catalog.pg_class.relname = $1::VARCHAR AND pg_catalog.pg_class.relkind = ANY (ARRAY[$2::VARCHAR, $3::VARCHAR, $4::VARCHAR, $5::VARCHAR, $6::VARCHAR]) AND pg_catalog.pg_table_is_visible(pg_catalog.pg_class.oid) AND pg_catalog.pg_namespace.nspname != $7::VARCHAR
2026-08-13 16:45:22,367 - sqlalchemy.engine.Engine - INFO - [cached since 3.646s ago] ('documents', 'r', 'p', 'f', 'v', 'm', 'pg_catalog')
2026-08-13 16:45:22,369 - sqlalchemy.engine.Engine - INFO - SELECT pg_catalog.pg_class.relname 
FROM pg_catalog.pg_class JOIN pg_catalog.pg_namespace ON pg_catalog.pg_namespace.oid = pg_catalog.pg_class.relnamespace 
WHERE pg_catalog.pg_class.relname = $1::VARCHAR AND pg_catalog.pg_class.relkind = ANY (ARRAY[$2::VARCHAR, $3::VARCHAR, $4::VARCHAR, $5::VARCHAR, $6::VARCHAR]) AND pg_catalog.pg_table_is_visible(pg_catalog.pg_class.oid) AND pg_catalog.pg_namespace.nspname != $7::VARCHAR
2026-08-13 16:45:22,369 - sqlalchemy.engine.Engine - INFO - [cached since 3.648s ago] ('chunks', 'r', 'p', 'f', 'v', 'm', 'pg_catalog')
2026-08-13 16:45:22,371 - sqlalchemy.engine.Engine - INFO - SELECT pg_catalog.pg_class.relname 
FROM pg_catalog.pg_class JOIN pg_catalog.pg_namespace ON pg_catalog.pg_namespace.oid = pg_catalog.pg_class.relnamespace 
WHERE pg_catalog.pg_class.relname = $1::VARCHAR AND pg_catalog.pg_class.relkind = ANY (ARRAY[$2::VARCHAR, $3::VARCHAR, $4::VARCHAR, $5::VARCHAR, $6::VARCHAR]) AND pg_catalog.pg_table_is_visible(pg_catalog.pg_class.oid) AND pg_catalog.pg_namespace.nspname != $7::VARCHAR
2026-08-13 16:45:22,371 - sqlalchemy.engine.Engine - INFO - [cached since 3.65s ago] ('embeddings', 'r', 'p', 'f', 'v', 'm', 'pg_catalog')
2026-08-13 16:45:22,373 - sqlalchemy.engine.Engine - INFO - SELECT pg_catalog.pg_class.relname 
FROM pg_catalog.pg_class JOIN pg_catalog.pg_namespace ON pg_catalog.pg_namespace.oid = pg_catalog.pg_class.relnamespace 
WHERE pg_catalog.pg_class.relname = $1::VARCHAR AND pg_catalog.pg_class.relkind = ANY (ARRAY[$2::VARCHAR, $3::VARCHAR, $4::VARCHAR, $5::VARCHAR, $6::VARCHAR]) AND pg_catalog.pg_table_is_visible(pg_catalog.pg_class.oid) AND pg_catalog.pg_namespace.nspname != $7::VARCHAR
2026-08-13 16:45:22,373 - sqlalchemy.engine.Engine - INFO - [cached since 3.652s ago] ('conversations', 'r', 'p', 'f', 'v', 'm', 'pg_catalog')
2026-08-13 16:45:22,375 - sqlalchemy.engine.Engine - INFO - SELECT pg_catalog.pg_class.relname 
FROM pg_catalog.pg_class JOIN pg_catalog.pg_namespace ON pg_catalog.pg_namespace.oid = pg_catalog.pg_class.relnamespace 
WHERE pg_catalog.pg_class.relname = $1::VARCHAR AND pg_catalog.pg_class.relkind = ANY (ARRAY[$2::VARCHAR, $3::VARCHAR, $4::VARCHAR, $5::VARCHAR, $6::VARCHAR]) AND pg_catalog.pg_table_is_visible(pg_catalog.pg_class.oid) AND pg_catalog.pg_namespace.nspname != $7::VARCHAR
2026-08-13 16:45:22,376 - sqlalchemy.engine.Engine - INFO - [cached since 3.654s ago] ('messages', 'r', 'p', 'f', 'v', 'm', 'pg_catalog')
2026-08-13 16:45:22,377 - sqlalchemy.engine.Engine - INFO - SELECT pg_catalog.pg_class.relname 
FROM pg_catalog.pg_class JOIN pg_catalog.pg_namespace ON pg_catalog.pg_namespace.oid = pg_catalog.pg_class.relnamespace 
WHERE pg_catalog.pg_class.relname = $1::VARCHAR AND pg_catalog.pg_class.relkind = ANY (ARRAY[$2::VARCHAR, $3::VARCHAR, $4::VARCHAR, $5::VARCHAR, $6::VARCHAR]) AND pg_catalog.pg_table_is_visible(pg_catalog.pg_class.oid) AND pg_catalog.pg_namespace.nspname != $7::VARCHAR
2026-08-13 16:45:22,377 - sqlalchemy.engine.Engine - INFO - [cached since 3.656s ago] ('tasks', 'r', 'p', 'f', 'v', 'm', 'pg_catalog')
2026-08-13 16:45:22,379 - sqlalchemy.engine.Engine - INFO - 
DROP TABLE embeddings
2026-08-13 16:45:22,379 - sqlalchemy.engine.Engine - INFO - [no key 0.00035s] ()
2026-08-13 16:45:22,383 - sqlalchemy.engine.Engine - INFO - 
DROP TABLE chunks
2026-08-13 16:45:22,383 - sqlalchemy.engine.Engine - INFO - [no key 0.00038s] ()
2026-08-13 16:45:22,387 - sqlalchemy.engine.Engine - INFO - 
DROP TABLE messages
2026-08-13 16:45:22,387 - sqlalchemy.engine.Engine - INFO - [no key 0.00042s] ()
2026-08-13 16:45:22,391 - sqlalchemy.engine.Engine - INFO - 
DROP TABLE documents
2026-08-13 16:45:22,391 - sqlalchemy.engine.Engine - INFO - [no key 0.00036s] ()
2026-08-13 16:45:22,394 - sqlalchemy.engine.Engine - INFO - 
DROP TABLE tasks
2026-08-13 16:45:22,395 - sqlalchemy.engine.Engine - INFO - [no key 0.00041s] ()
2026-08-13 16:45:22,398 - sqlalchemy.engine.Engine - INFO - 
DROP TABLE conversations
2026-08-13 16:45:22,398 - sqlalchemy.engine.Engine - INFO - [no key 0.00033s] ()
2026-08-13 16:45:22,401 - sqlalchemy.engine.Engine - INFO - 
DROP TABLE datasets
2026-08-13 16:45:22,401 - sqlalchemy.engine.Engine - INFO - [no key 0.00049s] ()
2026-08-13 16:45:22,404 - sqlalchemy.engine.Engine - INFO - 
DROP TABLE workspaces
2026-08-13 16:45:22,404 - sqlalchemy.engine.Engine - INFO - [no key 0.00038s] ()
2026-08-13 16:45:22,407 - sqlalchemy.engine.Engine - INFO - COMMIT
2026-08-13 16:45:52,538 - sqlalchemy.engine.Engine - INFO - select pg_catalog.version()
2026-08-13 16:45:52,539 - sqlalchemy.engine.Engine - INFO - [raw sql] ()
2026-08-13 16:45:52,543 - sqlalchemy.engine.Engine - INFO - select current_schema()
2026-08-13 16:45:52,544 - sqlalchemy.engine.Engine - INFO - [raw sql] ()
2026-08-13 16:45:52,547 - sqlalchemy.engine.Engine - INFO - show standard_conforming_strings
2026-08-13 16:45:52,548 - sqlalchemy.engine.Engine - INFO - [raw sql] ()
2026-08-13 16:45:52,550 - sqlalchemy.engine.Engine - INFO - BEGIN (implicit)
2026-08-13 16:45:52,551 - sqlalchemy.engine.Engine - INFO - CREATE EXTENSION IF NOT EXISTS vector
2026-08-13 16:45:52,552 - sqlalchemy.engine.Engine - INFO - [generated in 0.00044s] ()
2026-08-13 16:45:52,560 - sqlalchemy.engine.Engine - INFO - SELECT pg_catalog.pg_class.relname 
FROM pg_catalog.pg_class JOIN pg_catalog.pg_namespace ON pg_catalog.pg_namespace.oid = pg_catalog.pg_class.relnamespace 
WHERE pg_catalog.pg_class.relname = $1::VARCHAR AND pg_catalog.pg_class.relkind = ANY (ARRAY[$2::VARCHAR, $3::VARCHAR, $4::VARCHAR, $5::VARCHAR, $6::VARCHAR]) AND pg_catalog.pg_table_is_visible(pg_catalog.pg_class.oid) AND pg_catalog.pg_namespace.nspname != $7::VARCHAR
2026-08-13 16:45:52,561 - sqlalchemy.engine.Engine - INFO - [generated in 0.00058s] ('workspaces', 'r', 'p', 'f', 'v', 'm', 'pg_catalog')
2026-08-13 16:45:52,569 - sqlalchemy.engine.Engine - INFO - SELECT pg_catalog.pg_class.relname 
FROM pg_catalog.pg_class JOIN pg_catalog.pg_namespace ON pg_catalog.pg_namespace.oid = pg_catalog.pg_class.relnamespace 
WHERE pg_catalog.pg_class.relname = $1::VARCHAR AND pg_catalog.pg_class.relkind = ANY (ARRAY[$2::VARCHAR, $3::VARCHAR, $4::VARCHAR, $5::VARCHAR, $6::VARCHAR]) AND pg_catalog.pg_table_is_visible(pg_catalog.pg_class.oid) AND pg_catalog.pg_namespace.nspname != $7::VARCHAR
2026-08-13 16:45:52,569 - sqlalchemy.engine.Engine - INFO - [cached since 0.00935s ago] ('datasets', 'r', 'p', 'f', 'v', 'm', 'pg_catalog')
2026-08-13 16:45:52,571 - sqlalchemy.engine.Engine - INFO - SELECT pg_catalog.pg_class.relname 
FROM pg_catalog.pg_class JOIN pg_catalog.pg_namespace ON pg_catalog.pg_namespace.oid = pg_catalog.pg_class.relnamespace 
WHERE pg_catalog.pg_class.relname = $1::VARCHAR AND pg_catalog.pg_class.relkind = ANY (ARRAY[$2::VARCHAR, $3::VARCHAR, $4::VARCHAR, $5::VARCHAR, $6::VARCHAR]) AND pg_catalog.pg_table_is_visible(pg_catalog.pg_class.oid) AND pg_catalog.pg_namespace.nspname != $7::VARCHAR
2026-08-13 16:45:52,571 - sqlalchemy.engine.Engine - INFO - [cached since 0.01145s ago] ('documents', 'r', 'p', 'f', 'v', 'm', 'pg_catalog')
2026-08-13 16:45:52,573 - sqlalchemy.engine.Engine - INFO - SELECT pg_catalog.pg_class.relname 
FROM pg_catalog.pg_class JOIN pg_catalog.pg_namespace ON pg_catalog.pg_namespace.oid = pg_catalog.pg_class.relnamespace 
WHERE pg_catalog.pg_class.relname = $1::VARCHAR AND pg_catalog.pg_class.relkind = ANY (ARRAY[$2::VARCHAR, $3::VARCHAR, $4::VARCHAR, $5::VARCHAR, $6::VARCHAR]) AND pg_catalog.pg_table_is_visible(pg_catalog.pg_class.oid) AND pg_catalog.pg_namespace.nspname != $7::VARCHAR
2026-08-13 16:45:52,573 - sqlalchemy.engine.Engine - INFO - [cached since 0.01339s ago] ('chunks', 'r', 'p', 'f', 'v', 'm', 'pg_catalog')
2026-08-13 16:45:52,575 - sqlalchemy.engine.Engine - INFO - SELECT pg_catalog.pg_class.relname 
FROM pg_catalog.pg_class JOIN pg_catalog.pg_namespace ON pg_catalog.pg_namespace.oid = pg_catalog.pg_class.relnamespace 
WHERE pg_catalog.pg_class.relname = $1::VARCHAR AND pg_catalog.pg_class.relkind = ANY (ARRAY[$2::VARCHAR, $3::VARCHAR, $4::VARCHAR, $5::VARCHAR, $6::VARCHAR]) AND pg_catalog.pg_table_is_visible(pg_catalog.pg_class.oid) AND pg_catalog.pg_namespace.nspname != $7::VARCHAR
2026-08-13 16:45:52,576 - sqlalchemy.engine.Engine - INFO - [cached since 0.01575s ago] ('embeddings', 'r', 'p', 'f', 'v', 'm', 'pg_catalog')
2026-08-13 16:45:52,578 - sqlalchemy.engine.Engine - INFO - SELECT pg_catalog.pg_class.relname 
FROM pg_catalog.pg_class JOIN pg_catalog.pg_namespace ON pg_catalog.pg_namespace.oid = pg_catalog.pg_class.relnamespace 
WHERE pg_catalog.pg_class.relname = $1::VARCHAR AND pg_catalog.pg_class.relkind = ANY (ARRAY[$2::VARCHAR, $3::VARCHAR, $4::VARCHAR, $5::VARCHAR, $6::VARCHAR]) AND pg_catalog.pg_table_is_visible(pg_catalog.pg_class.oid) AND pg_catalog.pg_namespace.nspname != $7::VARCHAR
2026-08-13 16:45:52,578 - sqlalchemy.engine.Engine - INFO - [cached since 0.01797s ago] ('conversations', 'r', 'p', 'f', 'v', 'm', 'pg_catalog')
2026-08-13 16:45:52,580 - sqlalchemy.engine.Engine - INFO - SELECT pg_catalog.pg_class.relname 
FROM pg_catalog.pg_class JOIN pg_catalog.pg_namespace ON pg_catalog.pg_namespace.oid = pg_catalog.pg_class.relnamespace 
WHERE pg_catalog.pg_class.relname = $1::VARCHAR AND pg_catalog.pg_class.relkind = ANY (ARRAY[$2::VARCHAR, $3::VARCHAR, $4::VARCHAR, $5::VARCHAR, $6::VARCHAR]) AND pg_catalog.pg_table_is_visible(pg_catalog.pg_class.oid) AND pg_catalog.pg_namespace.nspname != $7::VARCHAR
2026-08-13 16:45:52,581 - sqlalchemy.engine.Engine - INFO - [cached since 0.02051s ago] ('messages', 'r', 'p', 'f', 'v', 'm', 'pg_catalog')
2026-08-13 16:45:52,582 - sqlalchemy.engine.Engine - INFO - SELECT pg_catalog.pg_class.relname 
FROM pg_catalog.pg_class JOIN pg_catalog.pg_namespace ON pg_catalog.pg_namespace.oid = pg_catalog.pg_class.relnamespace 
WHERE pg_catalog.pg_class.relname = $1::VARCHAR AND pg_catalog.pg_class.relkind = ANY (ARRAY[$2::VARCHAR, $3::VARCHAR, $4::VARCHAR, $5::VARCHAR, $6::VARCHAR]) AND pg_catalog.pg_table_is_visible(pg_catalog.pg_class.oid) AND pg_catalog.pg_namespace.nspname != $7::VARCHAR
2026-08-13 16:45:52,583 - sqlalchemy.engine.Engine - INFO - [cached since 0.02251s ago] ('tasks', 'r', 'p', 'f', 'v', 'm', 'pg_catalog')
2026-08-13 16:45:52,586 - sqlalchemy.engine.Engine - INFO - 
CREATE TABLE workspaces (
	id UUID NOT NULL, 
	name VARCHAR(255) NOT NULL, 
	description TEXT, 
	extra_metadata JSON, 
	created_at TIMESTAMP WITHOUT TIME ZONE NOT NULL, 
	updated_at TIMESTAMP WITHOUT TIME ZONE NOT NULL, 
	PRIMARY KEY (id)
)


2026-08-13 16:45:52,586 - sqlalchemy.engine.Engine - INFO - [no key 0.00047s] ()
2026-08-13 16:45:52,601 - sqlalchemy.engine.Engine - INFO - 
CREATE TABLE datasets (
	id UUID NOT NULL, 
	workspace_id UUID NOT NULL, 
	name VARCHAR(255) NOT NULL, 
	description TEXT, 
	connector_type VARCHAR(100), 
	connector_config JSON, 
	extra_metadata JSON, 
	created_at TIMESTAMP WITHOUT TIME ZONE NOT NULL, 
	updated_at TIMESTAMP WITHOUT TIME ZONE NOT NULL, 
	PRIMARY KEY (id), 
	FOREIGN KEY(workspace_id) REFERENCES workspaces (id) ON DELETE CASCADE
)


2026-08-13 16:45:52,601 - sqlalchemy.engine.Engine - INFO - [no key 0.00038s] ()
2026-08-13 16:45:52,613 - sqlalchemy.engine.Engine - INFO - 
CREATE TABLE conversations (
	id UUID NOT NULL, 
	workspace_id UUID NOT NULL, 
	title VARCHAR(255), 
	extra_metadata JSON, 
	created_at TIMESTAMP WITHOUT TIME ZONE NOT NULL, 
	updated_at TIMESTAMP WITHOUT TIME ZONE NOT NULL, 
	PRIMARY KEY (id), 
	FOREIGN KEY(workspace_id) REFERENCES workspaces (id) ON DELETE CASCADE
)


2026-08-13 16:45:52,614 - sqlalchemy.engine.Engine - INFO - [no key 0.00049s] ()
2026-08-13 16:45:52,627 - sqlalchemy.engine.Engine - INFO - 
CREATE TABLE tasks (
	id UUID NOT NULL, 
	workspace_id UUID NOT NULL, 
	title VARCHAR(255) NOT NULL, 
	description TEXT, 
	status VARCHAR(50) NOT NULL, 
	priority VARCHAR(50) NOT NULL, 
	extra_metadata JSON, 
	created_at TIMESTAMP WITHOUT TIME ZONE NOT NULL, 
	updated_at TIMESTAMP WITHOUT TIME ZONE NOT NULL, 
	PRIMARY KEY (id), 
	FOREIGN KEY(workspace_id) REFERENCES workspaces (id) ON DELETE CASCADE
)


2026-08-13 16:45:52,627 - sqlalchemy.engine.Engine - INFO - [no key 0.00038s] ()
2026-08-13 16:45:52,642 - sqlalchemy.engine.Engine - INFO - 
CREATE TABLE documents (
	id UUID NOT NULL, 
	dataset_id UUID NOT NULL, 
	workspace_id UUID NOT NULL, 
	source VARCHAR(1024) NOT NULL, 
	filename VARCHAR(255), 
	content_type VARCHAR(100), 
	size_bytes INTEGER, 
	extra_metadata JSON, 
	status VARCHAR(50) NOT NULL, 
	created_at TIMESTAMP WITHOUT TIME ZONE NOT NULL, 
	updated_at TIMESTAMP WITHOUT TIME ZONE NOT NULL, 
	PRIMARY KEY (id), 
	FOREIGN KEY(dataset_id) REFERENCES datasets (id) ON DELETE CASCADE, 
	FOREIGN KEY(workspace_id) REFERENCES workspaces (id) ON DELETE CASCADE
)


2026-08-13 16:45:52,642 - sqlalchemy.engine.Engine - INFO - [no key 0.00037s] ()
2026-08-13 16:45:52,658 - sqlalchemy.engine.Engine - INFO - 
CREATE TABLE messages (
	id UUID NOT NULL, 
	conversation_id UUID NOT NULL, 
	role VARCHAR(50) NOT NULL, 
	content TEXT NOT NULL, 
	sources JSON, 
	extra_metadata JSON, 
	created_at TIMESTAMP WITHOUT TIME ZONE NOT NULL, 
	PRIMARY KEY (id), 
	FOREIGN KEY(conversation_id) REFERENCES conversations (id) ON DELETE CASCADE
)


2026-08-13 16:45:52,658 - sqlalchemy.engine.Engine - INFO - [no key 0.00033s] ()
2026-08-13 16:45:52,670 - sqlalchemy.engine.Engine - INFO - 
CREATE TABLE chunks (
	id UUID NOT NULL, 
	document_id UUID NOT NULL, 
	dataset_id UUID NOT NULL, 
	workspace_id UUID NOT NULL, 
	chunk_index INTEGER NOT NULL, 
	text TEXT NOT NULL, 
	extra_metadata JSON, 
	token_count INTEGER, 
	created_at TIMESTAMP WITHOUT TIME ZONE NOT NULL, 
	PRIMARY KEY (id), 
	FOREIGN KEY(document_id) REFERENCES documents (id) ON DELETE CASCADE, 
	FOREIGN KEY(dataset_id) REFERENCES datasets (id) ON DELETE CASCADE, 
	FOREIGN KEY(workspace_id) REFERENCES workspaces (id) ON DELETE CASCADE
)


2026-08-13 16:45:52,670 - sqlalchemy.engine.Engine - INFO - [no key 0.00033s] ()
2026-08-13 16:45:52,684 - sqlalchemy.engine.Engine - INFO - 
CREATE TABLE embeddings (
	id UUID NOT NULL, 
	chunk_id UUID NOT NULL, 
	workspace_id UUID NOT NULL, 
	dataset_id UUID NOT NULL, 
	model VARCHAR(255) NOT NULL, 
	dimensions INTEGER NOT NULL, 
	vector VECTOR(1024), 
	created_at TIMESTAMP WITHOUT TIME ZONE NOT NULL, 
	PRIMARY KEY (id), 
	FOREIGN KEY(chunk_id) REFERENCES chunks (id) ON DELETE CASCADE, 
	FOREIGN KEY(workspace_id) REFERENCES workspaces (id) ON DELETE CASCADE, 
	FOREIGN KEY(dataset_id) REFERENCES datasets (id) ON DELETE CASCADE
)


2026-08-13 16:45:52,684 - sqlalchemy.engine.Engine - INFO - [no key 0.00054s] ()
2026-08-13 16:45:52,697 - sqlalchemy.engine.Engine - INFO - COMMIT
2026-08-13 16:45:52,790 - sqlalchemy.engine.Engine - INFO - BEGIN (implicit)
2026-08-13 16:45:52,793 - sqlalchemy.engine.Engine - INFO - INSERT INTO workspaces (id, name, description, created_at, updated_at) VALUES ($1::UUID, $2::VARCHAR, $3::VARCHAR, $4::TIMESTAMP WITHOUT TIME ZONE, $5::TIMESTAMP WITHOUT TIME ZONE)
2026-08-13 16:45:52,793 - sqlalchemy.engine.Engine - INFO - [generated in 0.00059s] (UUID('2cc7fdbd-d748-414b-86c4-39f766dfa357'), 'Test WS', None, datetime.datetime(2026, 8, 13, 13, 15, 52, 793303), datetime.datetime(2026, 8, 13, 13, 15, 52, 793312))
2026-08-13 16:45:52,832 - sqlalchemy.engine.Engine - INFO - INSERT INTO conversations (id, workspace_id, title, created_at, updated_at) VALUES ($1::UUID, $2::UUID, $3::VARCHAR, $4::TIMESTAMP WITHOUT TIME ZONE, $5::TIMESTAMP WITHOUT TIME ZONE)
2026-08-13 16:45:52,833 - sqlalchemy.engine.Engine - INFO - [generated in 0.00069s] (UUID('ba649ce7-8eaf-403c-bbfd-ab77221f752a'), UUID('2cc7fdbd-d748-414b-86c4-39f766dfa357'), None, datetime.datetime(2026, 8, 13, 13, 15, 52, 832699), datetime.datetime(2026, 8, 13, 13, 15, 52, 832707))
2026-08-13 16:45:52,839 - sqlalchemy.engine.Engine - INFO - INSERT INTO messages (id, conversation_id, role, content, created_at) VALUES ($1::UUID, $2::UUID, $3::VARCHAR, $4::VARCHAR, $5::TIMESTAMP WITHOUT TIME ZONE)
2026-08-13 16:45:52,839 - sqlalchemy.engine.Engine - INFO - [generated in 0.00052s] (UUID('6760b611-925f-4760-b7f3-a64be30e2fe8'), UUID('ba649ce7-8eaf-403c-bbfd-ab77221f752a'), 'user', 'What is RAG?', datetime.datetime(2026, 8, 13, 13, 15, 52, 839055))
2026-08-13 16:45:52,846 - sqlalchemy.engine.Engine - INFO - SELECT chunks.id, chunks.text, chunks.workspace_id, chunks.dataset_id, chunks.document_id 
FROM chunks 
WHERE chunks.id IN ($1::UUID)
2026-08-13 16:45:52,846 - sqlalchemy.engine.Engine - INFO - [generated in 0.00073s] ('1cfe46d2-7730-492c-baed-dafedf34d979',)
2026-08-13 16:45:52,850 - sqlalchemy.engine.Engine - INFO - SELECT chunks.id, chunks.text, chunks.workspace_id, chunks.dataset_id, chunks.document_id 
FROM chunks 
WHERE chunks.workspace_id = $1::UUID AND chunks.dataset_id = $2::UUID
2026-08-13 16:45:52,851 - sqlalchemy.engine.Engine - INFO - [generated in 0.00064s] ('2cc7fdbd-d748-414b-86c4-39f766dfa357', '1bfbdb03-bd55-4dde-89c5-c9560314dd88')
2026-08-13 16:45:52,855 - sqlalchemy.engine.Engine - INFO - INSERT INTO messages (id, conversation_id, role, content, sources, created_at) VALUES ($1::UUID, $2::UUID, $3::VARCHAR, $4::VARCHAR, $5::JSON, $6::TIMESTAMP WITHOUT TIME ZONE)
2026-08-13 16:45:52,855 - sqlalchemy.engine.Engine - INFO - [generated in 0.00054s] (UUID('6f3da2c5-9baa-4b87-b754-11b33e02c54d'), UUID('ba649ce7-8eaf-403c-bbfd-ab77221f752a'), 'assistant', 'Mocked answer', '{"sources": []}', datetime.datetime(2026, 8, 13, 13, 15, 52, 855328))
2026-08-13 16:45:52,859 - sqlalchemy.engine.Engine - INFO - COMMIT
2026-08-13 16:45:52,927 - sqlalchemy.engine.Engine - INFO - BEGIN (implicit)
2026-08-13 16:45:52,930 - sqlalchemy.engine.Engine - INFO - SELECT messages.id, messages.conversation_id, messages.role, messages.content, messages.sources, messages.extra_metadata, messages.created_at 
FROM messages 
WHERE messages.id = $1::UUID
2026-08-13 16:45:52,930 - sqlalchemy.engine.Engine - INFO - [generated in 0.00045s] (UUID('6f3da2c5-9baa-4b87-b754-11b33e02c54d'),)
2026-08-13 16:45:52,936 - app.api.middleware - INFO - 84bf9f8b-b472-4c6a-9572-521187b37c8c POST /chat 200 134.08ms
2026-08-13 16:45:52,940 - sqlalchemy.engine.Engine - INFO - ROLLBACK
2026-08-13 16:45:53,016 - sqlalchemy.engine.Engine - INFO - BEGIN (implicit)
2026-08-13 16:45:53,016 - sqlalchemy.engine.Engine - INFO - TRUNCATE TABLE messages, tasks, conversations, embeddings, chunks, documents, datasets, workspaces CASCADE
2026-08-13 16:45:53,017 - sqlalchemy.engine.Engine - INFO - [generated in 0.00037s] ()
2026-08-13 16:45:53,083 - sqlalchemy.engine.Engine - INFO - COMMIT
2026-08-13 16:45:53,173 - sqlalchemy.engine.Engine - INFO - BEGIN (implicit)
2026-08-13 16:45:53,175 - sqlalchemy.engine.Engine - INFO - INSERT INTO workspaces (id, name, description, created_at, updated_at) VALUES ($1::UUID, $2::VARCHAR, $3::VARCHAR, $4::TIMESTAMP WITHOUT TIME ZONE, $5::TIMESTAMP WITHOUT TIME ZONE)
2026-08-13 16:45:53,175 - sqlalchemy.engine.Engine - INFO - [cached since 0.3824s ago] (UUID('22bcc3c0-0876-4f8e-b484-9f65efd94c8e'), 'Test WS', None, datetime.datetime(2026, 8, 13, 13, 15, 53, 175054), datetime.datetime(2026, 8, 13, 13, 15, 53, 175068))
2026-08-13 16:45:53,196 - sqlalchemy.engine.Engine - INFO - INSERT INTO conversations (id, workspace_id, title, created_at, updated_at) VALUES ($1::UUID, $2::UUID, $3::VARCHAR, $4::TIMESTAMP WITHOUT TIME ZONE, $5::TIMESTAMP WITHOUT TIME ZONE)
2026-08-13 16:45:53,197 - sqlalchemy.engine.Engine - INFO - [cached since 0.3646s ago] (UUID('afd697b1-9bae-42f6-ac2d-d06bb0468ae6'), UUID('22bcc3c0-0876-4f8e-b484-9f65efd94c8e'), 'Test Chat', datetime.datetime(2026, 8, 13, 13, 15, 53, 196639), datetime.datetime(2026, 8, 13, 13, 15, 53, 196647))
2026-08-13 16:45:53,200 - sqlalchemy.engine.Engine - INFO - COMMIT
2026-08-13 16:45:53,266 - sqlalchemy.engine.Engine - INFO - BEGIN (implicit)
2026-08-13 16:45:53,268 - sqlalchemy.engine.Engine - INFO - SELECT conversations.id, conversations.workspace_id, conversations.title, conversations.extra_metadata, conversations.created_at, conversations.updated_at 
FROM conversations 
WHERE conversations.id = $1::UUID
2026-08-13 16:45:53,268 - sqlalchemy.engine.Engine - INFO - [generated in 0.00045s] (UUID('afd697b1-9bae-42f6-ac2d-d06bb0468ae6'),)
2026-08-13 16:45:53,274 - app.api.middleware - INFO - 3ef0cf0f-9b27-45b0-8c84-1597532ee63d POST /conversations 201 92.77ms
2026-08-13 16:45:53,281 - sqlalchemy.engine.Engine - INFO - SELECT conversations.id, conversations.workspace_id, conversations.title, conversations.extra_metadata, conversations.created_at, conversations.updated_at 
FROM conversations 
WHERE conversations.workspace_id = $1::UUID ORDER BY conversations.created_at DESC
2026-08-13 16:45:53,281 - sqlalchemy.engine.Engine - INFO - [generated in 0.00045s] ('22bcc3c0-0876-4f8e-b484-9f65efd94c8e',)
2026-08-13 16:45:53,286 - app.api.middleware - INFO - 6f4ee061-5a88-4069-848b-04f65afbf686 GET /conversations 200 9.27ms
2026-08-13 16:45:53,289 - sqlalchemy.engine.Engine - INFO - ROLLBACK
2026-08-13 16:45:53,366 - sqlalchemy.engine.Engine - INFO - BEGIN (implicit)
2026-08-13 16:45:53,366 - sqlalchemy.engine.Engine - INFO - TRUNCATE TABLE messages, tasks, conversations, embeddings, chunks, documents, datasets, workspaces CASCADE
2026-08-13 16:45:53,367 - sqlalchemy.engine.Engine - INFO - [cached since 0.3505s ago] ()
2026-08-13 16:45:53,436 - sqlalchemy.engine.Engine - INFO - COMMIT
2026-08-13 16:45:53,545 - sqlalchemy.engine.Engine - INFO - BEGIN (implicit)
2026-08-13 16:45:53,546 - sqlalchemy.engine.Engine - INFO - TRUNCATE TABLE messages, tasks, conversations, embeddings, chunks, documents, datasets, workspaces CASCADE
2026-08-13 16:45:53,547 - sqlalchemy.engine.Engine - INFO - [cached since 0.5305s ago] ()
2026-08-13 16:45:53,616 - sqlalchemy.engine.Engine - INFO - COMMIT
2026-08-13 16:45:53,704 - sqlalchemy.engine.Engine - INFO - BEGIN (implicit)
2026-08-13 16:45:53,705 - sqlalchemy.engine.Engine - INFO - TRUNCATE TABLE messages, tasks, conversations, embeddings, chunks, documents, datasets, workspaces CASCADE
2026-08-13 16:45:53,705 - sqlalchemy.engine.Engine - INFO - [cached since 0.6893s ago] ()
2026-08-13 16:45:53,770 - sqlalchemy.engine.Engine - INFO - COMMIT
2026-08-13 16:45:53,879 - sqlalchemy.engine.Engine - INFO - BEGIN (implicit)
2026-08-13 16:45:53,880 - sqlalchemy.engine.Engine - INFO - TRUNCATE TABLE messages, tasks, conversations, embeddings, chunks, documents, datasets, workspaces CASCADE
2026-08-13 16:45:53,880 - sqlalchemy.engine.Engine - INFO - [cached since 0.8643s ago] ()
2026-08-13 16:45:53,951 - sqlalchemy.engine.Engine - INFO - COMMIT
2026-08-13 16:45:54,041 - sqlalchemy.engine.Engine - INFO - BEGIN (implicit)
2026-08-13 16:45:54,042 - sqlalchemy.engine.Engine - INFO - TRUNCATE TABLE messages, tasks, conversations, embeddings, chunks, documents, datasets, workspaces CASCADE
2026-08-13 16:45:54,043 - sqlalchemy.engine.Engine - INFO - [cached since 1.026s ago] ()
2026-08-13 16:45:54,111 - sqlalchemy.engine.Engine - INFO - COMMIT
2026-08-13 16:46:06,613 - sentence_transformers.base.model - INFO - No device provided, using cpu
2026-08-13 16:46:07,759 - sqlalchemy.engine.Engine - INFO - BEGIN (implicit)
2026-08-13 16:46:07,760 - sqlalchemy.engine.Engine - INFO - TRUNCATE TABLE messages, tasks, conversations, embeddings, chunks, documents, datasets, workspaces CASCADE
2026-08-13 16:46:07,760 - sqlalchemy.engine.Engine - INFO - [cached since 14.74s ago] ()
2026-08-13 16:46:07,833 - sqlalchemy.engine.Engine - INFO - COMMIT
2026-08-13 16:46:07,993 - sqlalchemy.engine.Engine - INFO - BEGIN (implicit)
2026-08-13 16:46:07,994 - sqlalchemy.engine.Engine - INFO - TRUNCATE TABLE messages, tasks, conversations, embeddings, chunks, documents, datasets, workspaces CASCADE
2026-08-13 16:46:07,994 - sqlalchemy.engine.Engine - INFO - [cached since 14.98s ago] ()
2026-08-13 16:46:08,062 - sqlalchemy.engine.Engine - INFO - COMMIT
2026-08-13 16:46:08,241 - sqlalchemy.engine.Engine - INFO - BEGIN (implicit)
2026-08-13 16:46:08,242 - sqlalchemy.engine.Engine - INFO - TRUNCATE TABLE messages, tasks, conversations, embeddings, chunks, documents, datasets, workspaces CASCADE
2026-08-13 16:46:08,243 - sqlalchemy.engine.Engine - INFO - [cached since 15.23s ago] ()
2026-08-13 16:46:08,308 - sqlalchemy.engine.Engine - INFO - COMMIT
2026-08-13 16:46:08,404 - sqlalchemy.engine.Engine - INFO - BEGIN (implicit)
2026-08-13 16:46:08,405 - sqlalchemy.engine.Engine - INFO - TRUNCATE TABLE messages, tasks, conversations, embeddings, chunks, documents, datasets, workspaces CASCADE
2026-08-13 16:46:08,405 - sqlalchemy.engine.Engine - INFO - [cached since 15.39s ago] ()
2026-08-13 16:46:08,476 - sqlalchemy.engine.Engine - INFO - COMMIT
2026-08-13 16:46:08,590 - sqlalchemy.engine.Engine - INFO - BEGIN (implicit)
2026-08-13 16:46:08,591 - sqlalchemy.engine.Engine - INFO - TRUNCATE TABLE messages, tasks, conversations, embeddings, chunks, documents, datasets, workspaces CASCADE
2026-08-13 16:46:08,591 - sqlalchemy.engine.Engine - INFO - [cached since 15.57s ago] ()
2026-08-13 16:46:08,663 - sqlalchemy.engine.Engine - INFO - COMMIT
2026-08-13 16:46:08,771 - sqlalchemy.engine.Engine - INFO - BEGIN (implicit)
2026-08-13 16:46:08,772 - sqlalchemy.engine.Engine - INFO - TRUNCATE TABLE messages, tasks, conversations, embeddings, chunks, documents, datasets, workspaces CASCADE
2026-08-13 16:46:08,772 - sqlalchemy.engine.Engine - INFO - [cached since 15.76s ago] ()
2026-08-13 16:46:08,845 - sqlalchemy.engine.Engine - INFO - COMMIT
2026-08-13 16:46:08,944 - sqlalchemy.engine.Engine - INFO - BEGIN (implicit)
2026-08-13 16:46:08,945 - sqlalchemy.engine.Engine - INFO - INSERT INTO workspaces (id, name, description, created_at, updated_at) VALUES ($1::UUID, $2::VARCHAR, $3::VARCHAR, $4::TIMESTAMP WITHOUT TIME ZONE, $5::TIMESTAMP WITHOUT TIME ZONE)
2026-08-13 16:46:08,945 - sqlalchemy.engine.Engine - INFO - [cached since 16.15s ago] (UUID('7277d810-badc-4ead-b2e2-3e803d0a4e91'), 'Test WS', None, datetime.datetime(2026, 8, 13, 13, 16, 8, 945189), datetime.datetime(2026, 8, 13, 13, 16, 8, 945197))
2026-08-13 16:46:08,972 - sqlalchemy.engine.Engine - INFO - INSERT INTO tasks (id, workspace_id, title, description, status, priority, extra_metadata, created_at, updated_at) VALUES ($1::UUID, $2::UUID, $3::VARCHAR, $4::VARCHAR, $5::VARCHAR, $6::VARCHAR, $7::JSON, $8::TIMESTAMP WITHOUT TIME ZONE, $9::TIMESTAMP WITHOUT TIME ZONE)
2026-08-13 16:46:08,972 - sqlalchemy.engine.Engine - INFO - [generated in 0.00072s] (UUID('a08cff6d-72cf-4247-b67e-1c9957b1d1f2'), UUID('7277d810-badc-4ead-b2e2-3e803d0a4e91'), 'Test Task', 'Test description', 'pending', 'high', 'null', datetime.datetime(2026, 8, 13, 13, 16, 8, 972189), datetime.datetime(2026, 8, 13, 13, 16, 8, 972197))
2026-08-13 16:46:08,978 - sqlalchemy.engine.Engine - INFO - COMMIT
2026-08-13 16:46:09,047 - sqlalchemy.engine.Engine - INFO - BEGIN (implicit)
2026-08-13 16:46:09,049 - sqlalchemy.engine.Engine - INFO - SELECT tasks.id, tasks.workspace_id, tasks.title, tasks.description, tasks.status, tasks.priority, tasks.extra_metadata, tasks.created_at, tasks.updated_at 
FROM tasks 
WHERE tasks.id = $1::UUID
2026-08-13 16:46:09,049 - sqlalchemy.engine.Engine - INFO - [generated in 0.00046s] (UUID('a08cff6d-72cf-4247-b67e-1c9957b1d1f2'),)
2026-08-13 16:46:09,054 - app.api.middleware - INFO - 6a05f154-0b67-4da8-b76c-423e1700dda8 POST /tasks 201 102.77ms
2026-08-13 16:46:09,062 - sqlalchemy.engine.Engine - INFO - SELECT tasks.id, tasks.workspace_id, tasks.title, tasks.description, tasks.status, tasks.priority, tasks.extra_metadata, tasks.created_at, tasks.updated_at 
FROM tasks 
WHERE tasks.workspace_id = $1::UUID ORDER BY tasks.created_at DESC
2026-08-13 16:46:09,063 - sqlalchemy.engine.Engine - INFO - [generated in 0.00053s] ('7277d810-badc-4ead-b2e2-3e803d0a4e91',)
2026-08-13 16:46:09,066 - app.api.middleware - INFO - 9f6d8f50-5ef4-4421-902c-1ca80208622c GET /tasks 200 9.06ms
2026-08-13 16:46:09,070 - sqlalchemy.engine.Engine - INFO - ROLLBACK
2026-08-13 16:46:09,144 - sqlalchemy.engine.Engine - INFO - BEGIN (implicit)
2026-08-13 16:46:09,144 - sqlalchemy.engine.Engine - INFO - TRUNCATE TABLE messages, tasks, conversations, embeddings, chunks, documents, datasets, workspaces CASCADE
2026-08-13 16:46:09,145 - sqlalchemy.engine.Engine - INFO - [cached since 16.13s ago] ()
2026-08-13 16:46:09,211 - sqlalchemy.engine.Engine - INFO - COMMIT
2026-08-13 16:46:09,298 - sqlalchemy.engine.Engine - INFO - BEGIN (implicit)
2026-08-13 16:46:09,299 - sqlalchemy.engine.Engine - INFO - INSERT INTO workspaces (id, name, description, created_at, updated_at) VALUES ($1::UUID, $2::VARCHAR, $3::VARCHAR, $4::TIMESTAMP WITHOUT TIME ZONE, $5::TIMESTAMP WITHOUT TIME ZONE)
2026-08-13 16:46:09,299 - sqlalchemy.engine.Engine - INFO - [cached since 16.51s ago] (UUID('4d86b514-a060-4ea2-8747-e31ac77b0eff'), 'Test WS', None, datetime.datetime(2026, 8, 13, 13, 16, 9, 299219), datetime.datetime(2026, 8, 13, 13, 16, 9, 299226))
2026-08-13 16:46:09,314 - sqlalchemy.engine.Engine - INFO - INSERT INTO tasks (id, workspace_id, title, description, status, priority, extra_metadata, created_at, updated_at) VALUES ($1::UUID, $2::UUID, $3::VARCHAR, $4::VARCHAR, $5::VARCHAR, $6::VARCHAR, $7::JSON, $8::TIMESTAMP WITHOUT TIME ZONE, $9::TIMESTAMP WITHOUT TIME ZONE)
2026-08-13 16:46:09,314 - sqlalchemy.engine.Engine - INFO - [cached since 0.3428s ago] (UUID('cb9d0a3c-fd97-450a-a852-adc82b7ad0d4'), UUID('4d86b514-a060-4ea2-8747-e31ac77b0eff'), 'Original Task', None, 'pending', 'medium', 'null', datetime.datetime(2026, 8, 13, 13, 16, 9, 314384), datetime.datetime(2026, 8, 13, 13, 16, 9, 314392))
2026-08-13 16:46:09,320 - sqlalchemy.engine.Engine - INFO - COMMIT
2026-08-13 16:46:09,388 - sqlalchemy.engine.Engine - INFO - BEGIN (implicit)
2026-08-13 16:46:09,389 - sqlalchemy.engine.Engine - INFO - SELECT tasks.id, tasks.workspace_id, tasks.title, tasks.description, tasks.status, tasks.priority, tasks.extra_metadata, tasks.created_at, tasks.updated_at 
FROM tasks 
WHERE tasks.id = $1::UUID
2026-08-13 16:46:09,389 - sqlalchemy.engine.Engine - INFO - [cached since 0.3409s ago] (UUID('cb9d0a3c-fd97-450a-a852-adc82b7ad0d4'),)
2026-08-13 16:46:09,395 - app.api.middleware - INFO - 8faf59eb-0f25-4321-8348-12f1e0c5b30b POST /tasks 201 88.63ms
2026-08-13 16:46:09,405 - sqlalchemy.engine.Engine - INFO - SELECT tasks.id, tasks.workspace_id, tasks.title, tasks.description, tasks.status, tasks.priority, tasks.extra_metadata, tasks.created_at, tasks.updated_at 
FROM tasks 
WHERE tasks.id = $1::UUID
2026-08-13 16:46:09,405 - sqlalchemy.engine.Engine - INFO - [generated in 0.00049s] ('cb9d0a3c-fd97-450a-a852-adc82b7ad0d4',)
2026-08-13 16:46:09,410 - sqlalchemy.engine.Engine - INFO - UPDATE tasks SET status=$1::VARCHAR, priority=$2::VARCHAR, updated_at=$3::TIMESTAMP WITHOUT TIME ZONE WHERE tasks.id = $4::UUID
2026-08-13 16:46:09,411 - sqlalchemy.engine.Engine - INFO - [generated in 0.00066s] ('completed', 'low', datetime.datetime(2026, 8, 13, 13, 16, 9, 408044), UUID('cb9d0a3c-fd97-450a-a852-adc82b7ad0d4'))
2026-08-13 16:46:09,415 - sqlalchemy.engine.Engine - INFO - COMMIT
2026-08-13 16:46:09,482 - sqlalchemy.engine.Engine - INFO - BEGIN (implicit)
2026-08-13 16:46:09,483 - sqlalchemy.engine.Engine - INFO - SELECT tasks.id, tasks.workspace_id, tasks.title, tasks.description, tasks.status, tasks.priority, tasks.extra_metadata, tasks.created_at, tasks.updated_at 
FROM tasks 
WHERE tasks.id = $1::UUID
2026-08-13 16:46:09,483 - sqlalchemy.engine.Engine - INFO - [cached since 0.4345s ago] (UUID('cb9d0a3c-fd97-450a-a852-adc82b7ad0d4'),)
2026-08-13 16:46:09,489 - app.api.middleware - INFO - 08590712-e840-4b08-85a5-84e1069bda74 PATCH /tasks/cb9d0a3c-fd97-450a-a852-adc82b7ad0d4 200 91.76ms
2026-08-13 16:46:09,493 - sqlalchemy.engine.Engine - INFO - ROLLBACK
2026-08-13 16:46:09,562 - sqlalchemy.engine.Engine - INFO - BEGIN (implicit)
2026-08-13 16:46:09,562 - sqlalchemy.engine.Engine - INFO - TRUNCATE TABLE messages, tasks, conversations, embeddings, chunks, documents, datasets, workspaces CASCADE
2026-08-13 16:46:09,563 - sqlalchemy.engine.Engine - INFO - [cached since 16.55s ago] ()
2026-08-13 16:46:09,631 - sqlalchemy.engine.Engine - INFO - COMMIT
2026-08-13 16:46:09,715 - sqlalchemy.engine.Engine - INFO - BEGIN (implicit)
2026-08-13 16:46:09,716 - sqlalchemy.engine.Engine - INFO - INSERT INTO workspaces (id, name, description, created_at, updated_at) VALUES ($1::UUID, $2::VARCHAR, $3::VARCHAR, $4::TIMESTAMP WITHOUT TIME ZONE, $5::TIMESTAMP WITHOUT TIME ZONE)
2026-08-13 16:46:09,716 - sqlalchemy.engine.Engine - INFO - [cached since 16.92s ago] (UUID('fc2162be-7e03-409f-a08f-cedbf24bb704'), 'Test WS', None, datetime.datetime(2026, 8, 13, 13, 16, 9, 716265), datetime.datetime(2026, 8, 13, 13, 16, 9, 716272))
2026-08-13 16:46:09,732 - sqlalchemy.engine.Engine - INFO - INSERT INTO tasks (id, workspace_id, title, description, status, priority, extra_metadata, created_at, updated_at) VALUES ($1::UUID, $2::UUID, $3::VARCHAR, $4::VARCHAR, $5::VARCHAR, $6::VARCHAR, $7::JSON, $8::TIMESTAMP WITHOUT TIME ZONE, $9::TIMESTAMP WITHOUT TIME ZONE)
2026-08-13 16:46:09,733 - sqlalchemy.engine.Engine - INFO - [cached since 0.7613s ago] (UUID('39b4b153-44c4-4fba-a85e-18225006bba1'), UUID('fc2162be-7e03-409f-a08f-cedbf24bb704'), 'Task to delete', None, 'pending', 'medium', 'null', datetime.datetime(2026, 8, 13, 13, 16, 9, 732738), datetime.datetime(2026, 8, 13, 13, 16, 9, 732748))
2026-08-13 16:46:09,738 - sqlalchemy.engine.Engine - INFO - COMMIT
2026-08-13 16:46:09,817 - sqlalchemy.engine.Engine - INFO - BEGIN (implicit)
2026-08-13 16:46:09,818 - sqlalchemy.engine.Engine - INFO - SELECT tasks.id, tasks.workspace_id, tasks.title, tasks.description, tasks.status, tasks.priority, tasks.extra_metadata, tasks.created_at, tasks.updated_at 
FROM tasks 
WHERE tasks.id = $1::UUID
2026-08-13 16:46:09,818 - sqlalchemy.engine.Engine - INFO - [cached since 0.7693s ago] (UUID('39b4b153-44c4-4fba-a85e-18225006bba1'),)
2026-08-13 16:46:09,823 - app.api.middleware - INFO - 4e22721d-ad06-443c-a093-5e3766c3789c POST /tasks 201 100.68ms
2026-08-13 16:46:09,830 - sqlalchemy.engine.Engine - INFO - SELECT tasks.id, tasks.workspace_id, tasks.title, tasks.description, tasks.status, tasks.priority, tasks.extra_metadata, tasks.created_at, tasks.updated_at 
FROM tasks 
WHERE tasks.id = $1::UUID
2026-08-13 16:46:09,830 - sqlalchemy.engine.Engine - INFO - [cached since 0.4253s ago] ('39b4b153-44c4-4fba-a85e-18225006bba1',)
2026-08-13 16:46:09,833 - sqlalchemy.engine.Engine - INFO - DELETE FROM tasks WHERE tasks.id = $1::UUID
2026-08-13 16:46:09,834 - sqlalchemy.engine.Engine - INFO - [generated in 0.00047s] (UUID('39b4b153-44c4-4fba-a85e-18225006bba1'),)
2026-08-13 16:46:09,836 - sqlalchemy.engine.Engine - INFO - COMMIT
2026-08-13 16:46:09,843 - app.api.middleware - INFO - dfd83b19-6384-4d06-8eea-2c1a34ad5a39 DELETE /tasks/39b4b153-44c4-4fba-a85e-18225006bba1 204 17.66ms
2026-08-13 16:46:09,909 - sqlalchemy.engine.Engine - INFO - BEGIN (implicit)
2026-08-13 16:46:09,909 - sqlalchemy.engine.Engine - INFO - SELECT tasks.id, tasks.workspace_id, tasks.title, tasks.description, tasks.status, tasks.priority, tasks.extra_metadata, tasks.created_at, tasks.updated_at 
FROM tasks 
WHERE tasks.id = $1::UUID
2026-08-13 16:46:09,910 - sqlalchemy.engine.Engine - INFO - [cached since 0.5051s ago] ('39b4b153-44c4-4fba-a85e-18225006bba1',)
2026-08-13 16:46:09,915 - app.api.middleware - INFO - e781775b-71a9-4cc1-8e82-b044033ff14c GET /tasks/39b4b153-44c4-4fba-a85e-18225006bba1 404 69.42ms
2026-08-13 16:46:09,919 - sqlalchemy.engine.Engine - INFO - ROLLBACK
2026-08-13 16:46:09,994 - sqlalchemy.engine.Engine - INFO - BEGIN (implicit)
2026-08-13 16:46:09,995 - sqlalchemy.engine.Engine - INFO - TRUNCATE TABLE messages, tasks, conversations, embeddings, chunks, documents, datasets, workspaces CASCADE
2026-08-13 16:46:09,995 - sqlalchemy.engine.Engine - INFO - [cached since 16.98s ago] ()
2026-08-13 16:46:10,059 - sqlalchemy.engine.Engine - INFO - COMMIT
2026-08-13 16:46:10,081 - app.api.middleware - INFO - 14989c80-0f92-4f79-97c0-74e4ccdf57e7 GET /health 200 2.87ms
2026-08-13 16:46:10,154 - sqlalchemy.engine.Engine - INFO - BEGIN (implicit)
2026-08-13 16:46:10,155 - sqlalchemy.engine.Engine - INFO - TRUNCATE TABLE messages, tasks, conversations, embeddings, chunks, documents, datasets, workspaces CASCADE
2026-08-13 16:46:10,155 - sqlalchemy.engine.Engine - INFO - [cached since 17.14s ago] ()
2026-08-13 16:46:10,224 - sqlalchemy.engine.Engine - INFO - COMMIT
2026-08-13 16:46:10,248 - app.api.middleware - INFO - cdcdda0c-90fe-4f1f-8814-c9594e08b4d4 GET /health 200 2.77ms
2026-08-13 16:46:10,337 - sqlalchemy.engine.Engine - INFO - BEGIN (implicit)
2026-08-13 16:46:10,339 - sqlalchemy.engine.Engine - INFO - TRUNCATE TABLE messages, tasks, conversations, embeddings, chunks, documents, datasets, workspaces CASCADE
2026-08-13 16:46:10,341 - sqlalchemy.engine.Engine - INFO - [cached since 17.32s ago] ()
2026-08-13 16:46:10,405 - sqlalchemy.engine.Engine - INFO - COMMIT
2026-08-13 16:46:10,444 - app.api.middleware - WARNING - Rate limit exceeded for 127.0.0.1 on /health
2026-08-13 16:46:10,523 - sqlalchemy.engine.Engine - INFO - BEGIN (implicit)
2026-08-13 16:46:10,524 - sqlalchemy.engine.Engine - INFO - TRUNCATE TABLE messages, tasks, conversations, embeddings, chunks, documents, datasets, workspaces CASCADE
2026-08-13 16:46:10,524 - sqlalchemy.engine.Engine - INFO - [cached since 17.51s ago] ()
2026-08-13 16:46:10,587 - sqlalchemy.engine.Engine - INFO - COMMIT
2026-08-13 16:46:10,611 - app.api.middleware - INFO - ba6aca4e-15a2-4fad-b1f2-f4f627a7f162 GET /nonexistent 404 2.74ms
2026-08-13 16:46:10,693 - sqlalchemy.engine.Engine - INFO - BEGIN (implicit)
2026-08-13 16:46:10,693 - sqlalchemy.engine.Engine - INFO - TRUNCATE TABLE messages, tasks, conversations, embeddings, chunks, documents, datasets, workspaces CASCADE
2026-08-13 16:46:10,694 - sqlalchemy.engine.Engine - INFO - [cached since 17.68s ago] ()
2026-08-13 16:46:10,764 - sqlalchemy.engine.Engine - INFO - COMMIT
2026-08-13 16:46:10,864 - sqlalchemy.engine.Engine - INFO - BEGIN (implicit)
2026-08-13 16:46:10,865 - sqlalchemy.engine.Engine - INFO - TRUNCATE TABLE messages, tasks, conversations, embeddings, chunks, documents, datasets, workspaces CASCADE
2026-08-13 16:46:10,865 - sqlalchemy.engine.Engine - INFO - [cached since 17.85s ago] ()
2026-08-13 16:46:10,928 - sqlalchemy.engine.Engine - INFO - COMMIT
2026-08-13 16:46:11,033 - sqlalchemy.engine.Engine - INFO - BEGIN (implicit)
2026-08-13 16:46:11,033 - sqlalchemy.engine.Engine - INFO - TRUNCATE TABLE messages, tasks, conversations, embeddings, chunks, documents, datasets, workspaces CASCADE
2026-08-13 16:46:11,034 - sqlalchemy.engine.Engine - INFO - [cached since 18.02s ago] ()
2026-08-13 16:46:11,104 - sqlalchemy.engine.Engine - INFO - COMMIT
2026-08-13 16:46:11,197 - sqlalchemy.engine.Engine - INFO - BEGIN (implicit)
2026-08-13 16:46:11,198 - sqlalchemy.engine.Engine - INFO - TRUNCATE TABLE messages, tasks, conversations, embeddings, chunks, documents, datasets, workspaces CASCADE
2026-08-13 16:46:11,198 - sqlalchemy.engine.Engine - INFO - [cached since 18.18s ago] ()
2026-08-13 16:46:11,261 - sqlalchemy.engine.Engine - INFO - COMMIT
2026-08-13 16:46:11,352 - sqlalchemy.engine.Engine - INFO - BEGIN (implicit)
2026-08-13 16:46:11,353 - sqlalchemy.engine.Engine - INFO - TRUNCATE TABLE messages, tasks, conversations, embeddings, chunks, documents, datasets, workspaces CASCADE
2026-08-13 16:46:11,353 - sqlalchemy.engine.Engine - INFO - [cached since 18.34s ago] ()
2026-08-13 16:46:11,422 - sqlalchemy.engine.Engine - INFO - COMMIT
2026-08-13 16:46:11,525 - sqlalchemy.engine.Engine - INFO - BEGIN (implicit)
2026-08-13 16:46:11,526 - sqlalchemy.engine.Engine - INFO - TRUNCATE TABLE messages, tasks, conversations, embeddings, chunks, documents, datasets, workspaces CASCADE
2026-08-13 16:46:11,527 - sqlalchemy.engine.Engine - INFO - [cached since 18.51s ago] ()
2026-08-13 16:46:11,592 - sqlalchemy.engine.Engine - INFO - COMMIT
2026-08-13 16:46:11,694 - sqlalchemy.engine.Engine - INFO - BEGIN (implicit)
2026-08-13 16:46:11,695 - sqlalchemy.engine.Engine - INFO - TRUNCATE TABLE messages, tasks, conversations, embeddings, chunks, documents, datasets, workspaces CASCADE
2026-08-13 16:46:11,696 - sqlalchemy.engine.Engine - INFO - [cached since 18.68s ago] ()
2026-08-13 16:46:11,764 - sqlalchemy.engine.Engine - INFO - COMMIT
2026-08-13 16:46:11,863 - sqlalchemy.engine.Engine - INFO - BEGIN (implicit)
2026-08-13 16:46:11,864 - sqlalchemy.engine.Engine - INFO - TRUNCATE TABLE messages, tasks, conversations, embeddings, chunks, documents, datasets, workspaces CASCADE
2026-08-13 16:46:11,864 - sqlalchemy.engine.Engine - INFO - [cached since 18.85s ago] ()
2026-08-13 16:46:11,933 - sqlalchemy.engine.Engine - INFO - COMMIT
2026-08-13 16:46:12,037 - sqlalchemy.engine.Engine - INFO - BEGIN (implicit)
2026-08-13 16:46:12,038 - sqlalchemy.engine.Engine - INFO - TRUNCATE TABLE messages, tasks, conversations, embeddings, chunks, documents, datasets, workspaces CASCADE
2026-08-13 16:46:12,039 - sqlalchemy.engine.Engine - INFO - [cached since 19.02s ago] ()
2026-08-13 16:46:12,107 - sqlalchemy.engine.Engine - INFO - COMMIT
2026-08-13 16:46:12,195 - sqlalchemy.engine.Engine - INFO - BEGIN (implicit)
2026-08-13 16:46:12,196 - sqlalchemy.engine.Engine - INFO - TRUNCATE TABLE messages, tasks, conversations, embeddings, chunks, documents, datasets, workspaces CASCADE
2026-08-13 16:46:12,196 - sqlalchemy.engine.Engine - INFO - [cached since 19.18s ago] ()
2026-08-13 16:46:12,269 - sqlalchemy.engine.Engine - INFO - COMMIT
2026-08-13 16:46:12,367 - sqlalchemy.engine.Engine - INFO - BEGIN (implicit)
2026-08-13 16:46:12,368 - sqlalchemy.engine.Engine - INFO - SELECT pg_catalog.pg_class.relname 
FROM pg_catalog.pg_class JOIN pg_catalog.pg_namespace ON pg_catalog.pg_namespace.oid = pg_catalog.pg_class.relnamespace 
WHERE pg_catalog.pg_class.relname = $1::VARCHAR AND pg_catalog.pg_class.relkind = ANY (ARRAY[$2::VARCHAR, $3::VARCHAR, $4::VARCHAR, $5::VARCHAR, $6::VARCHAR]) AND pg_catalog.pg_table_is_visible(pg_catalog.pg_class.oid) AND pg_catalog.pg_namespace.nspname != $7::VARCHAR
2026-08-13 16:46:12,369 - sqlalchemy.engine.Engine - INFO - [cached since 19.81s ago] ('workspaces', 'r', 'p', 'f', 'v', 'm', 'pg_catalog')
2026-08-13 16:46:12,380 - sqlalchemy.engine.Engine - INFO - SELECT pg_catalog.pg_class.relname 
FROM pg_catalog.pg_class JOIN pg_catalog.pg_namespace ON pg_catalog.pg_namespace.oid = pg_catalog.pg_class.relnamespace 
WHERE pg_catalog.pg_class.relname = $1::VARCHAR AND pg_catalog.pg_class.relkind = ANY (ARRAY[$2::VARCHAR, $3::VARCHAR, $4::VARCHAR, $5::VARCHAR, $6::VARCHAR]) AND pg_catalog.pg_table_is_visible(pg_catalog.pg_class.oid) AND pg_catalog.pg_namespace.nspname != $7::VARCHAR
2026-08-13 16:46:12,380 - sqlalchemy.engine.Engine - INFO - [cached since 19.82s ago] ('datasets', 'r', 'p', 'f', 'v', 'm', 'pg_catalog')
2026-08-13 16:46:12,383 - sqlalchemy.engine.Engine - INFO - SELECT pg_catalog.pg_class.relname 
FROM pg_catalog.pg_class JOIN pg_catalog.pg_namespace ON pg_catalog.pg_namespace.oid = pg_catalog.pg_class.relnamespace 
WHERE pg_catalog.pg_class.relname = $1::VARCHAR AND pg_catalog.pg_class.relkind = ANY (ARRAY[$2::VARCHAR, $3::VARCHAR, $4::VARCHAR, $5::VARCHAR, $6::VARCHAR]) AND pg_catalog.pg_table_is_visible(pg_catalog.pg_class.oid) AND pg_catalog.pg_namespace.nspname != $7::VARCHAR
2026-08-13 16:46:12,383 - sqlalchemy.engine.Engine - INFO - [cached since 19.82s ago] ('documents', 'r', 'p', 'f', 'v', 'm', 'pg_catalog')
2026-08-13 16:46:12,388 - sqlalchemy.engine.Engine - INFO - SELECT pg_catalog.pg_class.relname 
FROM pg_catalog.pg_class JOIN pg_catalog.pg_namespace ON pg_catalog.pg_namespace.oid = pg_catalog.pg_class.relnamespace 
WHERE pg_catalog.pg_class.relname = $1::VARCHAR AND pg_catalog.pg_class.relkind = ANY (ARRAY[$2::VARCHAR, $3::VARCHAR, $4::VARCHAR, $5::VARCHAR, $6::VARCHAR]) AND pg_catalog.pg_table_is_visible(pg_catalog.pg_class.oid) AND pg_catalog.pg_namespace.nspname != $7::VARCHAR
2026-08-13 16:46:12,390 - sqlalchemy.engine.Engine - INFO - [cached since 19.83s ago] ('chunks', 'r', 'p', 'f', 'v', 'm', 'pg_catalog')
2026-08-13 16:46:12,392 - sqlalchemy.engine.Engine - INFO - SELECT pg_catalog.pg_class.relname 
FROM pg_catalog.pg_class JOIN pg_catalog.pg_namespace ON pg_catalog.pg_namespace.oid = pg_catalog.pg_class.relnamespace 
WHERE pg_catalog.pg_class.relname = $1::VARCHAR AND pg_catalog.pg_class.relkind = ANY (ARRAY[$2::VARCHAR, $3::VARCHAR, $4::VARCHAR, $5::VARCHAR, $6::VARCHAR]) AND pg_catalog.pg_table_is_visible(pg_catalog.pg_class.oid) AND pg_catalog.pg_namespace.nspname != $7::VARCHAR
2026-08-13 16:46:12,393 - sqlalchemy.engine.Engine - INFO - [cached since 19.83s ago] ('embeddings', 'r', 'p', 'f', 'v', 'm', 'pg_catalog')
2026-08-13 16:46:12,397 - sqlalchemy.engine.Engine - INFO - SELECT pg_catalog.pg_class.relname 
FROM pg_catalog.pg_class JOIN pg_catalog.pg_namespace ON pg_catalog.pg_namespace.oid = pg_catalog.pg_class.relnamespace 
WHERE pg_catalog.pg_class.relname = $1::VARCHAR AND pg_catalog.pg_class.relkind = ANY (ARRAY[$2::VARCHAR, $3::VARCHAR, $4::VARCHAR, $5::VARCHAR, $6::VARCHAR]) AND pg_catalog.pg_table_is_visible(pg_catalog.pg_class.oid) AND pg_catalog.pg_namespace.nspname != $7::VARCHAR
2026-08-13 16:46:12,397 - sqlalchemy.engine.Engine - INFO - [cached since 19.84s ago] ('conversations', 'r', 'p', 'f', 'v', 'm', 'pg_catalog')
2026-08-13 16:46:12,400 - sqlalchemy.engine.Engine - INFO - SELECT pg_catalog.pg_class.relname 
FROM pg_catalog.pg_class JOIN pg_catalog.pg_namespace ON pg_catalog.pg_namespace.oid = pg_catalog.pg_class.relnamespace 
WHERE pg_catalog.pg_class.relname = $1::VARCHAR AND pg_catalog.pg_class.relkind = ANY (ARRAY[$2::VARCHAR, $3::VARCHAR, $4::VARCHAR, $5::VARCHAR, $6::VARCHAR]) AND pg_catalog.pg_table_is_visible(pg_catalog.pg_class.oid) AND pg_catalog.pg_namespace.nspname != $7::VARCHAR
2026-08-13 16:46:12,401 - sqlalchemy.engine.Engine - INFO - [cached since 19.84s ago] ('messages', 'r', 'p', 'f', 'v', 'm', 'pg_catalog')
2026-08-13 16:46:12,404 - sqlalchemy.engine.Engine - INFO - SELECT pg_catalog.pg_class.relname 
FROM pg_catalog.pg_class JOIN pg_catalog.pg_namespace ON pg_catalog.pg_namespace.oid = pg_catalog.pg_class.relnamespace 
WHERE pg_catalog.pg_class.relname = $1::VARCHAR AND pg_catalog.pg_class.relkind = ANY (ARRAY[$2::VARCHAR, $3::VARCHAR, $4::VARCHAR, $5::VARCHAR, $6::VARCHAR]) AND pg_catalog.pg_table_is_visible(pg_catalog.pg_class.oid) AND pg_catalog.pg_namespace.nspname != $7::VARCHAR
2026-08-13 16:46:12,404 - sqlalchemy.engine.Engine - INFO - [cached since 19.84s ago] ('tasks', 'r', 'p', 'f', 'v', 'm', 'pg_catalog')
2026-08-13 16:46:12,407 - sqlalchemy.engine.Engine - INFO - 
DROP TABLE embeddings
2026-08-13 16:46:12,407 - sqlalchemy.engine.Engine - INFO - [no key 0.00089s] ()
2026-08-13 16:46:12,414 - sqlalchemy.engine.Engine - INFO - 
DROP TABLE chunks
2026-08-13 16:46:12,414 - sqlalchemy.engine.Engine - INFO - [no key 0.00050s] ()
2026-08-13 16:46:12,420 - sqlalchemy.engine.Engine - INFO - 
DROP TABLE messages
2026-08-13 16:46:12,421 - sqlalchemy.engine.Engine - INFO - [no key 0.00069s] ()
2026-08-13 16:46:12,428 - sqlalchemy.engine.Engine - INFO - 
DROP TABLE documents
2026-08-13 16:46:12,428 - sqlalchemy.engine.Engine - INFO - [no key 0.00052s] ()
2026-08-13 16:46:12,435 - sqlalchemy.engine.Engine - INFO - 
DROP TABLE tasks
2026-08-13 16:46:12,435 - sqlalchemy.engine.Engine - INFO - [no key 0.00047s] ()
2026-08-13 16:46:12,441 - sqlalchemy.engine.Engine - INFO - 
DROP TABLE conversations
2026-08-13 16:46:12,442 - sqlalchemy.engine.Engine - INFO - [no key 0.00049s] ()
2026-08-13 16:46:12,447 - sqlalchemy.engine.Engine - INFO - 
DROP TABLE datasets
2026-08-13 16:46:12,447 - sqlalchemy.engine.Engine - INFO - [no key 0.00048s] ()
2026-08-13 16:46:12,452 - sqlalchemy.engine.Engine - INFO - 
DROP TABLE workspaces
2026-08-13 16:46:12,453 - sqlalchemy.engine.Engine - INFO - [no key 0.00049s] ()
2026-08-13 16:46:12,458 - sqlalchemy.engine.Engine - INFO - COMMIT
2026-08-13 16:46:43,005 - sqlalchemy.engine.Engine - INFO - select pg_catalog.version()
2026-08-13 16:46:43,005 - sqlalchemy.engine.Engine - INFO - [raw sql] ()
2026-08-13 16:46:43,009 - sqlalchemy.engine.Engine - INFO - select current_schema()
2026-08-13 16:46:43,010 - sqlalchemy.engine.Engine - INFO - [raw sql] ()
2026-08-13 16:46:43,013 - sqlalchemy.engine.Engine - INFO - show standard_conforming_strings
2026-08-13 16:46:43,013 - sqlalchemy.engine.Engine - INFO - [raw sql] ()
2026-08-13 16:46:43,016 - sqlalchemy.engine.Engine - INFO - BEGIN (implicit)
2026-08-13 16:46:43,018 - sqlalchemy.engine.Engine - INFO - CREATE EXTENSION IF NOT EXISTS vector
2026-08-13 16:46:43,018 - sqlalchemy.engine.Engine - INFO - [generated in 0.00049s] ()
2026-08-13 16:46:43,027 - sqlalchemy.engine.Engine - INFO - SELECT pg_catalog.pg_class.relname 
FROM pg_catalog.pg_class JOIN pg_catalog.pg_namespace ON pg_catalog.pg_namespace.oid = pg_catalog.pg_class.relnamespace 
WHERE pg_catalog.pg_class.relname = $1::VARCHAR AND pg_catalog.pg_class.relkind = ANY (ARRAY[$2::VARCHAR, $3::VARCHAR, $4::VARCHAR, $5::VARCHAR, $6::VARCHAR]) AND pg_catalog.pg_table_is_visible(pg_catalog.pg_class.oid) AND pg_catalog.pg_namespace.nspname != $7::VARCHAR
2026-08-13 16:46:43,028 - sqlalchemy.engine.Engine - INFO - [generated in 0.00058s] ('workspaces', 'r', 'p', 'f', 'v', 'm', 'pg_catalog')
2026-08-13 16:46:43,034 - sqlalchemy.engine.Engine - INFO - SELECT pg_catalog.pg_class.relname 
FROM pg_catalog.pg_class JOIN pg_catalog.pg_namespace ON pg_catalog.pg_namespace.oid = pg_catalog.pg_class.relnamespace 
WHERE pg_catalog.pg_class.relname = $1::VARCHAR AND pg_catalog.pg_class.relkind = ANY (ARRAY[$2::VARCHAR, $3::VARCHAR, $4::VARCHAR, $5::VARCHAR, $6::VARCHAR]) AND pg_catalog.pg_table_is_visible(pg_catalog.pg_class.oid) AND pg_catalog.pg_namespace.nspname != $7::VARCHAR
2026-08-13 16:46:43,034 - sqlalchemy.engine.Engine - INFO - [cached since 0.006911s ago] ('datasets', 'r', 'p', 'f', 'v', 'm', 'pg_catalog')
2026-08-13 16:46:43,036 - sqlalchemy.engine.Engine - INFO - SELECT pg_catalog.pg_class.relname 
FROM pg_catalog.pg_class JOIN pg_catalog.pg_namespace ON pg_catalog.pg_namespace.oid = pg_catalog.pg_class.relnamespace 
WHERE pg_catalog.pg_class.relname = $1::VARCHAR AND pg_catalog.pg_class.relkind = ANY (ARRAY[$2::VARCHAR, $3::VARCHAR, $4::VARCHAR, $5::VARCHAR, $6::VARCHAR]) AND pg_catalog.pg_table_is_visible(pg_catalog.pg_class.oid) AND pg_catalog.pg_namespace.nspname != $7::VARCHAR
2026-08-13 16:46:43,036 - sqlalchemy.engine.Engine - INFO - [cached since 0.008963s ago] ('documents', 'r', 'p', 'f', 'v', 'm', 'pg_catalog')
2026-08-13 16:46:43,038 - sqlalchemy.engine.Engine - INFO - SELECT pg_catalog.pg_class.relname 
FROM pg_catalog.pg_class JOIN pg_catalog.pg_namespace ON pg_catalog.pg_namespace.oid = pg_catalog.pg_class.relnamespace 
WHERE pg_catalog.pg_class.relname = $1::VARCHAR AND pg_catalog.pg_class.relkind = ANY (ARRAY[$2::VARCHAR, $3::VARCHAR, $4::VARCHAR, $5::VARCHAR, $6::VARCHAR]) AND pg_catalog.pg_table_is_visible(pg_catalog.pg_class.oid) AND pg_catalog.pg_namespace.nspname != $7::VARCHAR
2026-08-13 16:46:43,038 - sqlalchemy.engine.Engine - INFO - [cached since 0.01094s ago] ('chunks', 'r', 'p', 'f', 'v', 'm', 'pg_catalog')
2026-08-13 16:46:43,040 - sqlalchemy.engine.Engine - INFO - SELECT pg_catalog.pg_class.relname 
FROM pg_catalog.pg_class JOIN pg_catalog.pg_namespace ON pg_catalog.pg_namespace.oid = pg_catalog.pg_class.relnamespace 
WHERE pg_catalog.pg_class.relname = $1::VARCHAR AND pg_catalog.pg_class.relkind = ANY (ARRAY[$2::VARCHAR, $3::VARCHAR, $4::VARCHAR, $5::VARCHAR, $6::VARCHAR]) AND pg_catalog.pg_table_is_visible(pg_catalog.pg_class.oid) AND pg_catalog.pg_namespace.nspname != $7::VARCHAR
2026-08-13 16:46:43,040 - sqlalchemy.engine.Engine - INFO - [cached since 0.01325s ago] ('embeddings', 'r', 'p', 'f', 'v', 'm', 'pg_catalog')
2026-08-13 16:46:43,042 - sqlalchemy.engine.Engine - INFO - SELECT pg_catalog.pg_class.relname 
FROM pg_catalog.pg_class JOIN pg_catalog.pg_namespace ON pg_catalog.pg_namespace.oid = pg_catalog.pg_class.relnamespace 
WHERE pg_catalog.pg_class.relname = $1::VARCHAR AND pg_catalog.pg_class.relkind = ANY (ARRAY[$2::VARCHAR, $3::VARCHAR, $4::VARCHAR, $5::VARCHAR, $6::VARCHAR]) AND pg_catalog.pg_table_is_visible(pg_catalog.pg_class.oid) AND pg_catalog.pg_namespace.nspname != $7::VARCHAR
2026-08-13 16:46:43,042 - sqlalchemy.engine.Engine - INFO - [cached since 0.0154s ago] ('conversations', 'r', 'p', 'f', 'v', 'm', 'pg_catalog')
2026-08-13 16:46:43,044 - sqlalchemy.engine.Engine - INFO - SELECT pg_catalog.pg_class.relname 
FROM pg_catalog.pg_class JOIN pg_catalog.pg_namespace ON pg_catalog.pg_namespace.oid = pg_catalog.pg_class.relnamespace 
WHERE pg_catalog.pg_class.relname = $1::VARCHAR AND pg_catalog.pg_class.relkind = ANY (ARRAY[$2::VARCHAR, $3::VARCHAR, $4::VARCHAR, $5::VARCHAR, $6::VARCHAR]) AND pg_catalog.pg_table_is_visible(pg_catalog.pg_class.oid) AND pg_catalog.pg_namespace.nspname != $7::VARCHAR
2026-08-13 16:46:43,045 - sqlalchemy.engine.Engine - INFO - [cached since 0.01753s ago] ('messages', 'r', 'p', 'f', 'v', 'm', 'pg_catalog')
2026-08-13 16:46:43,046 - sqlalchemy.engine.Engine - INFO - SELECT pg_catalog.pg_class.relname 
FROM pg_catalog.pg_class JOIN pg_catalog.pg_namespace ON pg_catalog.pg_namespace.oid = pg_catalog.pg_class.relnamespace 
WHERE pg_catalog.pg_class.relname = $1::VARCHAR AND pg_catalog.pg_class.relkind = ANY (ARRAY[$2::VARCHAR, $3::VARCHAR, $4::VARCHAR, $5::VARCHAR, $6::VARCHAR]) AND pg_catalog.pg_table_is_visible(pg_catalog.pg_class.oid) AND pg_catalog.pg_namespace.nspname != $7::VARCHAR
2026-08-13 16:46:43,046 - sqlalchemy.engine.Engine - INFO - [cached since 0.01925s ago] ('tasks', 'r', 'p', 'f', 'v', 'm', 'pg_catalog')
2026-08-13 16:46:43,049 - sqlalchemy.engine.Engine - INFO - 
CREATE TABLE workspaces (
	id UUID NOT NULL, 
	name VARCHAR(255) NOT NULL, 
	description TEXT, 
	extra_metadata JSON, 
	created_at TIMESTAMP WITHOUT TIME ZONE NOT NULL, 
	updated_at TIMESTAMP WITHOUT TIME ZONE NOT NULL, 
	PRIMARY KEY (id)
)


2026-08-13 16:46:43,049 - sqlalchemy.engine.Engine - INFO - [no key 0.00037s] ()
2026-08-13 16:46:43,064 - sqlalchemy.engine.Engine - INFO - 
CREATE TABLE datasets (
	id UUID NOT NULL, 
	workspace_id UUID NOT NULL, 
	name VARCHAR(255) NOT NULL, 
	description TEXT, 
	connector_type VARCHAR(100), 
	connector_config JSON, 
	extra_metadata JSON, 
	created_at TIMESTAMP WITHOUT TIME ZONE NOT NULL, 
	updated_at TIMESTAMP WITHOUT TIME ZONE NOT NULL, 
	PRIMARY KEY (id), 
	FOREIGN KEY(workspace_id) REFERENCES workspaces (id) ON DELETE CASCADE
)


2026-08-13 16:46:43,065 - sqlalchemy.engine.Engine - INFO - [no key 0.00043s] ()
2026-08-13 16:46:43,076 - sqlalchemy.engine.Engine - INFO - 
CREATE TABLE conversations (
	id UUID NOT NULL, 
	workspace_id UUID NOT NULL, 
	title VARCHAR(255), 
	extra_metadata JSON, 
	created_at TIMESTAMP WITHOUT TIME ZONE NOT NULL, 
	updated_at TIMESTAMP WITHOUT TIME ZONE NOT NULL, 
	PRIMARY KEY (id), 
	FOREIGN KEY(workspace_id) REFERENCES workspaces (id) ON DELETE CASCADE
)


2026-08-13 16:46:43,077 - sqlalchemy.engine.Engine - INFO - [no key 0.00041s] ()
2026-08-13 16:46:43,089 - sqlalchemy.engine.Engine - INFO - 
CREATE TABLE tasks (
	id UUID NOT NULL, 
	workspace_id UUID NOT NULL, 
	title VARCHAR(255) NOT NULL, 
	description TEXT, 
	status VARCHAR(50) NOT NULL, 
	priority VARCHAR(50) NOT NULL, 
	extra_metadata JSON, 
	created_at TIMESTAMP WITHOUT TIME ZONE NOT NULL, 
	updated_at TIMESTAMP WITHOUT TIME ZONE NOT NULL, 
	PRIMARY KEY (id), 
	FOREIGN KEY(workspace_id) REFERENCES workspaces (id) ON DELETE CASCADE
)


2026-08-13 16:46:43,090 - sqlalchemy.engine.Engine - INFO - [no key 0.00044s] ()
2026-08-13 16:46:43,101 - sqlalchemy.engine.Engine - INFO - 
CREATE TABLE documents (
	id UUID NOT NULL, 
	dataset_id UUID NOT NULL, 
	workspace_id UUID NOT NULL, 
	source VARCHAR(1024) NOT NULL, 
	filename VARCHAR(255), 
	content_type VARCHAR(100), 
	size_bytes INTEGER, 
	extra_metadata JSON, 
	status VARCHAR(50) NOT NULL, 
	created_at TIMESTAMP WITHOUT TIME ZONE NOT NULL, 
	updated_at TIMESTAMP WITHOUT TIME ZONE NOT NULL, 
	PRIMARY KEY (id), 
	FOREIGN KEY(dataset_id) REFERENCES datasets (id) ON DELETE CASCADE, 
	FOREIGN KEY(workspace_id) REFERENCES workspaces (id) ON DELETE CASCADE
)


2026-08-13 16:46:43,101 - sqlalchemy.engine.Engine - INFO - [no key 0.00052s] ()
2026-08-13 16:46:43,114 - sqlalchemy.engine.Engine - INFO - 
CREATE TABLE messages (
	id UUID NOT NULL, 
	conversation_id UUID NOT NULL, 
	role VARCHAR(50) NOT NULL, 
	content TEXT NOT NULL, 
	sources JSON, 
	extra_metadata JSON, 
	created_at TIMESTAMP WITHOUT TIME ZONE NOT NULL, 
	PRIMARY KEY (id), 
	FOREIGN KEY(conversation_id) REFERENCES conversations (id) ON DELETE CASCADE
)


2026-08-13 16:46:43,114 - sqlalchemy.engine.Engine - INFO - [no key 0.00050s] ()
2026-08-13 16:46:43,127 - sqlalchemy.engine.Engine - INFO - 
CREATE TABLE chunks (
	id UUID NOT NULL, 
	document_id UUID NOT NULL, 
	dataset_id UUID NOT NULL, 
	workspace_id UUID NOT NULL, 
	chunk_index INTEGER NOT NULL, 
	text TEXT NOT NULL, 
	extra_metadata JSON, 
	token_count INTEGER, 
	created_at TIMESTAMP WITHOUT TIME ZONE NOT NULL, 
	PRIMARY KEY (id), 
	FOREIGN KEY(document_id) REFERENCES documents (id) ON DELETE CASCADE, 
	FOREIGN KEY(dataset_id) REFERENCES datasets (id) ON DELETE CASCADE, 
	FOREIGN KEY(workspace_id) REFERENCES workspaces (id) ON DELETE CASCADE
)


2026-08-13 16:46:43,128 - sqlalchemy.engine.Engine - INFO - [no key 0.00055s] ()
2026-08-13 16:46:43,142 - sqlalchemy.engine.Engine - INFO - 
CREATE TABLE embeddings (
	id UUID NOT NULL, 
	chunk_id UUID NOT NULL, 
	workspace_id UUID NOT NULL, 
	dataset_id UUID NOT NULL, 
	model VARCHAR(255) NOT NULL, 
	dimensions INTEGER NOT NULL, 
	vector VECTOR(1024), 
	created_at TIMESTAMP WITHOUT TIME ZONE NOT NULL, 
	PRIMARY KEY (id), 
	FOREIGN KEY(chunk_id) REFERENCES chunks (id) ON DELETE CASCADE, 
	FOREIGN KEY(workspace_id) REFERENCES workspaces (id) ON DELETE CASCADE, 
	FOREIGN KEY(dataset_id) REFERENCES datasets (id) ON DELETE CASCADE
)


2026-08-13 16:46:43,143 - sqlalchemy.engine.Engine - INFO - [no key 0.00059s] ()
2026-08-13 16:46:43,157 - sqlalchemy.engine.Engine - INFO - COMMIT
2026-08-13 16:46:43,273 - sqlalchemy.engine.Engine - INFO - BEGIN (implicit)
2026-08-13 16:46:43,277 - sqlalchemy.engine.Engine - INFO - INSERT INTO workspaces (id, name, description, extra_metadata, created_at, updated_at) VALUES ($1::UUID, $2::VARCHAR, $3::VARCHAR, $4::JSON, $5::TIMESTAMP WITHOUT TIME ZONE, $6::TIMESTAMP WITHOUT TIME ZONE)
2026-08-13 16:46:43,277 - sqlalchemy.engine.Engine - INFO - [generated in 0.00088s] (UUID('f5e4ffc3-4146-482f-abc4-ff0a430516c6'), 'Test Workspace', 'A test workspace', '{"key": "value"}', datetime.datetime(2026, 8, 13, 13, 16, 43, 277040), datetime.datetime(2026, 8, 13, 13, 16, 43, 277051))
2026-08-13 16:46:43,283 - sqlalchemy.engine.Engine - INFO - COMMIT
2026-08-13 16:46:43,366 - sqlalchemy.engine.Engine - INFO - BEGIN (implicit)
2026-08-13 16:46:43,370 - sqlalchemy.engine.Engine - INFO - SELECT workspaces.id, workspaces.name, workspaces.description, workspaces.extra_metadata, workspaces.created_at, workspaces.updated_at 
FROM workspaces 
WHERE workspaces.id = $1::UUID
2026-08-13 16:46:43,370 - sqlalchemy.engine.Engine - INFO - [generated in 0.00046s] (UUID('f5e4ffc3-4146-482f-abc4-ff0a430516c6'),)
2026-08-13 16:46:43,376 - sqlalchemy.engine.Engine - INFO - ROLLBACK
2026-08-13 16:46:43,377 - app.api.middleware - INFO - 5ec5bce4-707c-4429-859e-e6124e4def57 POST /workspaces 201 203.87ms
2026-08-13 16:46:43,453 - sqlalchemy.engine.Engine - INFO - BEGIN (implicit)
2026-08-13 16:46:43,454 - sqlalchemy.engine.Engine - INFO - TRUNCATE TABLE messages, tasks, conversations, embeddings, chunks, documents, datasets, workspaces CASCADE
2026-08-13 16:46:43,454 - sqlalchemy.engine.Engine - INFO - [generated in 0.00043s] ()
2026-08-13 16:46:43,517 - sqlalchemy.engine.Engine - INFO - COMMIT
2026-08-13 16:46:43,612 - sqlalchemy.engine.Engine - INFO - BEGIN (implicit)
2026-08-13 16:46:43,613 - sqlalchemy.engine.Engine - INFO - INSERT INTO workspaces (id, name, description, extra_metadata, created_at, updated_at) VALUES ($1::UUID, $2::VARCHAR, $3::VARCHAR, $4::JSON, $5::TIMESTAMP WITHOUT TIME ZONE, $6::TIMESTAMP WITHOUT TIME ZONE)
2026-08-13 16:46:43,613 - sqlalchemy.engine.Engine - INFO - [cached since 0.3367s ago] (UUID('d98e3706-f78c-4900-b449-b0570ca6eeec'), 'WS1', None, 'null', datetime.datetime(2026, 8, 13, 13, 16, 43, 613052), datetime.datetime(2026, 8, 13, 13, 16, 43, 613061))
2026-08-13 16:46:43,618 - sqlalchemy.engine.Engine - INFO - COMMIT
2026-08-13 16:46:43,692 - sqlalchemy.engine.Engine - INFO - BEGIN (implicit)
2026-08-13 16:46:43,693 - sqlalchemy.engine.Engine - INFO - SELECT workspaces.id, workspaces.name, workspaces.description, workspaces.extra_metadata, workspaces.created_at, workspaces.updated_at 
FROM workspaces 
WHERE workspaces.id = $1::UUID
2026-08-13 16:46:43,693 - sqlalchemy.engine.Engine - INFO - [cached since 0.3234s ago] (UUID('d98e3706-f78c-4900-b449-b0570ca6eeec'),)
2026-08-13 16:46:43,699 - sqlalchemy.engine.Engine - INFO - ROLLBACK
2026-08-13 16:46:43,700 - app.api.middleware - INFO - 9b89e6a6-b7a2-492a-899d-8394a7448063 POST /workspaces 201 164.55ms
2026-08-13 16:46:43,782 - sqlalchemy.engine.Engine - INFO - BEGIN (implicit)
2026-08-13 16:46:43,783 - sqlalchemy.engine.Engine - INFO - INSERT INTO workspaces (id, name, description, extra_metadata, created_at, updated_at) VALUES ($1::UUID, $2::VARCHAR, $3::VARCHAR, $4::JSON, $5::TIMESTAMP WITHOUT TIME ZONE, $6::TIMESTAMP WITHOUT TIME ZONE)
2026-08-13 16:46:43,784 - sqlalchemy.engine.Engine - INFO - [cached since 0.5073s ago] (UUID('27c14e5e-64af-40fa-b913-7fbefa81b30b'), 'WS2', None, 'null', datetime.datetime(2026, 8, 13, 13, 16, 43, 783547), datetime.datetime(2026, 8, 13, 13, 16, 43, 783554))
2026-08-13 16:46:43,788 - sqlalchemy.engine.Engine - INFO - COMMIT
2026-08-13 16:46:43,862 - sqlalchemy.engine.Engine - INFO - BEGIN (implicit)
2026-08-13 16:46:43,863 - sqlalchemy.engine.Engine - INFO - SELECT workspaces.id, workspaces.name, workspaces.description, workspaces.extra_metadata, workspaces.created_at, workspaces.updated_at 
FROM workspaces 
WHERE workspaces.id = $1::UUID
2026-08-13 16:46:43,863 - sqlalchemy.engine.Engine - INFO - [cached since 0.4934s ago] (UUID('27c14e5e-64af-40fa-b913-7fbefa81b30b'),)
2026-08-13 16:46:43,868 - sqlalchemy.engine.Engine - INFO - ROLLBACK
2026-08-13 16:46:43,869 - app.api.middleware - INFO - 45fa6085-b9c4-4ca1-afd4-18d2360f83a7 POST /workspaces 201 161.62ms
2026-08-13 16:46:43,946 - sqlalchemy.engine.Engine - INFO - BEGIN (implicit)
2026-08-13 16:46:43,949 - sqlalchemy.engine.Engine - INFO - SELECT workspaces.id, workspaces.name, workspaces.description, workspaces.extra_metadata, workspaces.created_at, workspaces.updated_at 
FROM workspaces ORDER BY workspaces.created_at DESC
2026-08-13 16:46:43,949 - sqlalchemy.engine.Engine - INFO - [generated in 0.00043s] ()
2026-08-13 16:46:43,956 - sqlalchemy.engine.Engine - INFO - ROLLBACK
2026-08-13 16:46:43,956 - app.api.middleware - INFO - 981711c1-abb7-4ee5-8e3b-5b3f1263e7eb GET /workspaces 200 78.68ms
2026-08-13 16:46:44,034 - sqlalchemy.engine.Engine - INFO - BEGIN (implicit)
2026-08-13 16:46:44,034 - sqlalchemy.engine.Engine - INFO - TRUNCATE TABLE messages, tasks, conversations, embeddings, chunks, documents, datasets, workspaces CASCADE
2026-08-13 16:46:44,035 - sqlalchemy.engine.Engine - INFO - [cached since 0.5805s ago] ()
2026-08-13 16:46:44,099 - sqlalchemy.engine.Engine - INFO - COMMIT
2026-08-13 16:46:44,194 - sqlalchemy.engine.Engine - INFO - BEGIN (implicit)
2026-08-13 16:46:44,195 - sqlalchemy.engine.Engine - INFO - INSERT INTO workspaces (id, name, description, extra_metadata, created_at, updated_at) VALUES ($1::UUID, $2::VARCHAR, $3::VARCHAR, $4::JSON, $5::TIMESTAMP WITHOUT TIME ZONE, $6::TIMESTAMP WITHOUT TIME ZONE)
2026-08-13 16:46:44,195 - sqlalchemy.engine.Engine - INFO - [cached since 0.9191s ago] (UUID('13689337-1ad3-4e73-bfbc-6c39e63d381b'), 'Get Test WS', None, 'null', datetime.datetime(2026, 8, 13, 13, 16, 44, 195384), datetime.datetime(2026, 8, 13, 13, 16, 44, 195393))
2026-08-13 16:46:44,200 - sqlalchemy.engine.Engine - INFO - COMMIT
2026-08-13 16:46:44,275 - sqlalchemy.engine.Engine - INFO - BEGIN (implicit)
2026-08-13 16:46:44,275 - sqlalchemy.engine.Engine - INFO - SELECT workspaces.id, workspaces.name, workspaces.description, workspaces.extra_metadata, workspaces.created_at, workspaces.updated_at 
FROM workspaces 
WHERE workspaces.id = $1::UUID
2026-08-13 16:46:44,276 - sqlalchemy.engine.Engine - INFO - [cached since 0.906s ago] (UUID('13689337-1ad3-4e73-bfbc-6c39e63d381b'),)
2026-08-13 16:46:44,281 - sqlalchemy.engine.Engine - INFO - ROLLBACK
2026-08-13 16:46:44,282 - app.api.middleware - INFO - 5c6f990c-8f3e-4475-a994-efdab9afd280 POST /workspaces 201 166.80ms
2026-08-13 16:46:44,363 - sqlalchemy.engine.Engine - INFO - BEGIN (implicit)
2026-08-13 16:46:44,365 - sqlalchemy.engine.Engine - INFO - SELECT workspaces.id, workspaces.name, workspaces.description, workspaces.extra_metadata, workspaces.created_at, workspaces.updated_at 
FROM workspaces 
WHERE workspaces.id = $1::UUID
2026-08-13 16:46:44,365 - sqlalchemy.engine.Engine - INFO - [generated in 0.00048s] ('13689337-1ad3-4e73-bfbc-6c39e63d381b',)
2026-08-13 16:46:44,371 - sqlalchemy.engine.Engine - INFO - ROLLBACK
2026-08-13 16:46:44,372 - app.api.middleware - INFO - 60cd1ad8-001e-441c-b9a0-6fc40eac8098 GET /workspaces/13689337-1ad3-4e73-bfbc-6c39e63d381b 200 80.13ms
2026-08-13 16:46:44,446 - sqlalchemy.engine.Engine - INFO - BEGIN (implicit)
2026-08-13 16:46:44,447 - sqlalchemy.engine.Engine - INFO - TRUNCATE TABLE messages, tasks, conversations, embeddings, chunks, documents, datasets, workspaces CASCADE
2026-08-13 16:46:44,447 - sqlalchemy.engine.Engine - INFO - [cached since 0.9931s ago] ()
2026-08-13 16:46:44,519 - sqlalchemy.engine.Engine - INFO - COMMIT
2026-08-13 16:46:44,613 - sqlalchemy.engine.Engine - INFO - BEGIN (implicit)
2026-08-13 16:46:44,614 - sqlalchemy.engine.Engine - INFO - SELECT workspaces.id, workspaces.name, workspaces.description, workspaces.extra_metadata, workspaces.created_at, workspaces.updated_at 
FROM workspaces 
WHERE workspaces.id = $1::UUID
2026-08-13 16:46:44,614 - sqlalchemy.engine.Engine - INFO - [cached since 0.2492s ago] ('00000000-0000-0000-0000-000000000000',)
2026-08-13 16:46:44,619 - sqlalchemy.engine.Engine - INFO - ROLLBACK
2026-08-13 16:46:44,625 - app.api.middleware - INFO - fb1b379e-f17e-4fb6-aab2-8ac183572823 GET /workspaces/00000000-0000-0000-0000-000000000000 404 83.23ms
2026-08-13 16:46:44,700 - sqlalchemy.engine.Engine - INFO - BEGIN (implicit)
2026-08-13 16:46:44,701 - sqlalchemy.engine.Engine - INFO - TRUNCATE TABLE messages, tasks, conversations, embeddings, chunks, documents, datasets, workspaces CASCADE
2026-08-13 16:46:44,701 - sqlalchemy.engine.Engine - INFO - [cached since 1.247s ago] ()
2026-08-13 16:46:44,769 - sqlalchemy.engine.Engine - INFO - COMMIT
2026-08-13 16:46:44,866 - sqlalchemy.engine.Engine - INFO - BEGIN (implicit)
2026-08-13 16:46:44,867 - sqlalchemy.engine.Engine - INFO - INSERT INTO workspaces (id, name, description, extra_metadata, created_at, updated_at) VALUES ($1::UUID, $2::VARCHAR, $3::VARCHAR, $4::JSON, $5::TIMESTAMP WITHOUT TIME ZONE, $6::TIMESTAMP WITHOUT TIME ZONE)
2026-08-13 16:46:44,867 - sqlalchemy.engine.Engine - INFO - [cached since 1.591s ago] (UUID('8a3aa92d-8cf0-4b50-88fb-db9b8a21678e'), 'Original Name', None, 'null', datetime.datetime(2026, 8, 13, 13, 16, 44, 867024), datetime.datetime(2026, 8, 13, 13, 16, 44, 867033))
2026-08-13 16:46:44,871 - sqlalchemy.engine.Engine - INFO - COMMIT
2026-08-13 16:46:44,943 - sqlalchemy.engine.Engine - INFO - BEGIN (implicit)
2026-08-13 16:46:44,944 - sqlalchemy.engine.Engine - INFO - SELECT workspaces.id, workspaces.name, workspaces.description, workspaces.extra_metadata, workspaces.created_at, workspaces.updated_at 
FROM workspaces 
WHERE workspaces.id = $1::UUID
2026-08-13 16:46:44,944 - sqlalchemy.engine.Engine - INFO - [cached since 1.574s ago] (UUID('8a3aa92d-8cf0-4b50-88fb-db9b8a21678e'),)
2026-08-13 16:46:44,949 - sqlalchemy.engine.Engine - INFO - ROLLBACK
2026-08-13 16:46:44,950 - app.api.middleware - INFO - d4d0a3df-d099-47ba-9024-34e9029b05b9 POST /workspaces 201 160.25ms
2026-08-13 16:46:45,032 - sqlalchemy.engine.Engine - INFO - BEGIN (implicit)
2026-08-13 16:46:45,033 - sqlalchemy.engine.Engine - INFO - SELECT workspaces.id, workspaces.name, workspaces.description, workspaces.extra_metadata, workspaces.created_at, workspaces.updated_at 
FROM workspaces 
WHERE workspaces.id = $1::UUID
2026-08-13 16:46:45,033 - sqlalchemy.engine.Engine - INFO - [cached since 0.6686s ago] ('8a3aa92d-8cf0-4b50-88fb-db9b8a21678e',)
2026-08-13 16:46:45,040 - sqlalchemy.engine.Engine - INFO - UPDATE workspaces SET name=$1::VARCHAR, description=$2::VARCHAR, updated_at=$3::TIMESTAMP WITHOUT TIME ZONE WHERE workspaces.id = $4::UUID
2026-08-13 16:46:45,040 - sqlalchemy.engine.Engine - INFO - [generated in 0.00047s] ('Updated Name', 'Updated desc', datetime.datetime(2026, 8, 13, 13, 16, 45, 38111), UUID('8a3aa92d-8cf0-4b50-88fb-db9b8a21678e'))
2026-08-13 16:46:45,043 - sqlalchemy.engine.Engine - INFO - COMMIT
2026-08-13 16:46:45,120 - sqlalchemy.engine.Engine - INFO - BEGIN (implicit)
2026-08-13 16:46:45,121 - sqlalchemy.engine.Engine - INFO - SELECT workspaces.id, workspaces.name, workspaces.description, workspaces.extra_metadata, workspaces.created_at, workspaces.updated_at 
FROM workspaces 
WHERE workspaces.id = $1::UUID
2026-08-13 16:46:45,121 - sqlalchemy.engine.Engine - INFO - [cached since 1.751s ago] (UUID('8a3aa92d-8cf0-4b50-88fb-db9b8a21678e'),)
2026-08-13 16:46:45,127 - sqlalchemy.engine.Engine - INFO - ROLLBACK
2026-08-13 16:46:45,128 - app.api.middleware - INFO - e98ad29a-3ea1-4635-b213-77249b279a39 PATCH /workspaces/8a3aa92d-8cf0-4b50-88fb-db9b8a21678e 200 167.92ms
2026-08-13 16:46:45,211 - sqlalchemy.engine.Engine - INFO - BEGIN (implicit)
2026-08-13 16:46:45,212 - sqlalchemy.engine.Engine - INFO - TRUNCATE TABLE messages, tasks, conversations, embeddings, chunks, documents, datasets, workspaces CASCADE
2026-08-13 16:46:45,212 - sqlalchemy.engine.Engine - INFO - [cached since 1.758s ago] ()
2026-08-13 16:46:45,282 - sqlalchemy.engine.Engine - INFO - COMMIT
2026-08-13 16:46:45,381 - sqlalchemy.engine.Engine - INFO - BEGIN (implicit)
2026-08-13 16:46:45,382 - sqlalchemy.engine.Engine - INFO - INSERT INTO workspaces (id, name, description, extra_metadata, created_at, updated_at) VALUES ($1::UUID, $2::VARCHAR, $3::VARCHAR, $4::JSON, $5::TIMESTAMP WITHOUT TIME ZONE, $6::TIMESTAMP WITHOUT TIME ZONE)
2026-08-13 16:46:45,382 - sqlalchemy.engine.Engine - INFO - [cached since 2.106s ago] (UUID('2544a8d3-4d24-42ef-9757-074dbb235028'), 'To Delete', None, 'null', datetime.datetime(2026, 8, 13, 13, 16, 45, 382252), datetime.datetime(2026, 8, 13, 13, 16, 45, 382260))
2026-08-13 16:46:45,386 - sqlalchemy.engine.Engine - INFO - COMMIT
2026-08-13 16:46:45,459 - sqlalchemy.engine.Engine - INFO - BEGIN (implicit)
2026-08-13 16:46:45,460 - sqlalchemy.engine.Engine - INFO - SELECT workspaces.id, workspaces.name, workspaces.description, workspaces.extra_metadata, workspaces.created_at, workspaces.updated_at 
FROM workspaces 
WHERE workspaces.id = $1::UUID
2026-08-13 16:46:45,460 - sqlalchemy.engine.Engine - INFO - [cached since 2.091s ago] (UUID('2544a8d3-4d24-42ef-9757-074dbb235028'),)
2026-08-13 16:46:45,466 - sqlalchemy.engine.Engine - INFO - ROLLBACK
2026-08-13 16:46:45,467 - app.api.middleware - INFO - 195c17bd-107a-44c5-81a6-044d0f0258d1 POST /workspaces 201 164.42ms
2026-08-13 16:46:45,551 - sqlalchemy.engine.Engine - INFO - BEGIN (implicit)
2026-08-13 16:46:45,551 - sqlalchemy.engine.Engine - INFO - SELECT workspaces.id, workspaces.name, workspaces.description, workspaces.extra_metadata, workspaces.created_at, workspaces.updated_at 
FROM workspaces 
WHERE workspaces.id = $1::UUID
2026-08-13 16:46:45,552 - sqlalchemy.engine.Engine - INFO - [cached since 1.187s ago] ('2544a8d3-4d24-42ef-9757-074dbb235028',)
2026-08-13 16:46:45,558 - sqlalchemy.engine.Engine - INFO - DELETE FROM workspaces WHERE workspaces.id = $1::UUID
2026-08-13 16:46:45,559 - sqlalchemy.engine.Engine - INFO - [generated in 0.00062s] (UUID('2544a8d3-4d24-42ef-9757-074dbb235028'),)
2026-08-13 16:46:45,563 - sqlalchemy.engine.Engine - INFO - COMMIT
2026-08-13 16:46:45,571 - app.api.middleware - INFO - 0bc922a3-9e12-4a95-8115-1311a3705b3f DELETE /workspaces/2544a8d3-4d24-42ef-9757-074dbb235028 204 95.08ms
2026-08-13 16:46:45,646 - sqlalchemy.engine.Engine - INFO - BEGIN (implicit)
2026-08-13 16:46:45,647 - sqlalchemy.engine.Engine - INFO - SELECT workspaces.id, workspaces.name, workspaces.description, workspaces.extra_metadata, workspaces.created_at, workspaces.updated_at 
FROM workspaces 
WHERE workspaces.id = $1::UUID
2026-08-13 16:46:45,647 - sqlalchemy.engine.Engine - INFO - [cached since 1.282s ago] ('2544a8d3-4d24-42ef-9757-074dbb235028',)
2026-08-13 16:46:45,652 - sqlalchemy.engine.Engine - INFO - ROLLBACK
2026-08-13 16:46:45,659 - app.api.middleware - INFO - 2e322bc7-dfd0-42dc-81ce-52dad13dc9f7 GET /workspaces/2544a8d3-4d24-42ef-9757-074dbb235028 404 84.23ms
2026-08-13 16:46:45,727 - sqlalchemy.engine.Engine - INFO - BEGIN (implicit)
2026-08-13 16:46:45,728 - sqlalchemy.engine.Engine - INFO - TRUNCATE TABLE messages, tasks, conversations, embeddings, chunks, documents, datasets, workspaces CASCADE
2026-08-13 16:46:45,728 - sqlalchemy.engine.Engine - INFO - [cached since 2.274s ago] ()
2026-08-13 16:46:45,801 - sqlalchemy.engine.Engine - INFO - COMMIT
2026-08-13 16:46:45,893 - sqlalchemy.engine.Engine - INFO - BEGIN (implicit)
2026-08-13 16:46:45,894 - sqlalchemy.engine.Engine - INFO - SELECT workspaces.id, workspaces.name, workspaces.description, workspaces.extra_metadata, workspaces.created_at, workspaces.updated_at 
FROM workspaces 
WHERE workspaces.id = $1::UUID
2026-08-13 16:46:45,894 - sqlalchemy.engine.Engine - INFO - [cached since 1.529s ago] ('00000000-0000-0000-0000-000000000000',)
2026-08-13 16:46:45,901 - sqlalchemy.engine.Engine - INFO - ROLLBACK
2026-08-13 16:46:45,910 - app.api.middleware - INFO - ff807f86-4779-4523-8d2a-1308dc686ada DELETE /workspaces/00000000-0000-0000-0000-000000000000 404 90.11ms
2026-08-13 16:46:45,981 - sqlalchemy.engine.Engine - INFO - BEGIN (implicit)
2026-08-13 16:46:45,982 - sqlalchemy.engine.Engine - INFO - TRUNCATE TABLE messages, tasks, conversations, embeddings, chunks, documents, datasets, workspaces CASCADE
2026-08-13 16:46:45,983 - sqlalchemy.engine.Engine - INFO - [cached since 2.529s ago] ()
2026-08-13 16:46:46,048 - sqlalchemy.engine.Engine - INFO - COMMIT
2026-08-13 16:46:46,150 - sqlalchemy.engine.Engine - INFO - BEGIN (implicit)
2026-08-13 16:46:46,151 - sqlalchemy.engine.Engine - INFO - INSERT INTO workspaces (id, name, description, extra_metadata, created_at, updated_at) VALUES ($1::UUID, $2::VARCHAR, $3::VARCHAR, $4::JSON, $5::TIMESTAMP WITHOUT TIME ZONE, $6::TIMESTAMP WITHOUT TIME ZONE)
2026-08-13 16:46:46,152 - sqlalchemy.engine.Engine - INFO - [cached since 2.875s ago] (UUID('08d64174-aef0-4636-beb3-154958ce0dd4'), 'Dataset Test WS', None, 'null', datetime.datetime(2026, 8, 13, 13, 16, 46, 151644), datetime.datetime(2026, 8, 13, 13, 16, 46, 151653))
2026-08-13 16:46:46,156 - sqlalchemy.engine.Engine - INFO - COMMIT
2026-08-13 16:46:46,231 - sqlalchemy.engine.Engine - INFO - BEGIN (implicit)
2026-08-13 16:46:46,232 - sqlalchemy.engine.Engine - INFO - SELECT workspaces.id, workspaces.name, workspaces.description, workspaces.extra_metadata, workspaces.created_at, workspaces.updated_at 
FROM workspaces 
WHERE workspaces.id = $1::UUID
2026-08-13 16:46:46,233 - sqlalchemy.engine.Engine - INFO - [cached since 2.863s ago] (UUID('08d64174-aef0-4636-beb3-154958ce0dd4'),)
2026-08-13 16:46:46,239 - sqlalchemy.engine.Engine - INFO - ROLLBACK
2026-08-13 16:46:46,241 - app.api.middleware - INFO - 3ab2da44-f3be-4efd-ba86-82af6f79cb61 POST /workspaces 201 169.75ms
2026-08-13 16:46:46,345 - sqlalchemy.engine.Engine - INFO - BEGIN (implicit)
2026-08-13 16:46:46,347 - sqlalchemy.engine.Engine - INFO - INSERT INTO datasets (id, workspace_id, name, description, connector_type, connector_config, extra_metadata, created_at, updated_at) VALUES ($1::UUID, $2::UUID, $3::VARCHAR, $4::VARCHAR, $5::VARCHAR, $6::JSON, $7::JSON, $8::TIMESTAMP WITHOUT TIME ZONE, $9::TIMESTAMP WITHOUT TIME ZONE)
2026-08-13 16:46:46,348 - sqlalchemy.engine.Engine - INFO - [generated in 0.00072s] (UUID('6e313a6b-1057-4f5e-a295-e42b1855ed8c'), UUID('08d64174-aef0-4636-beb3-154958ce0dd4'), 'Test Dataset', None, 'markdown', '{"path": "/data/test"}', 'null', datetime.datetime(2026, 8, 13, 13, 16, 46, 347505), datetime.datetime(2026, 8, 13, 13, 16, 46, 347513))
2026-08-13 16:46:46,355 - sqlalchemy.engine.Engine - INFO - COMMIT
2026-08-13 16:46:46,433 - sqlalchemy.engine.Engine - INFO - BEGIN (implicit)
2026-08-13 16:46:46,436 - sqlalchemy.engine.Engine - INFO - SELECT datasets.id, datasets.workspace_id, datasets.name, datasets.description, datasets.connector_type, datasets.connector_config, datasets.extra_metadata, datasets.created_at, datasets.updated_at 
FROM datasets 
WHERE datasets.id = $1::UUID
2026-08-13 16:46:46,436 - sqlalchemy.engine.Engine - INFO - [generated in 0.00045s] (UUID('6e313a6b-1057-4f5e-a295-e42b1855ed8c'),)
2026-08-13 16:46:46,443 - sqlalchemy.engine.Engine - INFO - ROLLBACK
2026-08-13 16:46:46,444 - app.api.middleware - INFO - 13ce5f66-a365-47f5-8bc2-138ca98d7bd9 POST /datasets 201 191.98ms
2026-08-13 16:46:46,525 - sqlalchemy.engine.Engine - INFO - BEGIN (implicit)
2026-08-13 16:46:46,526 - sqlalchemy.engine.Engine - INFO - TRUNCATE TABLE messages, tasks, conversations, embeddings, chunks, documents, datasets, workspaces CASCADE
2026-08-13 16:46:46,526 - sqlalchemy.engine.Engine - INFO - [cached since 3.072s ago] ()
2026-08-13 16:46:46,594 - sqlalchemy.engine.Engine - INFO - COMMIT
2026-08-13 16:46:46,691 - sqlalchemy.engine.Engine - INFO - BEGIN (implicit)
2026-08-13 16:46:46,692 - sqlalchemy.engine.Engine - INFO - INSERT INTO workspaces (id, name, description, extra_metadata, created_at, updated_at) VALUES ($1::UUID, $2::VARCHAR, $3::VARCHAR, $4::JSON, $5::TIMESTAMP WITHOUT TIME ZONE, $6::TIMESTAMP WITHOUT TIME ZONE)
2026-08-13 16:46:46,692 - sqlalchemy.engine.Engine - INFO - [cached since 3.416s ago] (UUID('f6658032-c4d0-40ba-bd11-443b891f67ec'), 'Dataset Test WS', None, 'null', datetime.datetime(2026, 8, 13, 13, 16, 46, 692163), datetime.datetime(2026, 8, 13, 13, 16, 46, 692171))
2026-08-13 16:46:46,696 - sqlalchemy.engine.Engine - INFO - COMMIT
2026-08-13 16:46:46,773 - sqlalchemy.engine.Engine - INFO - BEGIN (implicit)
2026-08-13 16:46:46,774 - sqlalchemy.engine.Engine - INFO - SELECT workspaces.id, workspaces.name, workspaces.description, workspaces.extra_metadata, workspaces.created_at, workspaces.updated_at 
FROM workspaces 
WHERE workspaces.id = $1::UUID
2026-08-13 16:46:46,774 - sqlalchemy.engine.Engine - INFO - [cached since 3.404s ago] (UUID('f6658032-c4d0-40ba-bd11-443b891f67ec'),)
2026-08-13 16:46:46,780 - sqlalchemy.engine.Engine - INFO - ROLLBACK
2026-08-13 16:46:46,781 - app.api.middleware - INFO - e38534bb-bc5b-4cc0-8187-ccb4eb98c898 POST /workspaces 201 167.24ms
2026-08-13 16:46:46,865 - sqlalchemy.engine.Engine - INFO - BEGIN (implicit)
2026-08-13 16:46:46,866 - sqlalchemy.engine.Engine - INFO - INSERT INTO datasets (id, workspace_id, name, description, connector_type, connector_config, extra_metadata, created_at, updated_at) VALUES ($1::UUID, $2::UUID, $3::VARCHAR, $4::VARCHAR, $5::VARCHAR, $6::JSON, $7::JSON, $8::TIMESTAMP WITHOUT TIME ZONE, $9::TIMESTAMP WITHOUT TIME ZONE)
2026-08-13 16:46:46,866 - sqlalchemy.engine.Engine - INFO - [cached since 0.5195s ago] (UUID('4bcd0810-2a69-4ebd-b981-697fccf54aa2'), UUID('f6658032-c4d0-40ba-bd11-443b891f67ec'), 'Dataset1', None, None, 'null', 'null', datetime.datetime(2026, 8, 13, 13, 16, 46, 866385), datetime.datetime(2026, 8, 13, 13, 16, 46, 866393))
2026-08-13 16:46:46,872 - sqlalchemy.engine.Engine - INFO - COMMIT
2026-08-13 16:46:46,948 - sqlalchemy.engine.Engine - INFO - BEGIN (implicit)
2026-08-13 16:46:46,948 - sqlalchemy.engine.Engine - INFO - SELECT datasets.id, datasets.workspace_id, datasets.name, datasets.description, datasets.connector_type, datasets.connector_config, datasets.extra_metadata, datasets.created_at, datasets.updated_at 
FROM datasets 
WHERE datasets.id = $1::UUID
2026-08-13 16:46:46,949 - sqlalchemy.engine.Engine - INFO - [cached since 0.5133s ago] (UUID('4bcd0810-2a69-4ebd-b981-697fccf54aa2'),)
2026-08-13 16:46:46,956 - sqlalchemy.engine.Engine - INFO - ROLLBACK
2026-08-13 16:46:46,957 - app.api.middleware - INFO - 1438f59d-8322-49ce-8b96-9ccc2027e900 POST /datasets 201 166.36ms
2026-08-13 16:46:47,041 - sqlalchemy.engine.Engine - INFO - BEGIN (implicit)
2026-08-13 16:46:47,042 - sqlalchemy.engine.Engine - INFO - INSERT INTO datasets (id, workspace_id, name, description, connector_type, connector_config, extra_metadata, created_at, updated_at) VALUES ($1::UUID, $2::UUID, $3::VARCHAR, $4::VARCHAR, $5::VARCHAR, $6::JSON, $7::JSON, $8::TIMESTAMP WITHOUT TIME ZONE, $9::TIMESTAMP WITHOUT TIME ZONE)
2026-08-13 16:46:47,042 - sqlalchemy.engine.Engine - INFO - [cached since 0.6952s ago] (UUID('daf6bd67-cd59-4ce1-ad71-fd06f9b3d0c5'), UUID('f6658032-c4d0-40ba-bd11-443b891f67ec'), 'Dataset2', None, None, 'null', 'null', datetime.datetime(2026, 8, 13, 13, 16, 47, 42117), datetime.datetime(2026, 8, 13, 13, 16, 47, 42125))
2026-08-13 16:46:47,048 - sqlalchemy.engine.Engine - INFO - COMMIT
2026-08-13 16:46:47,122 - sqlalchemy.engine.Engine - INFO - BEGIN (implicit)
2026-08-13 16:46:47,122 - sqlalchemy.engine.Engine - INFO - SELECT datasets.id, datasets.workspace_id, datasets.name, datasets.description, datasets.connector_type, datasets.connector_config, datasets.extra_metadata, datasets.created_at, datasets.updated_at 
FROM datasets 
WHERE datasets.id = $1::UUID
2026-08-13 16:46:47,123 - sqlalchemy.engine.Engine - INFO - [cached since 0.6871s ago] (UUID('daf6bd67-cd59-4ce1-ad71-fd06f9b3d0c5'),)
2026-08-13 16:46:47,128 - sqlalchemy.engine.Engine - INFO - ROLLBACK
2026-08-13 16:46:47,129 - app.api.middleware - INFO - df51308d-aed4-4e02-9d1f-db5e8437826f POST /datasets 201 161.13ms
2026-08-13 16:46:47,207 - sqlalchemy.engine.Engine - INFO - BEGIN (implicit)
2026-08-13 16:46:47,211 - sqlalchemy.engine.Engine - INFO - SELECT datasets.id, datasets.workspace_id, datasets.name, datasets.description, datasets.connector_type, datasets.connector_config, datasets.extra_metadata, datasets.created_at, datasets.updated_at 
FROM datasets ORDER BY datasets.created_at DESC
2026-08-13 16:46:47,211 - sqlalchemy.engine.Engine - INFO - [generated in 0.00050s] ()
2026-08-13 16:46:47,217 - sqlalchemy.engine.Engine - INFO - ROLLBACK
2026-08-13 16:46:47,218 - app.api.middleware - INFO - 4942cada-e2bc-4323-bd6b-235d655895f6 GET /datasets 200 81.38ms
2026-08-13 16:46:47,299 - sqlalchemy.engine.Engine - INFO - BEGIN (implicit)
2026-08-13 16:46:47,299 - sqlalchemy.engine.Engine - INFO - TRUNCATE TABLE messages, tasks, conversations, embeddings, chunks, documents, datasets, workspaces CASCADE
2026-08-13 16:46:47,300 - sqlalchemy.engine.Engine - INFO - [cached since 3.846s ago] ()
2026-08-13 16:46:47,365 - sqlalchemy.engine.Engine - INFO - COMMIT
2026-08-13 16:46:47,457 - sqlalchemy.engine.Engine - INFO - BEGIN (implicit)
2026-08-13 16:46:47,458 - sqlalchemy.engine.Engine - INFO - INSERT INTO workspaces (id, name, description, extra_metadata, created_at, updated_at) VALUES ($1::UUID, $2::VARCHAR, $3::VARCHAR, $4::JSON, $5::TIMESTAMP WITHOUT TIME ZONE, $6::TIMESTAMP WITHOUT TIME ZONE)
2026-08-13 16:46:47,459 - sqlalchemy.engine.Engine - INFO - [cached since 4.182s ago] (UUID('8413a839-8473-46f0-939c-d557b474db54'), 'Dataset Test WS', None, 'null', datetime.datetime(2026, 8, 13, 13, 16, 47, 458654), datetime.datetime(2026, 8, 13, 13, 16, 47, 458660))
2026-08-13 16:46:47,463 - sqlalchemy.engine.Engine - INFO - COMMIT
2026-08-13 16:46:47,541 - sqlalchemy.engine.Engine - INFO - BEGIN (implicit)
2026-08-13 16:46:47,542 - sqlalchemy.engine.Engine - INFO - SELECT workspaces.id, workspaces.name, workspaces.description, workspaces.extra_metadata, workspaces.created_at, workspaces.updated_at 
FROM workspaces 
WHERE workspaces.id = $1::UUID
2026-08-13 16:46:47,542 - sqlalchemy.engine.Engine - INFO - [cached since 4.173s ago] (UUID('8413a839-8473-46f0-939c-d557b474db54'),)
2026-08-13 16:46:47,549 - sqlalchemy.engine.Engine - INFO - ROLLBACK
2026-08-13 16:46:47,549 - app.api.middleware - INFO - c9ca4d6e-d40d-4c18-b639-0c64369403bc POST /workspaces 201 169.50ms
2026-08-13 16:46:47,640 - sqlalchemy.engine.Engine - INFO - BEGIN (implicit)
2026-08-13 16:46:47,641 - sqlalchemy.engine.Engine - INFO - INSERT INTO datasets (id, workspace_id, name, description, connector_type, connector_config, extra_metadata, created_at, updated_at) VALUES ($1::UUID, $2::UUID, $3::VARCHAR, $4::VARCHAR, $5::VARCHAR, $6::JSON, $7::JSON, $8::TIMESTAMP WITHOUT TIME ZONE, $9::TIMESTAMP WITHOUT TIME ZONE)
2026-08-13 16:46:47,642 - sqlalchemy.engine.Engine - INFO - [cached since 1.295s ago] (UUID('4cb125ff-7e01-4f25-bcc6-b28e2c60f5fd'), UUID('8413a839-8473-46f0-939c-d557b474db54'), 'WS Dataset', None, None, 'null', 'null', datetime.datetime(2026, 8, 13, 13, 16, 47, 641566), datetime.datetime(2026, 8, 13, 13, 16, 47, 641575))
2026-08-13 16:46:47,650 - sqlalchemy.engine.Engine - INFO - COMMIT
2026-08-13 16:46:47,728 - sqlalchemy.engine.Engine - INFO - BEGIN (implicit)
2026-08-13 16:46:47,729 - sqlalchemy.engine.Engine - INFO - SELECT datasets.id, datasets.workspace_id, datasets.name, datasets.description, datasets.connector_type, datasets.connector_config, datasets.extra_metadata, datasets.created_at, datasets.updated_at 
FROM datasets 
WHERE datasets.id = $1::UUID
2026-08-13 16:46:47,729 - sqlalchemy.engine.Engine - INFO - [cached since 1.294s ago] (UUID('4cb125ff-7e01-4f25-bcc6-b28e2c60f5fd'),)
2026-08-13 16:46:47,734 - sqlalchemy.engine.Engine - INFO - ROLLBACK
2026-08-13 16:46:47,735 - app.api.middleware - INFO - 7c37276d-d810-472e-a124-f4713e8f16d1 POST /datasets 201 175.45ms
2026-08-13 16:46:47,813 - sqlalchemy.engine.Engine - INFO - BEGIN (implicit)
2026-08-13 16:46:47,815 - sqlalchemy.engine.Engine - INFO - SELECT datasets.id, datasets.workspace_id, datasets.name, datasets.description, datasets.connector_type, datasets.connector_config, datasets.extra_metadata, datasets.created_at, datasets.updated_at 
FROM datasets 
WHERE datasets.workspace_id = $1::UUID ORDER BY datasets.created_at DESC
2026-08-13 16:46:47,816 - sqlalchemy.engine.Engine - INFO - [generated in 0.00069s] ('8413a839-8473-46f0-939c-d557b474db54',)
2026-08-13 16:46:47,824 - sqlalchemy.engine.Engine - INFO - ROLLBACK
2026-08-13 16:46:47,825 - app.api.middleware - INFO - 1943ff1d-6e71-420d-bb28-03fbd7ef3bd3 GET /datasets 200 81.62ms
2026-08-13 16:46:47,902 - sqlalchemy.engine.Engine - INFO - BEGIN (implicit)
2026-08-13 16:46:47,903 - sqlalchemy.engine.Engine - INFO - TRUNCATE TABLE messages, tasks, conversations, embeddings, chunks, documents, datasets, workspaces CASCADE
2026-08-13 16:46:47,903 - sqlalchemy.engine.Engine - INFO - [cached since 4.449s ago] ()
2026-08-13 16:46:47,975 - sqlalchemy.engine.Engine - INFO - COMMIT
2026-08-13 16:46:48,072 - sqlalchemy.engine.Engine - INFO - BEGIN (implicit)
2026-08-13 16:46:48,073 - sqlalchemy.engine.Engine - INFO - INSERT INTO workspaces (id, name, description, extra_metadata, created_at, updated_at) VALUES ($1::UUID, $2::VARCHAR, $3::VARCHAR, $4::JSON, $5::TIMESTAMP WITHOUT TIME ZONE, $6::TIMESTAMP WITHOUT TIME ZONE)
2026-08-13 16:46:48,073 - sqlalchemy.engine.Engine - INFO - [cached since 4.797s ago] (UUID('a9801f63-ab0b-4edb-b4eb-32c25165af8d'), 'Dataset Test WS', None, 'null', datetime.datetime(2026, 8, 13, 13, 16, 48, 73066), datetime.datetime(2026, 8, 13, 13, 16, 48, 73073))
2026-08-13 16:46:48,078 - sqlalchemy.engine.Engine - INFO - COMMIT
2026-08-13 16:46:48,151 - sqlalchemy.engine.Engine - INFO - BEGIN (implicit)
2026-08-13 16:46:48,152 - sqlalchemy.engine.Engine - INFO - SELECT workspaces.id, workspaces.name, workspaces.description, workspaces.extra_metadata, workspaces.created_at, workspaces.updated_at 
FROM workspaces 
WHERE workspaces.id = $1::UUID
2026-08-13 16:46:48,152 - sqlalchemy.engine.Engine - INFO - [cached since 4.782s ago] (UUID('a9801f63-ab0b-4edb-b4eb-32c25165af8d'),)
2026-08-13 16:46:48,159 - sqlalchemy.engine.Engine - INFO - ROLLBACK
2026-08-13 16:46:48,160 - app.api.middleware - INFO - 8160f8a1-cb84-4998-81a4-e98ec51178f0 POST /workspaces 201 167.86ms
2026-08-13 16:46:48,241 - sqlalchemy.engine.Engine - INFO - BEGIN (implicit)
2026-08-13 16:46:48,242 - sqlalchemy.engine.Engine - INFO - INSERT INTO datasets (id, workspace_id, name, description, connector_type, connector_config, extra_metadata, created_at, updated_at) VALUES ($1::UUID, $2::UUID, $3::VARCHAR, $4::VARCHAR, $5::VARCHAR, $6::JSON, $7::JSON, $8::TIMESTAMP WITHOUT TIME ZONE, $9::TIMESTAMP WITHOUT TIME ZONE)
2026-08-13 16:46:48,242 - sqlalchemy.engine.Engine - INFO - [cached since 1.895s ago] (UUID('179be799-e8ed-4848-a072-d863781e2ae6'), UUID('a9801f63-ab0b-4edb-b4eb-32c25165af8d'), 'Get Test Dataset', None, None, 'null', 'null', datetime.datetime(2026, 8, 13, 13, 16, 48, 242294), datetime.datetime(2026, 8, 13, 13, 16, 48, 242302))
2026-08-13 16:46:48,248 - sqlalchemy.engine.Engine - INFO - COMMIT
2026-08-13 16:46:48,324 - sqlalchemy.engine.Engine - INFO - BEGIN (implicit)
2026-08-13 16:46:48,325 - sqlalchemy.engine.Engine - INFO - SELECT datasets.id, datasets.workspace_id, datasets.name, datasets.description, datasets.connector_type, datasets.connector_config, datasets.extra_metadata, datasets.created_at, datasets.updated_at 
FROM datasets 
WHERE datasets.id = $1::UUID
2026-08-13 16:46:48,326 - sqlalchemy.engine.Engine - INFO - [cached since 1.89s ago] (UUID('179be799-e8ed-4848-a072-d863781e2ae6'),)
2026-08-13 16:46:48,332 - sqlalchemy.engine.Engine - INFO - ROLLBACK
2026-08-13 16:46:48,332 - app.api.middleware - INFO - 219e9a7a-c841-431e-b66b-12e8853dbbbd POST /datasets 201 162.31ms
2026-08-13 16:46:48,410 - sqlalchemy.engine.Engine - INFO - BEGIN (implicit)
2026-08-13 16:46:48,412 - sqlalchemy.engine.Engine - INFO - SELECT datasets.id, datasets.workspace_id, datasets.name, datasets.description, datasets.connector_type, datasets.connector_config, datasets.extra_metadata, datasets.created_at, datasets.updated_at 
FROM datasets 
WHERE datasets.id = $1::UUID
2026-08-13 16:46:48,412 - sqlalchemy.engine.Engine - INFO - [generated in 0.00047s] ('179be799-e8ed-4848-a072-d863781e2ae6',)
2026-08-13 16:46:48,418 - sqlalchemy.engine.Engine - INFO - ROLLBACK
2026-08-13 16:46:48,419 - app.api.middleware - INFO - f98ef322-a6f2-45aa-a1ec-83c8f18ebdb6 GET /datasets/179be799-e8ed-4848-a072-d863781e2ae6 200 77.69ms
2026-08-13 16:46:48,494 - sqlalchemy.engine.Engine - INFO - BEGIN (implicit)
2026-08-13 16:46:48,494 - sqlalchemy.engine.Engine - INFO - TRUNCATE TABLE messages, tasks, conversations, embeddings, chunks, documents, datasets, workspaces CASCADE
2026-08-13 16:46:48,494 - sqlalchemy.engine.Engine - INFO - [cached since 5.04s ago] ()
2026-08-13 16:46:48,557 - sqlalchemy.engine.Engine - INFO - COMMIT
2026-08-13 16:46:48,655 - sqlalchemy.engine.Engine - INFO - BEGIN (implicit)
2026-08-13 16:46:48,656 - sqlalchemy.engine.Engine - INFO - INSERT INTO workspaces (id, name, description, extra_metadata, created_at, updated_at) VALUES ($1::UUID, $2::VARCHAR, $3::VARCHAR, $4::JSON, $5::TIMESTAMP WITHOUT TIME ZONE, $6::TIMESTAMP WITHOUT TIME ZONE)
2026-08-13 16:46:48,656 - sqlalchemy.engine.Engine - INFO - [cached since 5.38s ago] (UUID('b4ea303f-7559-4b3a-a2a2-9dc6d1021caf'), 'Dataset Test WS', None, 'null', datetime.datetime(2026, 8, 13, 13, 16, 48, 656163), datetime.datetime(2026, 8, 13, 13, 16, 48, 656172))
2026-08-13 16:46:48,661 - sqlalchemy.engine.Engine - INFO - COMMIT
2026-08-13 16:46:48,741 - sqlalchemy.engine.Engine - INFO - BEGIN (implicit)
2026-08-13 16:46:48,742 - sqlalchemy.engine.Engine - INFO - SELECT workspaces.id, workspaces.name, workspaces.description, workspaces.extra_metadata, workspaces.created_at, workspaces.updated_at 
FROM workspaces 
WHERE workspaces.id = $1::UUID
2026-08-13 16:46:48,742 - sqlalchemy.engine.Engine - INFO - [cached since 5.372s ago] (UUID('b4ea303f-7559-4b3a-a2a2-9dc6d1021caf'),)
2026-08-13 16:46:48,748 - sqlalchemy.engine.Engine - INFO - ROLLBACK
2026-08-13 16:46:48,749 - app.api.middleware - INFO - 200f640e-bca0-4cbf-9dec-5d8b3bb6f936 POST /workspaces 201 171.51ms
2026-08-13 16:46:48,832 - sqlalchemy.engine.Engine - INFO - BEGIN (implicit)
2026-08-13 16:46:48,833 - sqlalchemy.engine.Engine - INFO - SELECT datasets.id, datasets.workspace_id, datasets.name, datasets.description, datasets.connector_type, datasets.connector_config, datasets.extra_metadata, datasets.created_at, datasets.updated_at 
FROM datasets 
WHERE datasets.id = $1::UUID
2026-08-13 16:46:48,833 - sqlalchemy.engine.Engine - INFO - [cached since 0.4211s ago] ('00000000-0000-0000-0000-000000000000',)
2026-08-13 16:46:48,839 - sqlalchemy.engine.Engine - INFO - ROLLBACK
2026-08-13 16:46:48,846 - app.api.middleware - INFO - 7585bae5-f74c-4ae7-915a-72b3b79a7ccb GET /datasets/00000000-0000-0000-0000-000000000000 404 85.61ms
2026-08-13 16:46:48,920 - sqlalchemy.engine.Engine - INFO - BEGIN (implicit)
2026-08-13 16:46:48,920 - sqlalchemy.engine.Engine - INFO - TRUNCATE TABLE messages, tasks, conversations, embeddings, chunks, documents, datasets, workspaces CASCADE
2026-08-13 16:46:48,920 - sqlalchemy.engine.Engine - INFO - [cached since 5.466s ago] ()
2026-08-13 16:46:48,989 - sqlalchemy.engine.Engine - INFO - COMMIT
2026-08-13 16:46:49,079 - sqlalchemy.engine.Engine - INFO - BEGIN (implicit)
2026-08-13 16:46:49,080 - sqlalchemy.engine.Engine - INFO - INSERT INTO workspaces (id, name, description, extra_metadata, created_at, updated_at) VALUES ($1::UUID, $2::VARCHAR, $3::VARCHAR, $4::JSON, $5::TIMESTAMP WITHOUT TIME ZONE, $6::TIMESTAMP WITHOUT TIME ZONE)
2026-08-13 16:46:49,080 - sqlalchemy.engine.Engine - INFO - [cached since 5.804s ago] (UUID('3953c84f-ce04-4a1b-8f06-1f186c30dfb8'), 'Dataset Test WS', None, 'null', datetime.datetime(2026, 8, 13, 13, 16, 49, 80547), datetime.datetime(2026, 8, 13, 13, 16, 49, 80555))
2026-08-13 16:46:49,085 - sqlalchemy.engine.Engine - INFO - COMMIT
2026-08-13 16:46:49,162 - sqlalchemy.engine.Engine - INFO - BEGIN (implicit)
2026-08-13 16:46:49,163 - sqlalchemy.engine.Engine - INFO - SELECT workspaces.id, workspaces.name, workspaces.description, workspaces.extra_metadata, workspaces.created_at, workspaces.updated_at 
FROM workspaces 
WHERE workspaces.id = $1::UUID
2026-08-13 16:46:49,163 - sqlalchemy.engine.Engine - INFO - [cached since 5.793s ago] (UUID('3953c84f-ce04-4a1b-8f06-1f186c30dfb8'),)
2026-08-13 16:46:49,168 - sqlalchemy.engine.Engine - INFO - ROLLBACK
2026-08-13 16:46:49,169 - app.api.middleware - INFO - 0ab97a2b-8c9a-412e-b74a-b9370b25b7b7 POST /workspaces 201 164.78ms
2026-08-13 16:46:49,250 - sqlalchemy.engine.Engine - INFO - BEGIN (implicit)
2026-08-13 16:46:49,251 - sqlalchemy.engine.Engine - INFO - INSERT INTO datasets (id, workspace_id, name, description, connector_type, connector_config, extra_metadata, created_at, updated_at) VALUES ($1::UUID, $2::UUID, $3::VARCHAR, $4::VARCHAR, $5::VARCHAR, $6::JSON, $7::JSON, $8::TIMESTAMP WITHOUT TIME ZONE, $9::TIMESTAMP WITHOUT TIME ZONE)
2026-08-13 16:46:49,251 - sqlalchemy.engine.Engine - INFO - [cached since 2.904s ago] (UUID('87ac4a75-418c-4879-be68-a8fe0549f8d3'), UUID('3953c84f-ce04-4a1b-8f06-1f186c30dfb8'), 'Original Dataset', None, None, 'null', 'null', datetime.datetime(2026, 8, 13, 13, 16, 49, 251177), datetime.datetime(2026, 8, 13, 13, 16, 49, 251184))
2026-08-13 16:46:49,257 - sqlalchemy.engine.Engine - INFO - COMMIT
2026-08-13 16:46:49,338 - sqlalchemy.engine.Engine - INFO - BEGIN (implicit)
2026-08-13 16:46:49,339 - sqlalchemy.engine.Engine - INFO - SELECT datasets.id, datasets.workspace_id, datasets.name, datasets.description, datasets.connector_type, datasets.connector_config, datasets.extra_metadata, datasets.created_at, datasets.updated_at 
FROM datasets 
WHERE datasets.id = $1::UUID
2026-08-13 16:46:49,339 - sqlalchemy.engine.Engine - INFO - [cached since 2.904s ago] (UUID('87ac4a75-418c-4879-be68-a8fe0549f8d3'),)
2026-08-13 16:46:49,346 - sqlalchemy.engine.Engine - INFO - ROLLBACK
2026-08-13 16:46:49,347 - app.api.middleware - INFO - 99f656ec-8c1a-42dc-bdc4-66f5ac07e101 POST /datasets 201 168.63ms
2026-08-13 16:46:49,436 - sqlalchemy.engine.Engine - INFO - BEGIN (implicit)
2026-08-13 16:46:49,436 - sqlalchemy.engine.Engine - INFO - SELECT datasets.id, datasets.workspace_id, datasets.name, datasets.description, datasets.connector_type, datasets.connector_config, datasets.extra_metadata, datasets.created_at, datasets.updated_at 
FROM datasets 
WHERE datasets.id = $1::UUID
2026-08-13 16:46:49,437 - sqlalchemy.engine.Engine - INFO - [cached since 1.025s ago] ('87ac4a75-418c-4879-be68-a8fe0549f8d3',)
2026-08-13 16:46:49,444 - sqlalchemy.engine.Engine - INFO - UPDATE datasets SET name=$1::VARCHAR, description=$2::VARCHAR, updated_at=$3::TIMESTAMP WITHOUT TIME ZONE WHERE datasets.id = $4::UUID
2026-08-13 16:46:49,444 - sqlalchemy.engine.Engine - INFO - [generated in 0.00051s] ('Updated Dataset', 'New desc', datetime.datetime(2026, 8, 13, 13, 16, 49, 442953), UUID('87ac4a75-418c-4879-be68-a8fe0549f8d3'))
2026-08-13 16:46:49,448 - sqlalchemy.engine.Engine - INFO - COMMIT
2026-08-13 16:46:49,524 - sqlalchemy.engine.Engine - INFO - BEGIN (implicit)
2026-08-13 16:46:49,525 - sqlalchemy.engine.Engine - INFO - SELECT datasets.id, datasets.workspace_id, datasets.name, datasets.description, datasets.connector_type, datasets.connector_config, datasets.extra_metadata, datasets.created_at, datasets.updated_at 
FROM datasets 
WHERE datasets.id = $1::UUID
2026-08-13 16:46:49,525 - sqlalchemy.engine.Engine - INFO - [cached since 3.09s ago] (UUID('87ac4a75-418c-4879-be68-a8fe0549f8d3'),)
2026-08-13 16:46:49,530 - sqlalchemy.engine.Engine - INFO - ROLLBACK
2026-08-13 16:46:49,531 - app.api.middleware - INFO - ee4fc35b-986f-408d-a947-82eb2059082d PATCH /datasets/87ac4a75-418c-4879-be68-a8fe0549f8d3 200 173.89ms
2026-08-13 16:46:49,608 - sqlalchemy.engine.Engine - INFO - BEGIN (implicit)
2026-08-13 16:46:49,608 - sqlalchemy.engine.Engine - INFO - TRUNCATE TABLE messages, tasks, conversations, embeddings, chunks, documents, datasets, workspaces CASCADE
2026-08-13 16:46:49,609 - sqlalchemy.engine.Engine - INFO - [cached since 6.155s ago] ()
2026-08-13 16:46:49,678 - sqlalchemy.engine.Engine - INFO - COMMIT
2026-08-13 16:46:49,777 - sqlalchemy.engine.Engine - INFO - BEGIN (implicit)
2026-08-13 16:46:49,778 - sqlalchemy.engine.Engine - INFO - INSERT INTO workspaces (id, name, description, extra_metadata, created_at, updated_at) VALUES ($1::UUID, $2::VARCHAR, $3::VARCHAR, $4::JSON, $5::TIMESTAMP WITHOUT TIME ZONE, $6::TIMESTAMP WITHOUT TIME ZONE)
2026-08-13 16:46:49,778 - sqlalchemy.engine.Engine - INFO - [cached since 6.502s ago] (UUID('c4c51014-cd0f-4609-9d90-deedf7447398'), 'Dataset Test WS', None, 'null', datetime.datetime(2026, 8, 13, 13, 16, 49, 777996), datetime.datetime(2026, 8, 13, 13, 16, 49, 778003))
2026-08-13 16:46:49,783 - sqlalchemy.engine.Engine - INFO - COMMIT
2026-08-13 16:46:49,859 - sqlalchemy.engine.Engine - INFO - BEGIN (implicit)
2026-08-13 16:46:49,860 - sqlalchemy.engine.Engine - INFO - SELECT workspaces.id, workspaces.name, workspaces.description, workspaces.extra_metadata, workspaces.created_at, workspaces.updated_at 
FROM workspaces 
WHERE workspaces.id = $1::UUID
2026-08-13 16:46:49,860 - sqlalchemy.engine.Engine - INFO - [cached since 6.49s ago] (UUID('c4c51014-cd0f-4609-9d90-deedf7447398'),)
2026-08-13 16:46:49,866 - sqlalchemy.engine.Engine - INFO - ROLLBACK
2026-08-13 16:46:49,867 - app.api.middleware - INFO - f131d343-491f-41a7-8b0e-9a52bbd6b7bb POST /workspaces 201 171.01ms
2026-08-13 16:46:49,956 - sqlalchemy.engine.Engine - INFO - BEGIN (implicit)
2026-08-13 16:46:49,957 - sqlalchemy.engine.Engine - INFO - INSERT INTO datasets (id, workspace_id, name, description, connector_type, connector_config, extra_metadata, created_at, updated_at) VALUES ($1::UUID, $2::UUID, $3::VARCHAR, $4::VARCHAR, $5::VARCHAR, $6::JSON, $7::JSON, $8::TIMESTAMP WITHOUT TIME ZONE, $9::TIMESTAMP WITHOUT TIME ZONE)
2026-08-13 16:46:49,957 - sqlalchemy.engine.Engine - INFO - [cached since 3.61s ago] (UUID('4e074428-6eed-4876-9633-0f3170692d65'), UUID('c4c51014-cd0f-4609-9d90-deedf7447398'), 'To Delete', None, None, 'null', 'null', datetime.datetime(2026, 8, 13, 13, 16, 49, 957034), datetime.datetime(2026, 8, 13, 13, 16, 49, 957041))
2026-08-13 16:46:49,963 - sqlalchemy.engine.Engine - INFO - COMMIT
2026-08-13 16:46:50,040 - sqlalchemy.engine.Engine - INFO - BEGIN (implicit)
2026-08-13 16:46:50,041 - sqlalchemy.engine.Engine - INFO - SELECT datasets.id, datasets.workspace_id, datasets.name, datasets.description, datasets.connector_type, datasets.connector_config, datasets.extra_metadata, datasets.created_at, datasets.updated_at 
FROM datasets 
WHERE datasets.id = $1::UUID
2026-08-13 16:46:50,041 - sqlalchemy.engine.Engine - INFO - [cached since 3.605s ago] (UUID('4e074428-6eed-4876-9633-0f3170692d65'),)
2026-08-13 16:46:50,048 - sqlalchemy.engine.Engine - INFO - ROLLBACK
2026-08-13 16:46:50,049 - app.api.middleware - INFO - 0ec1c497-53f1-4d96-a70f-08f27920efa2 POST /datasets 201 170.74ms
2026-08-13 16:46:50,129 - sqlalchemy.engine.Engine - INFO - BEGIN (implicit)
2026-08-13 16:46:50,130 - sqlalchemy.engine.Engine - INFO - SELECT datasets.id, datasets.workspace_id, datasets.name, datasets.description, datasets.connector_type, datasets.connector_config, datasets.extra_metadata, datasets.created_at, datasets.updated_at 
FROM datasets 
WHERE datasets.id = $1::UUID
2026-08-13 16:46:50,130 - sqlalchemy.engine.Engine - INFO - [cached since 1.719s ago] ('4e074428-6eed-4876-9633-0f3170692d65',)
2026-08-13 16:46:50,137 - sqlalchemy.engine.Engine - INFO - DELETE FROM datasets WHERE datasets.id = $1::UUID
2026-08-13 16:46:50,137 - sqlalchemy.engine.Engine - INFO - [generated in 0.00048s] (UUID('4e074428-6eed-4876-9633-0f3170692d65'),)
2026-08-13 16:46:50,141 - sqlalchemy.engine.Engine - INFO - COMMIT
2026-08-13 16:46:50,149 - app.api.middleware - INFO - b4305313-62bb-45c6-948f-696050029446 DELETE /datasets/4e074428-6eed-4876-9633-0f3170692d65 204 90.60ms
2026-08-13 16:46:50,220 - sqlalchemy.engine.Engine - INFO - BEGIN (implicit)
2026-08-13 16:46:50,221 - sqlalchemy.engine.Engine - INFO - SELECT datasets.id, datasets.workspace_id, datasets.name, datasets.description, datasets.connector_type, datasets.connector_config, datasets.extra_metadata, datasets.created_at, datasets.updated_at 
FROM datasets 
WHERE datasets.id = $1::UUID
2026-08-13 16:46:50,222 - sqlalchemy.engine.Engine - INFO - [cached since 1.81s ago] ('4e074428-6eed-4876-9633-0f3170692d65',)
2026-08-13 16:46:50,227 - sqlalchemy.engine.Engine - INFO - ROLLBACK
2026-08-13 16:46:50,233 - app.api.middleware - INFO - 9a2be79e-aff9-4488-8cab-f4e92cf205a3 GET /datasets/4e074428-6eed-4876-9633-0f3170692d65 404 80.84ms
2026-08-13 16:46:50,310 - sqlalchemy.engine.Engine - INFO - BEGIN (implicit)
2026-08-13 16:46:50,311 - sqlalchemy.engine.Engine - INFO - TRUNCATE TABLE messages, tasks, conversations, embeddings, chunks, documents, datasets, workspaces CASCADE
2026-08-13 16:46:50,311 - sqlalchemy.engine.Engine - INFO - [cached since 6.857s ago] ()
2026-08-13 16:46:50,375 - sqlalchemy.engine.Engine - INFO - COMMIT
2026-08-13 16:46:50,467 - sqlalchemy.engine.Engine - INFO - BEGIN (implicit)
2026-08-13 16:46:50,468 - sqlalchemy.engine.Engine - INFO - INSERT INTO workspaces (id, name, description, extra_metadata, created_at, updated_at) VALUES ($1::UUID, $2::VARCHAR, $3::VARCHAR, $4::JSON, $5::TIMESTAMP WITHOUT TIME ZONE, $6::TIMESTAMP WITHOUT TIME ZONE)
2026-08-13 16:46:50,468 - sqlalchemy.engine.Engine - INFO - [cached since 7.192s ago] (UUID('58110119-6adf-4fde-a667-c8dce2021dc4'), 'Dataset Test WS', None, 'null', datetime.datetime(2026, 8, 13, 13, 16, 50, 468459), datetime.datetime(2026, 8, 13, 13, 16, 50, 468467))
2026-08-13 16:46:50,472 - sqlalchemy.engine.Engine - INFO - COMMIT
2026-08-13 16:46:50,548 - sqlalchemy.engine.Engine - INFO - BEGIN (implicit)
2026-08-13 16:46:50,548 - sqlalchemy.engine.Engine - INFO - SELECT workspaces.id, workspaces.name, workspaces.description, workspaces.extra_metadata, workspaces.created_at, workspaces.updated_at 
FROM workspaces 
WHERE workspaces.id = $1::UUID
2026-08-13 16:46:50,549 - sqlalchemy.engine.Engine - INFO - [cached since 7.179s ago] (UUID('58110119-6adf-4fde-a667-c8dce2021dc4'),)
2026-08-13 16:46:50,554 - sqlalchemy.engine.Engine - INFO - ROLLBACK
2026-08-13 16:46:50,555 - app.api.middleware - INFO - 65bc68bc-3323-456a-818b-92a5723de97f POST /workspaces 201 163.54ms
2026-08-13 16:46:50,637 - sqlalchemy.engine.Engine - INFO - BEGIN (implicit)
2026-08-13 16:46:50,638 - sqlalchemy.engine.Engine - INFO - SELECT datasets.id, datasets.workspace_id, datasets.name, datasets.description, datasets.connector_type, datasets.connector_config, datasets.extra_metadata, datasets.created_at, datasets.updated_at 
FROM datasets 
WHERE datasets.id = $1::UUID
2026-08-13 16:46:50,638 - sqlalchemy.engine.Engine - INFO - [cached since 2.226s ago] ('00000000-0000-0000-0000-000000000000',)
2026-08-13 16:46:50,642 - sqlalchemy.engine.Engine - INFO - ROLLBACK
2026-08-13 16:46:50,648 - app.api.middleware - INFO - b76c9183-33e5-47c9-af05-bbb1100c0136 DELETE /datasets/00000000-0000-0000-0000-000000000000 404 84.43ms
2026-08-13 16:46:50,717 - sqlalchemy.engine.Engine - INFO - BEGIN (implicit)
2026-08-13 16:46:50,718 - sqlalchemy.engine.Engine - INFO - TRUNCATE TABLE messages, tasks, conversations, embeddings, chunks, documents, datasets, workspaces CASCADE
2026-08-13 16:46:50,718 - sqlalchemy.engine.Engine - INFO - [cached since 7.264s ago] ()
2026-08-13 16:46:50,786 - sqlalchemy.engine.Engine - INFO - COMMIT
2026-08-13 16:46:50,870 - sqlalchemy.engine.Engine - INFO - BEGIN (implicit)
2026-08-13 16:46:50,872 - sqlalchemy.engine.Engine - INFO - INSERT INTO workspaces (id, name, description, created_at, updated_at) VALUES ($1::UUID, $2::VARCHAR, $3::VARCHAR, $4::TIMESTAMP WITHOUT TIME ZONE, $5::TIMESTAMP WITHOUT TIME ZONE)
2026-08-13 16:46:50,872 - sqlalchemy.engine.Engine - INFO - [generated in 0.00047s] (UUID('a89eddf2-9c86-4ad4-95aa-91badab7e26e'), 'Test Workspace', 'A test workspace', datetime.datetime(2026, 8, 13, 13, 16, 50, 872107), datetime.datetime(2026, 8, 13, 13, 16, 50, 872115))
2026-08-13 16:46:50,877 - sqlalchemy.engine.Engine - INFO - COMMIT
2026-08-13 16:46:50,956 - sqlalchemy.engine.Engine - INFO - BEGIN (implicit)
2026-08-13 16:46:50,957 - sqlalchemy.engine.Engine - INFO - SELECT workspaces.id, workspaces.name, workspaces.description, workspaces.extra_metadata, workspaces.created_at, workspaces.updated_at 
FROM workspaces 
WHERE workspaces.id = $1::UUID
2026-08-13 16:46:50,958 - sqlalchemy.engine.Engine - INFO - [cached since 7.588s ago] (UUID('a89eddf2-9c86-4ad4-95aa-91badab7e26e'),)
2026-08-13 16:46:50,964 - sqlalchemy.engine.Engine - INFO - ROLLBACK
2026-08-13 16:46:51,042 - sqlalchemy.engine.Engine - INFO - BEGIN (implicit)
2026-08-13 16:46:51,043 - sqlalchemy.engine.Engine - INFO - TRUNCATE TABLE messages, tasks, conversations, embeddings, chunks, documents, datasets, workspaces CASCADE
2026-08-13 16:46:51,043 - sqlalchemy.engine.Engine - INFO - [cached since 7.589s ago] ()
2026-08-13 16:46:51,113 - sqlalchemy.engine.Engine - INFO - COMMIT
2026-08-13 16:46:51,196 - sqlalchemy.engine.Engine - INFO - BEGIN (implicit)
2026-08-13 16:46:51,197 - sqlalchemy.engine.Engine - INFO - INSERT INTO workspaces (id, name, description, extra_metadata, created_at, updated_at) VALUES ($1::UUID, $2::VARCHAR, $3::VARCHAR, $4::JSON, $5::TIMESTAMP WITHOUT TIME ZONE, $6::TIMESTAMP WITHOUT TIME ZONE)
2026-08-13 16:46:51,198 - sqlalchemy.engine.Engine - INFO - [cached since 7.921s ago] (UUID('d65c3bdd-0f4f-4eb8-a92a-53371d1ef974'), 'Test Workspace', None, '{"key": "value"}', datetime.datetime(2026, 8, 13, 13, 16, 51, 197601), datetime.datetime(2026, 8, 13, 13, 16, 51, 197609))
2026-08-13 16:46:51,203 - sqlalchemy.engine.Engine - INFO - COMMIT
2026-08-13 16:46:51,279 - sqlalchemy.engine.Engine - INFO - BEGIN (implicit)
2026-08-13 16:46:51,280 - sqlalchemy.engine.Engine - INFO - SELECT workspaces.id, workspaces.name, workspaces.description, workspaces.extra_metadata, workspaces.created_at, workspaces.updated_at 
FROM workspaces 
WHERE workspaces.id = $1::UUID
2026-08-13 16:46:51,280 - sqlalchemy.engine.Engine - INFO - [cached since 7.911s ago] (UUID('d65c3bdd-0f4f-4eb8-a92a-53371d1ef974'),)
2026-08-13 16:46:51,286 - sqlalchemy.engine.Engine - INFO - ROLLBACK
2026-08-13 16:46:51,364 - sqlalchemy.engine.Engine - INFO - BEGIN (implicit)
2026-08-13 16:46:51,365 - sqlalchemy.engine.Engine - INFO - TRUNCATE TABLE messages, tasks, conversations, embeddings, chunks, documents, datasets, workspaces CASCADE
2026-08-13 16:46:51,365 - sqlalchemy.engine.Engine - INFO - [cached since 7.911s ago] ()
2026-08-13 16:46:51,436 - sqlalchemy.engine.Engine - INFO - COMMIT
2026-08-13 16:46:51,523 - sqlalchemy.engine.Engine - INFO - BEGIN (implicit)
2026-08-13 16:46:51,523 - sqlalchemy.engine.Engine - INFO - INSERT INTO workspaces (id, name, description, created_at, updated_at) VALUES ($1::UUID, $2::VARCHAR, $3::VARCHAR, $4::TIMESTAMP WITHOUT TIME ZONE, $5::TIMESTAMP WITHOUT TIME ZONE)
2026-08-13 16:46:51,524 - sqlalchemy.engine.Engine - INFO - [cached since 0.652s ago] (UUID('c1074569-a0e7-4060-87fe-025a2dacedc5'), 'Test WS', None, datetime.datetime(2026, 8, 13, 13, 16, 51, 523666), datetime.datetime(2026, 8, 13, 13, 16, 51, 523673))
2026-08-13 16:46:51,529 - sqlalchemy.engine.Engine - INFO - INSERT INTO datasets (id, workspace_id, name, description, connector_type, created_at, updated_at) VALUES ($1::UUID, $2::UUID, $3::VARCHAR, $4::VARCHAR, $5::VARCHAR, $6::TIMESTAMP WITHOUT TIME ZONE, $7::TIMESTAMP WITHOUT TIME ZONE)
2026-08-13 16:46:51,529 - sqlalchemy.engine.Engine - INFO - [generated in 0.00056s] (UUID('bc596d56-6b74-4400-8cda-1ebea0acd029'), UUID('c1074569-a0e7-4060-87fe-025a2dacedc5'), 'Test Dataset', None, 'markdown', datetime.datetime(2026, 8, 13, 13, 16, 51, 529506), datetime.datetime(2026, 8, 13, 13, 16, 51, 529514))
2026-08-13 16:46:51,533 - sqlalchemy.engine.Engine - INFO - COMMIT
2026-08-13 16:46:51,611 - sqlalchemy.engine.Engine - INFO - BEGIN (implicit)
2026-08-13 16:46:51,612 - sqlalchemy.engine.Engine - INFO - SELECT datasets.id, datasets.workspace_id, datasets.name, datasets.description, datasets.connector_type, datasets.connector_config, datasets.extra_metadata, datasets.created_at, datasets.updated_at 
FROM datasets 
WHERE datasets.id = $1::UUID
2026-08-13 16:46:51,613 - sqlalchemy.engine.Engine - INFO - [cached since 5.177s ago] (UUID('bc596d56-6b74-4400-8cda-1ebea0acd029'),)
2026-08-13 16:46:51,619 - sqlalchemy.engine.Engine - INFO - ROLLBACK
2026-08-13 16:46:51,701 - sqlalchemy.engine.Engine - INFO - BEGIN (implicit)
2026-08-13 16:46:51,702 - sqlalchemy.engine.Engine - INFO - TRUNCATE TABLE messages, tasks, conversations, embeddings, chunks, documents, datasets, workspaces CASCADE
2026-08-13 16:46:51,702 - sqlalchemy.engine.Engine - INFO - [cached since 8.248s ago] ()
2026-08-13 16:46:51,769 - sqlalchemy.engine.Engine - INFO - COMMIT
2026-08-13 16:46:51,861 - sqlalchemy.engine.Engine - INFO - BEGIN (implicit)
2026-08-13 16:46:51,862 - sqlalchemy.engine.Engine - INFO - INSERT INTO workspaces (id, name, description, created_at, updated_at) VALUES ($1::UUID, $2::VARCHAR, $3::VARCHAR, $4::TIMESTAMP WITHOUT TIME ZONE, $5::TIMESTAMP WITHOUT TIME ZONE)
2026-08-13 16:46:51,862 - sqlalchemy.engine.Engine - INFO - [cached since 0.9906s ago] (UUID('5866aefe-66ea-4dd5-a785-d668bfda1fdc'), 'Test WS', None, datetime.datetime(2026, 8, 13, 13, 16, 51, 862281), datetime.datetime(2026, 8, 13, 13, 16, 51, 862288))
2026-08-13 16:46:51,866 - sqlalchemy.engine.Engine - INFO - INSERT INTO datasets (id, workspace_id, name, description, connector_type, created_at, updated_at) VALUES ($1::UUID, $2::UUID, $3::VARCHAR, $4::VARCHAR, $5::VARCHAR, $6::TIMESTAMP WITHOUT TIME ZONE, $7::TIMESTAMP WITHOUT TIME ZONE)
2026-08-13 16:46:51,867 - sqlalchemy.engine.Engine - INFO - [cached since 0.3379s ago] (UUID('d084accf-d4e6-4425-95dd-17e6b591175f'), UUID('5866aefe-66ea-4dd5-a785-d668bfda1fdc'), 'Test DS', None, None, datetime.datetime(2026, 8, 13, 13, 16, 51, 866894), datetime.datetime(2026, 8, 13, 13, 16, 51, 866904))
2026-08-13 16:46:51,873 - sqlalchemy.engine.Engine - INFO - INSERT INTO documents (id, dataset_id, workspace_id, source, filename, content_type, size_bytes, status, created_at, updated_at) VALUES ($1::UUID, $2::UUID, $3::UUID, $4::VARCHAR, $5::VARCHAR, $6::VARCHAR, $7::INTEGER, $8::VARCHAR, $9::TIMESTAMP WITHOUT TIME ZONE, $10::TIMESTAMP WITHOUT TIME ZONE)
2026-08-13 16:46:51,874 - sqlalchemy.engine.Engine - INFO - [generated in 0.00066s] (UUID('bf3894c3-71a2-4801-9119-9efec835be28'), UUID('d084accf-d4e6-4425-95dd-17e6b591175f'), UUID('5866aefe-66ea-4dd5-a785-d668bfda1fdc'), '/path/to/file.md', 'file.md', 'text/markdown', 1024, 'pending', datetime.datetime(2026, 8, 13, 13, 16, 51, 873616), datetime.datetime(2026, 8, 13, 13, 16, 51, 873624))
2026-08-13 16:46:51,877 - sqlalchemy.engine.Engine - INFO - COMMIT
2026-08-13 16:46:51,949 - sqlalchemy.engine.Engine - INFO - BEGIN (implicit)
2026-08-13 16:46:51,952 - sqlalchemy.engine.Engine - INFO - SELECT documents.id, documents.dataset_id, documents.workspace_id, documents.source, documents.filename, documents.content_type, documents.size_bytes, documents.extra_metadata, documents.status, documents.created_at, documents.updated_at 
FROM documents 
WHERE documents.id = $1::UUID
2026-08-13 16:46:51,952 - sqlalchemy.engine.Engine - INFO - [generated in 0.00047s] (UUID('bf3894c3-71a2-4801-9119-9efec835be28'),)
2026-08-13 16:46:51,959 - sqlalchemy.engine.Engine - INFO - ROLLBACK
2026-08-13 16:46:52,033 - sqlalchemy.engine.Engine - INFO - BEGIN (implicit)
2026-08-13 16:46:52,034 - sqlalchemy.engine.Engine - INFO - TRUNCATE TABLE messages, tasks, conversations, embeddings, chunks, documents, datasets, workspaces CASCADE
2026-08-13 16:46:52,034 - sqlalchemy.engine.Engine - INFO - [cached since 8.58s ago] ()
2026-08-13 16:46:52,106 - sqlalchemy.engine.Engine - INFO - COMMIT
2026-08-13 16:46:52,192 - sqlalchemy.engine.Engine - INFO - BEGIN (implicit)
2026-08-13 16:46:52,193 - sqlalchemy.engine.Engine - INFO - INSERT INTO workspaces (id, name, description, created_at, updated_at) VALUES ($1::UUID, $2::VARCHAR, $3::VARCHAR, $4::TIMESTAMP WITHOUT TIME ZONE, $5::TIMESTAMP WITHOUT TIME ZONE)
2026-08-13 16:46:52,193 - sqlalchemy.engine.Engine - INFO - [cached since 1.322s ago] (UUID('858dafad-0b85-4d21-ae78-f1a722090921'), 'Test WS', None, datetime.datetime(2026, 8, 13, 13, 16, 52, 193187), datetime.datetime(2026, 8, 13, 13, 16, 52, 193194))
2026-08-13 16:46:52,199 - sqlalchemy.engine.Engine - INFO - INSERT INTO datasets (id, workspace_id, name, description, connector_type, created_at, updated_at) VALUES ($1::UUID, $2::UUID, $3::VARCHAR, $4::VARCHAR, $5::VARCHAR, $6::TIMESTAMP WITHOUT TIME ZONE, $7::TIMESTAMP WITHOUT TIME ZONE)
2026-08-13 16:46:52,200 - sqlalchemy.engine.Engine - INFO - [cached since 0.6708s ago] (UUID('cd990513-fb3f-47cd-a76d-ada5aa8aa580'), UUID('858dafad-0b85-4d21-ae78-f1a722090921'), 'Test DS', None, None, datetime.datetime(2026, 8, 13, 13, 16, 52, 199590), datetime.datetime(2026, 8, 13, 13, 16, 52, 199599))
2026-08-13 16:46:52,205 - sqlalchemy.engine.Engine - INFO - INSERT INTO documents (id, dataset_id, workspace_id, source, filename, content_type, size_bytes, status, created_at, updated_at) VALUES ($1::UUID, $2::UUID, $3::UUID, $4::VARCHAR, $5::VARCHAR, $6::VARCHAR, $7::INTEGER, $8::VARCHAR, $9::TIMESTAMP WITHOUT TIME ZONE, $10::TIMESTAMP WITHOUT TIME ZONE)
2026-08-13 16:46:52,206 - sqlalchemy.engine.Engine - INFO - [cached since 0.3326s ago] (UUID('19efeaeb-516c-436e-8eef-46f3085ca778'), UUID('cd990513-fb3f-47cd-a76d-ada5aa8aa580'), UUID('858dafad-0b85-4d21-ae78-f1a722090921'), '/path/to/file.md', None, None, None, 'pending', datetime.datetime(2026, 8, 13, 13, 16, 52, 205497), datetime.datetime(2026, 8, 13, 13, 16, 52, 205522))
2026-08-13 16:46:52,213 - sqlalchemy.engine.Engine - INFO - INSERT INTO chunks (id, document_id, dataset_id, workspace_id, chunk_index, text, token_count, created_at) VALUES ($1::UUID, $2::UUID, $3::UUID, $4::UUID, $5::INTEGER, $6::VARCHAR, $7::INTEGER, $8::TIMESTAMP WITHOUT TIME ZONE)
2026-08-13 16:46:52,213 - sqlalchemy.engine.Engine - INFO - [generated in 0.00083s] (UUID('f1a01745-923d-48b2-b63f-2314ebfa202a'), UUID('19efeaeb-516c-436e-8eef-46f3085ca778'), UUID('cd990513-fb3f-47cd-a76d-ada5aa8aa580'), UUID('858dafad-0b85-4d21-ae78-f1a722090921'), 0, 'This is a test chunk.', 5, datetime.datetime(2026, 8, 13, 13, 16, 52, 212946))
2026-08-13 16:46:52,219 - sqlalchemy.engine.Engine - INFO - COMMIT
2026-08-13 16:46:52,298 - sqlalchemy.engine.Engine - INFO - BEGIN (implicit)
2026-08-13 16:46:52,301 - sqlalchemy.engine.Engine - INFO - SELECT chunks.id, chunks.document_id, chunks.dataset_id, chunks.workspace_id, chunks.chunk_index, chunks.text, chunks.extra_metadata, chunks.token_count, chunks.created_at 
FROM chunks 
WHERE chunks.id = $1::UUID
2026-08-13 16:46:52,302 - sqlalchemy.engine.Engine - INFO - [generated in 0.00059s] (UUID('f1a01745-923d-48b2-b63f-2314ebfa202a'),)
2026-08-13 16:46:52,309 - sqlalchemy.engine.Engine - INFO - ROLLBACK
2026-08-13 16:46:52,384 - sqlalchemy.engine.Engine - INFO - BEGIN (implicit)
2026-08-13 16:46:52,385 - sqlalchemy.engine.Engine - INFO - TRUNCATE TABLE messages, tasks, conversations, embeddings, chunks, documents, datasets, workspaces CASCADE
2026-08-13 16:46:52,385 - sqlalchemy.engine.Engine - INFO - [cached since 8.931s ago] ()
2026-08-13 16:46:52,455 - sqlalchemy.engine.Engine - INFO - COMMIT
2026-08-13 16:46:52,547 - sqlalchemy.engine.Engine - INFO - BEGIN (implicit)
2026-08-13 16:46:52,548 - sqlalchemy.engine.Engine - INFO - TRUNCATE TABLE messages, tasks, conversations, embeddings, chunks, documents, datasets, workspaces CASCADE
2026-08-13 16:46:52,548 - sqlalchemy.engine.Engine - INFO - [cached since 9.094s ago] ()
2026-08-13 16:46:52,620 - sqlalchemy.engine.Engine - INFO - COMMIT
2026-08-13 16:46:52,711 - sqlalchemy.engine.Engine - INFO - BEGIN (implicit)
2026-08-13 16:46:52,711 - sqlalchemy.engine.Engine - INFO - TRUNCATE TABLE messages, tasks, conversations, embeddings, chunks, documents, datasets, workspaces CASCADE
2026-08-13 16:46:52,712 - sqlalchemy.engine.Engine - INFO - [cached since 9.257s ago] ()
2026-08-13 16:46:52,776 - sqlalchemy.engine.Engine - INFO - COMMIT
2026-08-13 16:46:52,864 - sqlalchemy.engine.Engine - INFO - BEGIN (implicit)
2026-08-13 16:46:52,865 - sqlalchemy.engine.Engine - INFO - TRUNCATE TABLE messages, tasks, conversations, embeddings, chunks, documents, datasets, workspaces CASCADE
2026-08-13 16:46:52,865 - sqlalchemy.engine.Engine - INFO - [cached since 9.411s ago] ()
2026-08-13 16:46:52,933 - sqlalchemy.engine.Engine - INFO - COMMIT
2026-08-13 16:46:53,018 - sqlalchemy.engine.Engine - INFO - BEGIN (implicit)
2026-08-13 16:46:53,019 - sqlalchemy.engine.Engine - INFO - TRUNCATE TABLE messages, tasks, conversations, embeddings, chunks, documents, datasets, workspaces CASCADE
2026-08-13 16:46:53,019 - sqlalchemy.engine.Engine - INFO - [cached since 9.565s ago] ()
2026-08-13 16:46:53,087 - sqlalchemy.engine.Engine - INFO - COMMIT
2026-08-13 16:46:53,168 - sqlalchemy.engine.Engine - INFO - BEGIN (implicit)
2026-08-13 16:46:53,169 - sqlalchemy.engine.Engine - INFO - TRUNCATE TABLE messages, tasks, conversations, embeddings, chunks, documents, datasets, workspaces CASCADE
2026-08-13 16:46:53,169 - sqlalchemy.engine.Engine - INFO - [cached since 9.715s ago] ()
2026-08-13 16:46:53,238 - sqlalchemy.engine.Engine - INFO - COMMIT
2026-08-13 16:46:53,323 - sqlalchemy.engine.Engine - INFO - BEGIN (implicit)
2026-08-13 16:46:53,324 - sqlalchemy.engine.Engine - INFO - TRUNCATE TABLE messages, tasks, conversations, embeddings, chunks, documents, datasets, workspaces CASCADE
2026-08-13 16:46:53,324 - sqlalchemy.engine.Engine - INFO - [cached since 9.87s ago] ()
2026-08-13 16:46:53,393 - sqlalchemy.engine.Engine - INFO - COMMIT
2026-08-13 16:46:53,489 - sqlalchemy.engine.Engine - INFO - BEGIN (implicit)
2026-08-13 16:46:53,490 - sqlalchemy.engine.Engine - INFO - TRUNCATE TABLE messages, tasks, conversations, embeddings, chunks, documents, datasets, workspaces CASCADE
2026-08-13 16:46:53,490 - sqlalchemy.engine.Engine - INFO - [cached since 10.04s ago] ()
2026-08-13 16:46:53,557 - sqlalchemy.engine.Engine - INFO - COMMIT
2026-08-13 16:46:53,645 - sqlalchemy.engine.Engine - INFO - BEGIN (implicit)
2026-08-13 16:46:53,645 - sqlalchemy.engine.Engine - INFO - TRUNCATE TABLE messages, tasks, conversations, embeddings, chunks, documents, datasets, workspaces CASCADE
2026-08-13 16:46:53,646 - sqlalchemy.engine.Engine - INFO - [cached since 10.19s ago] ()
2026-08-13 16:46:53,711 - sqlalchemy.engine.Engine - INFO - COMMIT
2026-08-13 16:46:53,804 - sqlalchemy.engine.Engine - INFO - BEGIN (implicit)
2026-08-13 16:46:53,805 - sqlalchemy.engine.Engine - INFO - TRUNCATE TABLE messages, tasks, conversations, embeddings, chunks, documents, datasets, workspaces CASCADE
2026-08-13 16:46:53,805 - sqlalchemy.engine.Engine - INFO - [cached since 10.35s ago] ()
2026-08-13 16:46:53,873 - sqlalchemy.engine.Engine - INFO - COMMIT
2026-08-13 16:46:53,973 - sqlalchemy.engine.Engine - INFO - BEGIN (implicit)
2026-08-13 16:46:53,973 - sqlalchemy.engine.Engine - INFO - TRUNCATE TABLE messages, tasks, conversations, embeddings, chunks, documents, datasets, workspaces CASCADE
2026-08-13 16:46:53,974 - sqlalchemy.engine.Engine - INFO - [cached since 10.52s ago] ()
2026-08-13 16:46:54,042 - sqlalchemy.engine.Engine - INFO - COMMIT
2026-08-13 16:46:54,138 - sqlalchemy.engine.Engine - INFO - BEGIN (implicit)
2026-08-13 16:46:54,138 - sqlalchemy.engine.Engine - INFO - TRUNCATE TABLE messages, tasks, conversations, embeddings, chunks, documents, datasets, workspaces CASCADE
2026-08-13 16:46:54,139 - sqlalchemy.engine.Engine - INFO - [cached since 10.68s ago] ()
2026-08-13 16:46:54,209 - sqlalchemy.engine.Engine - INFO - COMMIT
2026-08-13 16:46:54,309 - sqlalchemy.engine.Engine - INFO - BEGIN (implicit)
2026-08-13 16:46:54,310 - sqlalchemy.engine.Engine - INFO - TRUNCATE TABLE messages, tasks, conversations, embeddings, chunks, documents, datasets, workspaces CASCADE
2026-08-13 16:46:54,310 - sqlalchemy.engine.Engine - INFO - [cached since 10.86s ago] ()
2026-08-13 16:46:54,372 - sqlalchemy.engine.Engine - INFO - COMMIT
2026-08-13 16:46:54,454 - sqlalchemy.engine.Engine - INFO - BEGIN (implicit)
2026-08-13 16:46:54,455 - sqlalchemy.engine.Engine - INFO - TRUNCATE TABLE messages, tasks, conversations, embeddings, chunks, documents, datasets, workspaces CASCADE
2026-08-13 16:46:54,455 - sqlalchemy.engine.Engine - INFO - [cached since 11s ago] ()
2026-08-13 16:46:54,522 - sqlalchemy.engine.Engine - INFO - COMMIT
2026-08-13 16:46:54,606 - sqlalchemy.engine.Engine - INFO - BEGIN (implicit)
2026-08-13 16:46:54,607 - sqlalchemy.engine.Engine - INFO - SELECT pg_catalog.pg_class.relname 
FROM pg_catalog.pg_class JOIN pg_catalog.pg_namespace ON pg_catalog.pg_namespace.oid = pg_catalog.pg_class.relnamespace 
WHERE pg_catalog.pg_class.relname = $1::VARCHAR AND pg_catalog.pg_class.relkind = ANY (ARRAY[$2::VARCHAR, $3::VARCHAR, $4::VARCHAR, $5::VARCHAR, $6::VARCHAR]) AND pg_catalog.pg_table_is_visible(pg_catalog.pg_class.oid) AND pg_catalog.pg_namespace.nspname != $7::VARCHAR
2026-08-13 16:46:54,608 - sqlalchemy.engine.Engine - INFO - [cached since 11.58s ago] ('workspaces', 'r', 'p', 'f', 'v', 'm', 'pg_catalog')
2026-08-13 16:46:54,614 - sqlalchemy.engine.Engine - INFO - SELECT pg_catalog.pg_class.relname 
FROM pg_catalog.pg_class JOIN pg_catalog.pg_namespace ON pg_catalog.pg_namespace.oid = pg_catalog.pg_class.relnamespace 
WHERE pg_catalog.pg_class.relname = $1::VARCHAR AND pg_catalog.pg_class.relkind = ANY (ARRAY[$2::VARCHAR, $3::VARCHAR, $4::VARCHAR, $5::VARCHAR, $6::VARCHAR]) AND pg_catalog.pg_table_is_visible(pg_catalog.pg_class.oid) AND pg_catalog.pg_namespace.nspname != $7::VARCHAR
2026-08-13 16:46:54,615 - sqlalchemy.engine.Engine - INFO - [cached since 11.59s ago] ('datasets', 'r', 'p', 'f', 'v', 'm', 'pg_catalog')
2026-08-13 16:46:54,617 - sqlalchemy.engine.Engine - INFO - SELECT pg_catalog.pg_class.relname 
FROM pg_catalog.pg_class JOIN pg_catalog.pg_namespace ON pg_catalog.pg_namespace.oid = pg_catalog.pg_class.relnamespace 
WHERE pg_catalog.pg_class.relname = $1::VARCHAR AND pg_catalog.pg_class.relkind = ANY (ARRAY[$2::VARCHAR, $3::VARCHAR, $4::VARCHAR, $5::VARCHAR, $6::VARCHAR]) AND pg_catalog.pg_table_is_visible(pg_catalog.pg_class.oid) AND pg_catalog.pg_namespace.nspname != $7::VARCHAR
2026-08-13 16:46:54,617 - sqlalchemy.engine.Engine - INFO - [cached since 11.59s ago] ('documents', 'r', 'p', 'f', 'v', 'm', 'pg_catalog')
2026-08-13 16:46:54,619 - sqlalchemy.engine.Engine - INFO - SELECT pg_catalog.pg_class.relname 
FROM pg_catalog.pg_class JOIN pg_catalog.pg_namespace ON pg_catalog.pg_namespace.oid = pg_catalog.pg_class.relnamespace 
WHERE pg_catalog.pg_class.relname = $1::VARCHAR AND pg_catalog.pg_class.relkind = ANY (ARRAY[$2::VARCHAR, $3::VARCHAR, $4::VARCHAR, $5::VARCHAR, $6::VARCHAR]) AND pg_catalog.pg_table_is_visible(pg_catalog.pg_class.oid) AND pg_catalog.pg_namespace.nspname != $7::VARCHAR
2026-08-13 16:46:54,620 - sqlalchemy.engine.Engine - INFO - [cached since 11.59s ago] ('chunks', 'r', 'p', 'f', 'v', 'm', 'pg_catalog')
2026-08-13 16:46:54,622 - sqlalchemy.engine.Engine - INFO - SELECT pg_catalog.pg_class.relname 
FROM pg_catalog.pg_class JOIN pg_catalog.pg_namespace ON pg_catalog.pg_namespace.oid = pg_catalog.pg_class.relnamespace 
WHERE pg_catalog.pg_class.relname = $1::VARCHAR AND pg_catalog.pg_class.relkind = ANY (ARRAY[$2::VARCHAR, $3::VARCHAR, $4::VARCHAR, $5::VARCHAR, $6::VARCHAR]) AND pg_catalog.pg_table_is_visible(pg_catalog.pg_class.oid) AND pg_catalog.pg_namespace.nspname != $7::VARCHAR
2026-08-13 16:46:54,622 - sqlalchemy.engine.Engine - INFO - [cached since 11.6s ago] ('embeddings', 'r', 'p', 'f', 'v', 'm', 'pg_catalog')
2026-08-13 16:46:54,624 - sqlalchemy.engine.Engine - INFO - SELECT pg_catalog.pg_class.relname 
FROM pg_catalog.pg_class JOIN pg_catalog.pg_namespace ON pg_catalog.pg_namespace.oid = pg_catalog.pg_class.relnamespace 
WHERE pg_catalog.pg_class.relname = $1::VARCHAR AND pg_catalog.pg_class.relkind = ANY (ARRAY[$2::VARCHAR, $3::VARCHAR, $4::VARCHAR, $5::VARCHAR, $6::VARCHAR]) AND pg_catalog.pg_table_is_visible(pg_catalog.pg_class.oid) AND pg_catalog.pg_namespace.nspname != $7::VARCHAR
2026-08-13 16:46:54,625 - sqlalchemy.engine.Engine - INFO - [cached since 11.6s ago] ('conversations', 'r', 'p', 'f', 'v', 'm', 'pg_catalog')
2026-08-13 16:46:54,627 - sqlalchemy.engine.Engine - INFO - SELECT pg_catalog.pg_class.relname 
FROM pg_catalog.pg_class JOIN pg_catalog.pg_namespace ON pg_catalog.pg_namespace.oid = pg_catalog.pg_class.relnamespace 
WHERE pg_catalog.pg_class.relname = $1::VARCHAR AND pg_catalog.pg_class.relkind = ANY (ARRAY[$2::VARCHAR, $3::VARCHAR, $4::VARCHAR, $5::VARCHAR, $6::VARCHAR]) AND pg_catalog.pg_table_is_visible(pg_catalog.pg_class.oid) AND pg_catalog.pg_namespace.nspname != $7::VARCHAR
2026-08-13 16:46:54,627 - sqlalchemy.engine.Engine - INFO - [cached since 11.6s ago] ('messages', 'r', 'p', 'f', 'v', 'm', 'pg_catalog')
2026-08-13 16:46:54,629 - sqlalchemy.engine.Engine - INFO - SELECT pg_catalog.pg_class.relname 
FROM pg_catalog.pg_class JOIN pg_catalog.pg_namespace ON pg_catalog.pg_namespace.oid = pg_catalog.pg_class.relnamespace 
WHERE pg_catalog.pg_class.relname = $1::VARCHAR AND pg_catalog.pg_class.relkind = ANY (ARRAY[$2::VARCHAR, $3::VARCHAR, $4::VARCHAR, $5::VARCHAR, $6::VARCHAR]) AND pg_catalog.pg_table_is_visible(pg_catalog.pg_class.oid) AND pg_catalog.pg_namespace.nspname != $7::VARCHAR
2026-08-13 16:46:54,630 - sqlalchemy.engine.Engine - INFO - [cached since 11.6s ago] ('tasks', 'r', 'p', 'f', 'v', 'm', 'pg_catalog')
2026-08-13 16:46:54,631 - sqlalchemy.engine.Engine - INFO - 
DROP TABLE embeddings
2026-08-13 16:46:54,632 - sqlalchemy.engine.Engine - INFO - [no key 0.00039s] ()
2026-08-13 16:46:54,639 - sqlalchemy.engine.Engine - INFO - 
DROP TABLE chunks
2026-08-13 16:46:54,640 - sqlalchemy.engine.Engine - INFO - [no key 0.00040s] ()
2026-08-13 16:46:54,644 - sqlalchemy.engine.Engine - INFO - 
DROP TABLE messages
2026-08-13 16:46:54,644 - sqlalchemy.engine.Engine - INFO - [no key 0.00047s] ()
2026-08-13 16:46:54,649 - sqlalchemy.engine.Engine - INFO - 
DROP TABLE documents
2026-08-13 16:46:54,649 - sqlalchemy.engine.Engine - INFO - [no key 0.00039s] ()
2026-08-13 16:46:54,653 - sqlalchemy.engine.Engine - INFO - 
DROP TABLE tasks
2026-08-13 16:46:54,653 - sqlalchemy.engine.Engine - INFO - [no key 0.00055s] ()
2026-08-13 16:46:54,657 - sqlalchemy.engine.Engine - INFO - 
DROP TABLE conversations
2026-08-13 16:46:54,657 - sqlalchemy.engine.Engine - INFO - [no key 0.00041s] ()
2026-08-13 16:46:54,660 - sqlalchemy.engine.Engine - INFO - 
DROP TABLE datasets
2026-08-13 16:46:54,660 - sqlalchemy.engine.Engine - INFO - [no key 0.00036s] ()
2026-08-13 16:46:54,663 - sqlalchemy.engine.Engine - INFO - 
DROP TABLE workspaces
2026-08-13 16:46:54,663 - sqlalchemy.engine.Engine - INFO - [no key 0.00034s] ()
2026-08-13 16:46:54,666 - sqlalchemy.engine.Engine - INFO - COMMIT
2026-08-13 16:53:35,836 - sqlalchemy.engine.Engine - INFO - select pg_catalog.version()
2026-08-13 16:53:35,837 - sqlalchemy.engine.Engine - INFO - [raw sql] ()
2026-08-13 16:53:35,841 - sqlalchemy.engine.Engine - INFO - select current_schema()
2026-08-13 16:53:35,841 - sqlalchemy.engine.Engine - INFO - [raw sql] ()
2026-08-13 16:53:35,844 - sqlalchemy.engine.Engine - INFO - show standard_conforming_strings
2026-08-13 16:53:35,844 - sqlalchemy.engine.Engine - INFO - [raw sql] ()
2026-08-13 16:53:35,847 - sqlalchemy.engine.Engine - INFO - BEGIN (implicit)
2026-08-13 16:53:35,848 - sqlalchemy.engine.Engine - INFO - CREATE EXTENSION IF NOT EXISTS vector
2026-08-13 16:53:35,849 - sqlalchemy.engine.Engine - INFO - [generated in 0.00044s] ()
2026-08-13 16:53:35,858 - sqlalchemy.engine.Engine - INFO - SELECT pg_catalog.pg_class.relname 
FROM pg_catalog.pg_class JOIN pg_catalog.pg_namespace ON pg_catalog.pg_namespace.oid = pg_catalog.pg_class.relnamespace 
WHERE pg_catalog.pg_class.relname = $1::VARCHAR AND pg_catalog.pg_class.relkind = ANY (ARRAY[$2::VARCHAR, $3::VARCHAR, $4::VARCHAR, $5::VARCHAR, $6::VARCHAR]) AND pg_catalog.pg_table_is_visible(pg_catalog.pg_class.oid) AND pg_catalog.pg_namespace.nspname != $7::VARCHAR
2026-08-13 16:53:35,858 - sqlalchemy.engine.Engine - INFO - [generated in 0.00054s] ('workspaces', 'r', 'p', 'f', 'v', 'm', 'pg_catalog')
2026-08-13 16:53:35,864 - sqlalchemy.engine.Engine - INFO - SELECT pg_catalog.pg_class.relname 
FROM pg_catalog.pg_class JOIN pg_catalog.pg_namespace ON pg_catalog.pg_namespace.oid = pg_catalog.pg_class.relnamespace 
WHERE pg_catalog.pg_class.relname = $1::VARCHAR AND pg_catalog.pg_class.relkind = ANY (ARRAY[$2::VARCHAR, $3::VARCHAR, $4::VARCHAR, $5::VARCHAR, $6::VARCHAR]) AND pg_catalog.pg_table_is_visible(pg_catalog.pg_class.oid) AND pg_catalog.pg_namespace.nspname != $7::VARCHAR
2026-08-13 16:53:35,864 - sqlalchemy.engine.Engine - INFO - [cached since 0.006394s ago] ('datasets', 'r', 'p', 'f', 'v', 'm', 'pg_catalog')
2026-08-13 16:53:35,866 - sqlalchemy.engine.Engine - INFO - SELECT pg_catalog.pg_class.relname 
FROM pg_catalog.pg_class JOIN pg_catalog.pg_namespace ON pg_catalog.pg_namespace.oid = pg_catalog.pg_class.relnamespace 
WHERE pg_catalog.pg_class.relname = $1::VARCHAR AND pg_catalog.pg_class.relkind = ANY (ARRAY[$2::VARCHAR, $3::VARCHAR, $4::VARCHAR, $5::VARCHAR, $6::VARCHAR]) AND pg_catalog.pg_table_is_visible(pg_catalog.pg_class.oid) AND pg_catalog.pg_namespace.nspname != $7::VARCHAR
2026-08-13 16:53:35,866 - sqlalchemy.engine.Engine - INFO - [cached since 0.008392s ago] ('documents', 'r', 'p', 'f', 'v', 'm', 'pg_catalog')
2026-08-13 16:53:35,867 - sqlalchemy.engine.Engine - INFO - SELECT pg_catalog.pg_class.relname 
FROM pg_catalog.pg_class JOIN pg_catalog.pg_namespace ON pg_catalog.pg_namespace.oid = pg_catalog.pg_class.relnamespace 
WHERE pg_catalog.pg_class.relname = $1::VARCHAR AND pg_catalog.pg_class.relkind = ANY (ARRAY[$2::VARCHAR, $3::VARCHAR, $4::VARCHAR, $5::VARCHAR, $6::VARCHAR]) AND pg_catalog.pg_table_is_visible(pg_catalog.pg_class.oid) AND pg_catalog.pg_namespace.nspname != $7::VARCHAR
2026-08-13 16:53:35,868 - sqlalchemy.engine.Engine - INFO - [cached since 0.01017s ago] ('chunks', 'r', 'p', 'f', 'v', 'm', 'pg_catalog')
2026-08-13 16:53:35,869 - sqlalchemy.engine.Engine - INFO - SELECT pg_catalog.pg_class.relname 
FROM pg_catalog.pg_class JOIN pg_catalog.pg_namespace ON pg_catalog.pg_namespace.oid = pg_catalog.pg_class.relnamespace 
WHERE pg_catalog.pg_class.relname = $1::VARCHAR AND pg_catalog.pg_class.relkind = ANY (ARRAY[$2::VARCHAR, $3::VARCHAR, $4::VARCHAR, $5::VARCHAR, $6::VARCHAR]) AND pg_catalog.pg_table_is_visible(pg_catalog.pg_class.oid) AND pg_catalog.pg_namespace.nspname != $7::VARCHAR
2026-08-13 16:53:35,870 - sqlalchemy.engine.Engine - INFO - [cached since 0.01207s ago] ('embeddings', 'r', 'p', 'f', 'v', 'm', 'pg_catalog')
2026-08-13 16:53:35,871 - sqlalchemy.engine.Engine - INFO - SELECT pg_catalog.pg_class.relname 
FROM pg_catalog.pg_class JOIN pg_catalog.pg_namespace ON pg_catalog.pg_namespace.oid = pg_catalog.pg_class.relnamespace 
WHERE pg_catalog.pg_class.relname = $1::VARCHAR AND pg_catalog.pg_class.relkind = ANY (ARRAY[$2::VARCHAR, $3::VARCHAR, $4::VARCHAR, $5::VARCHAR, $6::VARCHAR]) AND pg_catalog.pg_table_is_visible(pg_catalog.pg_class.oid) AND pg_catalog.pg_namespace.nspname != $7::VARCHAR
2026-08-13 16:53:35,872 - sqlalchemy.engine.Engine - INFO - [cached since 0.01405s ago] ('conversations', 'r', 'p', 'f', 'v', 'm', 'pg_catalog')
2026-08-13 16:53:35,873 - sqlalchemy.engine.Engine - INFO - SELECT pg_catalog.pg_class.relname 
FROM pg_catalog.pg_class JOIN pg_catalog.pg_namespace ON pg_catalog.pg_namespace.oid = pg_catalog.pg_class.relnamespace 
WHERE pg_catalog.pg_class.relname = $1::VARCHAR AND pg_catalog.pg_class.relkind = ANY (ARRAY[$2::VARCHAR, $3::VARCHAR, $4::VARCHAR, $5::VARCHAR, $6::VARCHAR]) AND pg_catalog.pg_table_is_visible(pg_catalog.pg_class.oid) AND pg_catalog.pg_namespace.nspname != $7::VARCHAR
2026-08-13 16:53:35,873 - sqlalchemy.engine.Engine - INFO - [cached since 0.01593s ago] ('messages', 'r', 'p', 'f', 'v', 'm', 'pg_catalog')
2026-08-13 16:53:35,875 - sqlalchemy.engine.Engine - INFO - SELECT pg_catalog.pg_class.relname 
FROM pg_catalog.pg_class JOIN pg_catalog.pg_namespace ON pg_catalog.pg_namespace.oid = pg_catalog.pg_class.relnamespace 
WHERE pg_catalog.pg_class.relname = $1::VARCHAR AND pg_catalog.pg_class.relkind = ANY (ARRAY[$2::VARCHAR, $3::VARCHAR, $4::VARCHAR, $5::VARCHAR, $6::VARCHAR]) AND pg_catalog.pg_table_is_visible(pg_catalog.pg_class.oid) AND pg_catalog.pg_namespace.nspname != $7::VARCHAR
2026-08-13 16:53:35,875 - sqlalchemy.engine.Engine - INFO - [cached since 0.01737s ago] ('tasks', 'r', 'p', 'f', 'v', 'm', 'pg_catalog')
2026-08-13 16:53:35,877 - sqlalchemy.engine.Engine - INFO - 
CREATE TABLE workspaces (
	id UUID NOT NULL, 
	name VARCHAR(255) NOT NULL, 
	description TEXT, 
	extra_metadata JSON, 
	created_at TIMESTAMP WITHOUT TIME ZONE NOT NULL, 
	updated_at TIMESTAMP WITHOUT TIME ZONE NOT NULL, 
	PRIMARY KEY (id)
)


2026-08-13 16:53:35,878 - sqlalchemy.engine.Engine - INFO - [no key 0.00038s] ()
2026-08-13 16:53:35,895 - sqlalchemy.engine.Engine - INFO - 
CREATE TABLE datasets (
	id UUID NOT NULL, 
	workspace_id UUID NOT NULL, 
	name VARCHAR(255) NOT NULL, 
	description TEXT, 
	connector_type VARCHAR(100), 
	connector_config JSON, 
	extra_metadata JSON, 
	created_at TIMESTAMP WITHOUT TIME ZONE NOT NULL, 
	updated_at TIMESTAMP WITHOUT TIME ZONE NOT NULL, 
	PRIMARY KEY (id), 
	FOREIGN KEY(workspace_id) REFERENCES workspaces (id) ON DELETE CASCADE
)


2026-08-13 16:53:35,896 - sqlalchemy.engine.Engine - INFO - [no key 0.00042s] ()
2026-08-13 16:53:35,908 - sqlalchemy.engine.Engine - INFO - 
CREATE TABLE conversations (
	id UUID NOT NULL, 
	workspace_id UUID NOT NULL, 
	title VARCHAR(255), 
	extra_metadata JSON, 
	created_at TIMESTAMP WITHOUT TIME ZONE NOT NULL, 
	updated_at TIMESTAMP WITHOUT TIME ZONE NOT NULL, 
	PRIMARY KEY (id), 
	FOREIGN KEY(workspace_id) REFERENCES workspaces (id) ON DELETE CASCADE
)


2026-08-13 16:53:35,908 - sqlalchemy.engine.Engine - INFO - [no key 0.00041s] ()
2026-08-13 16:53:35,922 - sqlalchemy.engine.Engine - INFO - 
CREATE TABLE tasks (
	id UUID NOT NULL, 
	workspace_id UUID NOT NULL, 
	title VARCHAR(255) NOT NULL, 
	description TEXT, 
	status VARCHAR(50) NOT NULL, 
	priority VARCHAR(50) NOT NULL, 
	extra_metadata JSON, 
	created_at TIMESTAMP WITHOUT TIME ZONE NOT NULL, 
	updated_at TIMESTAMP WITHOUT TIME ZONE NOT NULL, 
	PRIMARY KEY (id), 
	FOREIGN KEY(workspace_id) REFERENCES workspaces (id) ON DELETE CASCADE
)


2026-08-13 16:53:35,922 - sqlalchemy.engine.Engine - INFO - [no key 0.00035s] ()
2026-08-13 16:53:35,934 - sqlalchemy.engine.Engine - INFO - 
CREATE TABLE documents (
	id UUID NOT NULL, 
	dataset_id UUID NOT NULL, 
	workspace_id UUID NOT NULL, 
	source VARCHAR(1024) NOT NULL, 
	filename VARCHAR(255), 
	content_type VARCHAR(100), 
	size_bytes INTEGER, 
	extra_metadata JSON, 
	status VARCHAR(50) NOT NULL, 
	created_at TIMESTAMP WITHOUT TIME ZONE NOT NULL, 
	updated_at TIMESTAMP WITHOUT TIME ZONE NOT NULL, 
	PRIMARY KEY (id), 
	FOREIGN KEY(dataset_id) REFERENCES datasets (id) ON DELETE CASCADE, 
	FOREIGN KEY(workspace_id) REFERENCES workspaces (id) ON DELETE CASCADE
)


2026-08-13 16:53:35,935 - sqlalchemy.engine.Engine - INFO - [no key 0.00045s] ()
2026-08-13 16:53:35,948 - sqlalchemy.engine.Engine - INFO - 
CREATE TABLE messages (
	id UUID NOT NULL, 
	conversation_id UUID NOT NULL, 
	role VARCHAR(50) NOT NULL, 
	content TEXT NOT NULL, 
	sources JSON, 
	extra_metadata JSON, 
	created_at TIMESTAMP WITHOUT TIME ZONE NOT NULL, 
	PRIMARY KEY (id), 
	FOREIGN KEY(conversation_id) REFERENCES conversations (id) ON DELETE CASCADE
)


2026-08-13 16:53:35,948 - sqlalchemy.engine.Engine - INFO - [no key 0.00047s] ()
2026-08-13 16:53:35,961 - sqlalchemy.engine.Engine - INFO - 
CREATE TABLE chunks (
	id UUID NOT NULL, 
	document_id UUID NOT NULL, 
	dataset_id UUID NOT NULL, 
	workspace_id UUID NOT NULL, 
	chunk_index INTEGER NOT NULL, 
	text TEXT NOT NULL, 
	extra_metadata JSON, 
	token_count INTEGER, 
	created_at TIMESTAMP WITHOUT TIME ZONE NOT NULL, 
	PRIMARY KEY (id), 
	FOREIGN KEY(document_id) REFERENCES documents (id) ON DELETE CASCADE, 
	FOREIGN KEY(dataset_id) REFERENCES datasets (id) ON DELETE CASCADE, 
	FOREIGN KEY(workspace_id) REFERENCES workspaces (id) ON DELETE CASCADE
)


2026-08-13 16:53:35,962 - sqlalchemy.engine.Engine - INFO - [no key 0.00047s] ()
2026-08-13 16:53:35,974 - sqlalchemy.engine.Engine - INFO - 
CREATE TABLE embeddings (
	id UUID NOT NULL, 
	chunk_id UUID NOT NULL, 
	workspace_id UUID NOT NULL, 
	dataset_id UUID NOT NULL, 
	model VARCHAR(255) NOT NULL, 
	dimensions INTEGER NOT NULL, 
	vector VECTOR(1024), 
	created_at TIMESTAMP WITHOUT TIME ZONE NOT NULL, 
	PRIMARY KEY (id), 
	FOREIGN KEY(chunk_id) REFERENCES chunks (id) ON DELETE CASCADE, 
	FOREIGN KEY(workspace_id) REFERENCES workspaces (id) ON DELETE CASCADE, 
	FOREIGN KEY(dataset_id) REFERENCES datasets (id) ON DELETE CASCADE
)


2026-08-13 16:53:35,975 - sqlalchemy.engine.Engine - INFO - [no key 0.00053s] ()
2026-08-13 16:53:35,989 - sqlalchemy.engine.Engine - INFO - COMMIT
2026-08-13 16:53:36,088 - sqlalchemy.engine.Engine - INFO - BEGIN (implicit)
2026-08-13 16:53:36,090 - sqlalchemy.engine.Engine - INFO - TRUNCATE TABLE messages, tasks, conversations, embeddings, chunks, documents, datasets, workspaces CASCADE
2026-08-13 16:53:36,091 - sqlalchemy.engine.Engine - INFO - [generated in 0.00053s] ()
2026-08-13 16:53:36,158 - sqlalchemy.engine.Engine - INFO - COMMIT
2026-08-13 16:53:36,256 - sqlalchemy.engine.Engine - INFO - BEGIN (implicit)
2026-08-13 16:53:36,257 - sqlalchemy.engine.Engine - INFO - TRUNCATE TABLE messages, tasks, conversations, embeddings, chunks, documents, datasets, workspaces CASCADE
2026-08-13 16:53:36,257 - sqlalchemy.engine.Engine - INFO - [cached since 0.167s ago] ()
2026-08-13 16:53:36,324 - sqlalchemy.engine.Engine - INFO - COMMIT
2026-08-13 16:53:36,409 - sqlalchemy.engine.Engine - INFO - BEGIN (implicit)
2026-08-13 16:53:36,410 - sqlalchemy.engine.Engine - INFO - TRUNCATE TABLE messages, tasks, conversations, embeddings, chunks, documents, datasets, workspaces CASCADE
2026-08-13 16:53:36,411 - sqlalchemy.engine.Engine - INFO - [cached since 0.3205s ago] ()
2026-08-13 16:53:36,476 - sqlalchemy.engine.Engine - INFO - COMMIT
2026-08-13 16:53:36,568 - sqlalchemy.engine.Engine - INFO - BEGIN (implicit)
2026-08-13 16:53:36,569 - sqlalchemy.engine.Engine - INFO - TRUNCATE TABLE messages, tasks, conversations, embeddings, chunks, documents, datasets, workspaces CASCADE
2026-08-13 16:53:36,569 - sqlalchemy.engine.Engine - INFO - [cached since 0.4793s ago] ()
2026-08-13 16:53:36,632 - sqlalchemy.engine.Engine - INFO - COMMIT
2026-08-13 16:53:36,724 - sqlalchemy.engine.Engine - INFO - BEGIN (implicit)
2026-08-13 16:53:36,725 - sqlalchemy.engine.Engine - INFO - TRUNCATE TABLE messages, tasks, conversations, embeddings, chunks, documents, datasets, workspaces CASCADE
2026-08-13 16:53:36,725 - sqlalchemy.engine.Engine - INFO - [cached since 0.6347s ago] ()
2026-08-13 16:53:36,788 - sqlalchemy.engine.Engine - INFO - COMMIT
2026-08-13 16:53:36,874 - sqlalchemy.engine.Engine - INFO - BEGIN (implicit)
2026-08-13 16:53:36,875 - sqlalchemy.engine.Engine - INFO - TRUNCATE TABLE messages, tasks, conversations, embeddings, chunks, documents, datasets, workspaces CASCADE
2026-08-13 16:53:36,875 - sqlalchemy.engine.Engine - INFO - [cached since 0.7851s ago] ()
2026-08-13 16:53:36,937 - sqlalchemy.engine.Engine - INFO - COMMIT
2026-08-13 16:53:37,031 - sqlalchemy.engine.Engine - INFO - BEGIN (implicit)
2026-08-13 16:53:37,032 - sqlalchemy.engine.Engine - INFO - TRUNCATE TABLE messages, tasks, conversations, embeddings, chunks, documents, datasets, workspaces CASCADE
2026-08-13 16:53:37,032 - sqlalchemy.engine.Engine - INFO - [cached since 0.9418s ago] ()
2026-08-13 16:53:37,096 - sqlalchemy.engine.Engine - INFO - COMMIT
2026-08-13 16:53:37,111 - app.providers.embeddings - INFO - Loading embedding model BAAI/bge-m3
2026-08-13 16:53:37,191 - sqlalchemy.engine.Engine - INFO - BEGIN (implicit)
2026-08-13 16:53:37,192 - sqlalchemy.engine.Engine - INFO - TRUNCATE TABLE messages, tasks, conversations, embeddings, chunks, documents, datasets, workspaces CASCADE
2026-08-13 16:53:37,192 - sqlalchemy.engine.Engine - INFO - [cached since 1.102s ago] ()
2026-08-13 16:53:37,256 - sqlalchemy.engine.Engine - INFO - COMMIT
2026-08-13 16:53:37,350 - sqlalchemy.engine.Engine - INFO - BEGIN (implicit)
2026-08-13 16:53:37,351 - sqlalchemy.engine.Engine - INFO - TRUNCATE TABLE messages, tasks, conversations, embeddings, chunks, documents, datasets, workspaces CASCADE
2026-08-13 16:53:37,351 - sqlalchemy.engine.Engine - INFO - [cached since 1.261s ago] ()
2026-08-13 16:53:37,423 - sqlalchemy.engine.Engine - INFO - COMMIT
2026-08-13 16:53:37,442 - app.api.middleware - INFO - cc0cbd59-1844-4ead-8fe8-bbc05ea11972 GET /health 200 3.36ms
2026-08-13 16:53:37,517 - sqlalchemy.engine.Engine - INFO - BEGIN (implicit)
2026-08-13 16:53:37,518 - sqlalchemy.engine.Engine - INFO - TRUNCATE TABLE messages, tasks, conversations, embeddings, chunks, documents, datasets, workspaces CASCADE
2026-08-13 16:53:37,518 - sqlalchemy.engine.Engine - INFO - [cached since 1.428s ago] ()
2026-08-13 16:53:37,589 - sqlalchemy.engine.Engine - INFO - COMMIT
2026-08-13 16:53:37,611 - app.api.middleware - INFO - 8f9753e2-e8ed-4072-b05a-30b35c24f78b GET / 200 3.01ms
2026-08-13 16:53:37,713 - sqlalchemy.engine.Engine - INFO - BEGIN (implicit)
2026-08-13 16:53:37,716 - sqlalchemy.engine.Engine - INFO - TRUNCATE TABLE messages, tasks, conversations, embeddings, chunks, documents, datasets, workspaces CASCADE
2026-08-13 16:53:37,721 - sqlalchemy.engine.Engine - INFO - [cached since 1.631s ago] ()
2026-08-13 16:53:37,806 - sqlalchemy.engine.Engine - INFO - COMMIT
2026-08-13 16:53:37,862 - app.api.middleware - INFO - 56216146-68ec-4bdc-94f7-84530478752d GET /health/ready 200 7.22ms
2026-08-13 16:53:38,025 - sqlalchemy.engine.Engine - INFO - BEGIN (implicit)
2026-08-13 16:53:38,026 - sqlalchemy.engine.Engine - INFO - TRUNCATE TABLE messages, tasks, conversations, embeddings, chunks, documents, datasets, workspaces CASCADE
2026-08-13 16:53:38,027 - sqlalchemy.engine.Engine - INFO - [cached since 1.936s ago] ()
2026-08-13 16:53:38,098 - sqlalchemy.engine.Engine - INFO - COMMIT
2026-08-13 16:53:38,118 - app.api.middleware - INFO - 63c15682-d7f7-4dcf-a9f2-1ab55bdfd149 GET /health/ready 503 1.95ms
2026-08-13 16:53:38,196 - sqlalchemy.engine.Engine - INFO - BEGIN (implicit)
2026-08-13 16:53:38,197 - sqlalchemy.engine.Engine - INFO - TRUNCATE TABLE messages, tasks, conversations, embeddings, chunks, documents, datasets, workspaces CASCADE
2026-08-13 16:53:38,198 - sqlalchemy.engine.Engine - INFO - [cached since 2.108s ago] ()
2026-08-13 16:53:38,263 - sqlalchemy.engine.Engine - INFO - COMMIT
2026-08-13 16:53:38,283 - app.api.middleware - INFO - cfd720ec-d795-4501-b50e-6d37c51bb4f6 GET /health/ready 200 1.63ms
2026-08-13 16:53:38,363 - sqlalchemy.engine.Engine - INFO - BEGIN (implicit)
2026-08-13 16:53:38,364 - sqlalchemy.engine.Engine - INFO - TRUNCATE TABLE messages, tasks, conversations, embeddings, chunks, documents, datasets, workspaces CASCADE
2026-08-13 16:53:38,364 - sqlalchemy.engine.Engine - INFO - [cached since 2.274s ago] ()
2026-08-13 16:53:38,431 - sqlalchemy.engine.Engine - INFO - COMMIT
2026-08-13 16:53:38,553 - sqlalchemy.engine.Engine - INFO - BEGIN (implicit)
2026-08-13 16:53:38,554 - sqlalchemy.engine.Engine - INFO - TRUNCATE TABLE messages, tasks, conversations, embeddings, chunks, documents, datasets, workspaces CASCADE
2026-08-13 16:53:38,554 - sqlalchemy.engine.Engine - INFO - [cached since 2.464s ago] ()
2026-08-13 16:53:38,626 - sqlalchemy.engine.Engine - INFO - COMMIT
2026-08-13 16:53:38,738 - sqlalchemy.engine.Engine - INFO - BEGIN (implicit)
2026-08-13 16:53:38,739 - sqlalchemy.engine.Engine - INFO - TRUNCATE TABLE messages, tasks, conversations, embeddings, chunks, documents, datasets, workspaces CASCADE
2026-08-13 16:53:38,739 - sqlalchemy.engine.Engine - INFO - [cached since 2.649s ago] ()
2026-08-13 16:53:38,799 - sqlalchemy.engine.Engine - INFO - COMMIT
2026-08-13 16:53:38,886 - sqlalchemy.engine.Engine - INFO - BEGIN (implicit)
2026-08-13 16:53:38,886 - sqlalchemy.engine.Engine - INFO - TRUNCATE TABLE messages, tasks, conversations, embeddings, chunks, documents, datasets, workspaces CASCADE
2026-08-13 16:53:38,886 - sqlalchemy.engine.Engine - INFO - [cached since 2.796s ago] ()
2026-08-13 16:53:38,953 - sqlalchemy.engine.Engine - INFO - COMMIT
2026-08-13 16:53:39,042 - sqlalchemy.engine.Engine - INFO - BEGIN (implicit)
2026-08-13 16:53:39,042 - sqlalchemy.engine.Engine - INFO - TRUNCATE TABLE messages, tasks, conversations, embeddings, chunks, documents, datasets, workspaces CASCADE
2026-08-13 16:53:39,042 - sqlalchemy.engine.Engine - INFO - [cached since 2.952s ago] ()
2026-08-13 16:53:39,109 - sqlalchemy.engine.Engine - INFO - COMMIT
2026-08-13 16:53:39,214 - sqlalchemy.engine.Engine - INFO - BEGIN (implicit)
2026-08-13 16:53:39,218 - sqlalchemy.engine.Engine - INFO - INSERT INTO workspaces (id, name, description, created_at, updated_at) VALUES ($1::UUID, $2::VARCHAR, $3::VARCHAR, $4::TIMESTAMP WITHOUT TIME ZONE, $5::TIMESTAMP WITHOUT TIME ZONE)
2026-08-13 16:53:39,218 - sqlalchemy.engine.Engine - INFO - [generated in 0.00081s] (UUID('1a845cfe-8cf7-43ff-9d2d-bb3282b83c69'), 'Test WS', None, datetime.datetime(2026, 8, 13, 13, 23, 39, 218416), datetime.datetime(2026, 8, 13, 13, 23, 39, 218423))
2026-08-13 16:53:39,265 - sqlalchemy.engine.Engine - INFO - INSERT INTO conversations (id, workspace_id, title, created_at, updated_at) VALUES ($1::UUID, $2::UUID, $3::VARCHAR, $4::TIMESTAMP WITHOUT TIME ZONE, $5::TIMESTAMP WITHOUT TIME ZONE)
2026-08-13 16:53:39,265 - sqlalchemy.engine.Engine - INFO - [generated in 0.00073s] (UUID('23ec6dab-97ae-4157-9ab0-871839939c88'), UUID('1a845cfe-8cf7-43ff-9d2d-bb3282b83c69'), None, datetime.datetime(2026, 8, 13, 13, 23, 39, 265208), datetime.datetime(2026, 8, 13, 13, 23, 39, 265216))
2026-08-13 16:53:39,272 - sqlalchemy.engine.Engine - INFO - INSERT INTO messages (id, conversation_id, role, content, created_at) VALUES ($1::UUID, $2::UUID, $3::VARCHAR, $4::VARCHAR, $5::TIMESTAMP WITHOUT TIME ZONE)
2026-08-13 16:53:39,273 - sqlalchemy.engine.Engine - INFO - [generated in 0.00065s] (UUID('0fb46470-68af-4952-a9af-eda87a921158'), UUID('23ec6dab-97ae-4157-9ab0-871839939c88'), 'user', 'What is RAG?', datetime.datetime(2026, 8, 13, 13, 23, 39, 272726))
2026-08-13 16:53:39,280 - sqlalchemy.engine.Engine - INFO - SELECT chunks.id, chunks.text, chunks.workspace_id, chunks.dataset_id, chunks.document_id 
FROM chunks 
WHERE chunks.id IN ($1::UUID)
2026-08-13 16:53:39,280 - sqlalchemy.engine.Engine - INFO - [generated in 0.00055s] ('3c0231eb-e6fb-419e-bec2-ea54e96ff8bb',)
2026-08-13 16:53:39,285 - sqlalchemy.engine.Engine - INFO - SELECT chunks.id, chunks.text, chunks.workspace_id, chunks.dataset_id, chunks.document_id 
FROM chunks 
WHERE chunks.workspace_id = $1::UUID AND chunks.dataset_id = $2::UUID
2026-08-13 16:53:39,285 - sqlalchemy.engine.Engine - INFO - [generated in 0.00047s] ('1a845cfe-8cf7-43ff-9d2d-bb3282b83c69', '912afa4e-af28-4cec-b7aa-8306e2a886d1')
2026-08-13 16:53:39,290 - sqlalchemy.engine.Engine - INFO - INSERT INTO messages (id, conversation_id, role, content, sources, created_at) VALUES ($1::UUID, $2::UUID, $3::VARCHAR, $4::VARCHAR, $5::JSON, $6::TIMESTAMP WITHOUT TIME ZONE)
2026-08-13 16:53:39,290 - sqlalchemy.engine.Engine - INFO - [generated in 0.00076s] (UUID('202a9d56-7d53-4b8e-bb19-c8dcf897ce6e'), UUID('23ec6dab-97ae-4157-9ab0-871839939c88'), 'assistant', 'Mocked answer', '{"sources": []}', datetime.datetime(2026, 8, 13, 13, 23, 39, 290298))
2026-08-13 16:53:39,294 - sqlalchemy.engine.Engine - INFO - COMMIT
2026-08-13 16:53:39,371 - sqlalchemy.engine.Engine - INFO - BEGIN (implicit)
2026-08-13 16:53:39,374 - sqlalchemy.engine.Engine - INFO - SELECT messages.id, messages.conversation_id, messages.role, messages.content, messages.sources, messages.extra_metadata, messages.created_at 
FROM messages 
WHERE messages.id = $1::UUID
2026-08-13 16:53:39,374 - sqlalchemy.engine.Engine - INFO - [generated in 0.00039s] (UUID('202a9d56-7d53-4b8e-bb19-c8dcf897ce6e'),)
2026-08-13 16:53:39,380 - app.api.middleware - INFO - 38b746f2-58f0-41ba-a434-7928b055b0fc POST /chat 200 151.76ms
2026-08-13 16:53:39,384 - sqlalchemy.engine.Engine - INFO - ROLLBACK
2026-08-13 16:53:39,458 - sqlalchemy.engine.Engine - INFO - BEGIN (implicit)
2026-08-13 16:53:39,458 - sqlalchemy.engine.Engine - INFO - TRUNCATE TABLE messages, tasks, conversations, embeddings, chunks, documents, datasets, workspaces CASCADE
2026-08-13 16:53:39,459 - sqlalchemy.engine.Engine - INFO - [cached since 3.369s ago] ()
2026-08-13 16:53:39,524 - sqlalchemy.engine.Engine - INFO - COMMIT
2026-08-13 16:53:39,630 - sqlalchemy.engine.Engine - INFO - BEGIN (implicit)
2026-08-13 16:53:39,634 - sqlalchemy.engine.Engine - INFO - INSERT INTO workspaces (id, name, description, created_at, updated_at) VALUES ($1::UUID, $2::VARCHAR, $3::VARCHAR, $4::TIMESTAMP WITHOUT TIME ZONE, $5::TIMESTAMP WITHOUT TIME ZONE)
2026-08-13 16:53:39,636 - sqlalchemy.engine.Engine - INFO - [cached since 0.4179s ago] (UUID('88aeef28-ce47-4045-8787-134b42312b1c'), 'Test WS', None, datetime.datetime(2026, 8, 13, 13, 23, 39, 634366), datetime.datetime(2026, 8, 13, 13, 23, 39, 634379))
2026-08-13 16:53:39,670 - sqlalchemy.engine.Engine - INFO - INSERT INTO conversations (id, workspace_id, title, created_at, updated_at) VALUES ($1::UUID, $2::UUID, $3::VARCHAR, $4::TIMESTAMP WITHOUT TIME ZONE, $5::TIMESTAMP WITHOUT TIME ZONE)
2026-08-13 16:53:39,671 - sqlalchemy.engine.Engine - INFO - [cached since 0.4064s ago] (UUID('022452b1-0110-4a71-92e7-ed429b21f5c8'), UUID('88aeef28-ce47-4045-8787-134b42312b1c'), 'Test Chat', datetime.datetime(2026, 8, 13, 13, 23, 39, 670770), datetime.datetime(2026, 8, 13, 13, 23, 39, 670782))
2026-08-13 16:53:39,683 - sqlalchemy.engine.Engine - INFO - COMMIT
2026-08-13 16:53:39,777 - sqlalchemy.engine.Engine - INFO - BEGIN (implicit)
2026-08-13 16:53:39,779 - sqlalchemy.engine.Engine - INFO - SELECT conversations.id, conversations.workspace_id, conversations.title, conversations.extra_metadata, conversations.created_at, conversations.updated_at 
FROM conversations 
WHERE conversations.id = $1::UUID
2026-08-13 16:53:39,780 - sqlalchemy.engine.Engine - INFO - [generated in 0.00051s] (UUID('022452b1-0110-4a71-92e7-ed429b21f5c8'),)
2026-08-13 16:53:39,785 - app.api.middleware - INFO - 5aee2b29-5033-46bf-b809-3db21bac532a POST /conversations 201 140.82ms
2026-08-13 16:53:39,792 - sqlalchemy.engine.Engine - INFO - SELECT conversations.id, conversations.workspace_id, conversations.title, conversations.extra_metadata, conversations.created_at, conversations.updated_at 
FROM conversations 
WHERE conversations.workspace_id = $1::UUID ORDER BY conversations.created_at DESC
2026-08-13 16:53:39,793 - sqlalchemy.engine.Engine - INFO - [generated in 0.00050s] ('88aeef28-ce47-4045-8787-134b42312b1c',)
2026-08-13 16:53:39,797 - app.api.middleware - INFO - 7268f4da-b0da-4cb2-a035-39cc5fa7116a GET /conversations 200 8.79ms
2026-08-13 16:53:39,800 - sqlalchemy.engine.Engine - INFO - ROLLBACK
2026-08-13 16:53:39,887 - sqlalchemy.engine.Engine - INFO - BEGIN (implicit)
2026-08-13 16:53:39,888 - sqlalchemy.engine.Engine - INFO - TRUNCATE TABLE messages, tasks, conversations, embeddings, chunks, documents, datasets, workspaces CASCADE
2026-08-13 16:53:39,888 - sqlalchemy.engine.Engine - INFO - [cached since 3.798s ago] ()
2026-08-13 16:53:39,956 - sqlalchemy.engine.Engine - INFO - COMMIT
2026-08-13 16:53:40,059 - sqlalchemy.engine.Engine - INFO - BEGIN (implicit)
2026-08-13 16:53:40,059 - sqlalchemy.engine.Engine - INFO - TRUNCATE TABLE messages, tasks, conversations, embeddings, chunks, documents, datasets, workspaces CASCADE
2026-08-13 16:53:40,060 - sqlalchemy.engine.Engine - INFO - [cached since 3.97s ago] ()
2026-08-13 16:53:40,123 - sqlalchemy.engine.Engine - INFO - COMMIT
2026-08-13 16:53:40,223 - sqlalchemy.engine.Engine - INFO - BEGIN (implicit)
2026-08-13 16:53:40,223 - sqlalchemy.engine.Engine - INFO - TRUNCATE TABLE messages, tasks, conversations, embeddings, chunks, documents, datasets, workspaces CASCADE
2026-08-13 16:53:40,224 - sqlalchemy.engine.Engine - INFO - [cached since 4.134s ago] ()
2026-08-13 16:53:40,294 - sqlalchemy.engine.Engine - INFO - COMMIT
2026-08-13 16:53:40,392 - sqlalchemy.engine.Engine - INFO - BEGIN (implicit)
2026-08-13 16:53:40,393 - sqlalchemy.engine.Engine - INFO - TRUNCATE TABLE messages, tasks, conversations, embeddings, chunks, documents, datasets, workspaces CASCADE
2026-08-13 16:53:40,393 - sqlalchemy.engine.Engine - INFO - [cached since 4.303s ago] ()
2026-08-13 16:53:40,455 - sqlalchemy.engine.Engine - INFO - COMMIT
2026-08-13 16:53:40,546 - sqlalchemy.engine.Engine - INFO - BEGIN (implicit)
2026-08-13 16:53:40,547 - sqlalchemy.engine.Engine - INFO - TRUNCATE TABLE messages, tasks, conversations, embeddings, chunks, documents, datasets, workspaces CASCADE
2026-08-13 16:53:40,547 - sqlalchemy.engine.Engine - INFO - [cached since 4.457s ago] ()
2026-08-13 16:53:40,615 - sqlalchemy.engine.Engine - INFO - COMMIT
2026-08-13 16:53:40,828 - sqlalchemy.engine.Engine - INFO - BEGIN (implicit)
2026-08-13 16:53:40,829 - sqlalchemy.engine.Engine - INFO - TRUNCATE TABLE messages, tasks, conversations, embeddings, chunks, documents, datasets, workspaces CASCADE
2026-08-13 16:53:40,829 - sqlalchemy.engine.Engine - INFO - [cached since 4.739s ago] ()
2026-08-13 16:53:40,896 - sqlalchemy.engine.Engine - INFO - COMMIT
2026-08-13 16:53:40,992 - sqlalchemy.engine.Engine - INFO - BEGIN (implicit)
2026-08-13 16:53:40,993 - sqlalchemy.engine.Engine - INFO - TRUNCATE TABLE messages, tasks, conversations, embeddings, chunks, documents, datasets, workspaces CASCADE
2026-08-13 16:53:40,993 - sqlalchemy.engine.Engine - INFO - [cached since 4.903s ago] ()
2026-08-13 16:53:41,060 - sqlalchemy.engine.Engine - INFO - COMMIT
2026-08-13 16:53:41,149 - sqlalchemy.engine.Engine - INFO - BEGIN (implicit)
2026-08-13 16:53:41,149 - sqlalchemy.engine.Engine - INFO - TRUNCATE TABLE messages, tasks, conversations, embeddings, chunks, documents, datasets, workspaces CASCADE
2026-08-13 16:53:41,150 - sqlalchemy.engine.Engine - INFO - [cached since 5.06s ago] ()
2026-08-13 16:53:41,213 - sqlalchemy.engine.Engine - INFO - COMMIT
2026-08-13 16:53:41,307 - sqlalchemy.engine.Engine - INFO - BEGIN (implicit)
2026-08-13 16:53:41,308 - sqlalchemy.engine.Engine - INFO - TRUNCATE TABLE messages, tasks, conversations, embeddings, chunks, documents, datasets, workspaces CASCADE
2026-08-13 16:53:41,308 - sqlalchemy.engine.Engine - INFO - [cached since 5.218s ago] ()
2026-08-13 16:53:41,373 - sqlalchemy.engine.Engine - INFO - COMMIT
2026-08-13 16:53:41,464 - sqlalchemy.engine.Engine - INFO - BEGIN (implicit)
2026-08-13 16:53:41,465 - sqlalchemy.engine.Engine - INFO - TRUNCATE TABLE messages, tasks, conversations, embeddings, chunks, documents, datasets, workspaces CASCADE
2026-08-13 16:53:41,465 - sqlalchemy.engine.Engine - INFO - [cached since 5.375s ago] ()
2026-08-13 16:53:41,525 - sqlalchemy.engine.Engine - INFO - COMMIT
2026-08-13 16:53:41,619 - sqlalchemy.engine.Engine - INFO - BEGIN (implicit)
2026-08-13 16:53:41,619 - sqlalchemy.engine.Engine - INFO - TRUNCATE TABLE messages, tasks, conversations, embeddings, chunks, documents, datasets, workspaces CASCADE
2026-08-13 16:53:41,620 - sqlalchemy.engine.Engine - INFO - [cached since 5.53s ago] ()
2026-08-13 16:53:41,690 - sqlalchemy.engine.Engine - INFO - COMMIT
2026-08-13 16:53:41,774 - sqlalchemy.engine.Engine - INFO - BEGIN (implicit)
2026-08-13 16:53:41,775 - sqlalchemy.engine.Engine - INFO - INSERT INTO workspaces (id, name, description, created_at, updated_at) VALUES ($1::UUID, $2::VARCHAR, $3::VARCHAR, $4::TIMESTAMP WITHOUT TIME ZONE, $5::TIMESTAMP WITHOUT TIME ZONE)
2026-08-13 16:53:41,775 - sqlalchemy.engine.Engine - INFO - [cached since 2.557s ago] (UUID('75e73af1-2a81-47ee-816e-2355ed3cf9da'), 'Test WS', None, datetime.datetime(2026, 8, 13, 13, 23, 41, 775297), datetime.datetime(2026, 8, 13, 13, 23, 41, 775304))
2026-08-13 16:53:41,805 - sqlalchemy.engine.Engine - INFO - INSERT INTO tasks (id, workspace_id, title, description, status, priority, extra_metadata, created_at, updated_at) VALUES ($1::UUID, $2::UUID, $3::VARCHAR, $4::VARCHAR, $5::VARCHAR, $6::VARCHAR, $7::JSON, $8::TIMESTAMP WITHOUT TIME ZONE, $9::TIMESTAMP WITHOUT TIME ZONE)
2026-08-13 16:53:41,805 - sqlalchemy.engine.Engine - INFO - [generated in 0.00068s] (UUID('25615741-2848-45e5-9fa9-63ac46863694'), UUID('75e73af1-2a81-47ee-816e-2355ed3cf9da'), 'Test Task', 'Test description', 'pending', 'high', 'null', datetime.datetime(2026, 8, 13, 13, 23, 41, 805298), datetime.datetime(2026, 8, 13, 13, 23, 41, 805306))
2026-08-13 16:53:41,809 - sqlalchemy.engine.Engine - INFO - COMMIT
2026-08-13 16:53:41,884 - sqlalchemy.engine.Engine - INFO - BEGIN (implicit)
2026-08-13 16:53:41,886 - sqlalchemy.engine.Engine - INFO - SELECT tasks.id, tasks.workspace_id, tasks.title, tasks.description, tasks.status, tasks.priority, tasks.extra_metadata, tasks.created_at, tasks.updated_at 
FROM tasks 
WHERE tasks.id = $1::UUID
2026-08-13 16:53:41,887 - sqlalchemy.engine.Engine - INFO - [generated in 0.00053s] (UUID('25615741-2848-45e5-9fa9-63ac46863694'),)
2026-08-13 16:53:41,893 - app.api.middleware - INFO - fdcf3147-0831-4095-b00c-947ca119333b POST /tasks 201 112.75ms
2026-08-13 16:53:41,905 - sqlalchemy.engine.Engine - INFO - SELECT tasks.id, tasks.workspace_id, tasks.title, tasks.description, tasks.status, tasks.priority, tasks.extra_metadata, tasks.created_at, tasks.updated_at 
FROM tasks 
WHERE tasks.workspace_id = $1::UUID ORDER BY tasks.created_at DESC
2026-08-13 16:53:41,905 - sqlalchemy.engine.Engine - INFO - [generated in 0.00053s] ('75e73af1-2a81-47ee-816e-2355ed3cf9da',)
2026-08-13 16:53:41,909 - app.api.middleware - INFO - bcbd0bad-93d2-454d-99a5-18996c76bdb1 GET /tasks 200 11.12ms
2026-08-13 16:53:41,913 - sqlalchemy.engine.Engine - INFO - ROLLBACK
2026-08-13 16:53:41,989 - sqlalchemy.engine.Engine - INFO - BEGIN (implicit)
2026-08-13 16:53:41,990 - sqlalchemy.engine.Engine - INFO - TRUNCATE TABLE messages, tasks, conversations, embeddings, chunks, documents, datasets, workspaces CASCADE
2026-08-13 16:53:41,990 - sqlalchemy.engine.Engine - INFO - [cached since 5.9s ago] ()
2026-08-13 16:53:42,054 - sqlalchemy.engine.Engine - INFO - COMMIT
2026-08-13 16:53:42,141 - sqlalchemy.engine.Engine - INFO - BEGIN (implicit)
2026-08-13 16:53:42,142 - sqlalchemy.engine.Engine - INFO - INSERT INTO workspaces (id, name, description, created_at, updated_at) VALUES ($1::UUID, $2::VARCHAR, $3::VARCHAR, $4::TIMESTAMP WITHOUT TIME ZONE, $5::TIMESTAMP WITHOUT TIME ZONE)
2026-08-13 16:53:42,142 - sqlalchemy.engine.Engine - INFO - [cached since 2.924s ago] (UUID('f6c78d2f-1cea-4bd9-9b99-2ebd8e48faaf'), 'Test WS', None, datetime.datetime(2026, 8, 13, 13, 23, 42, 142008), datetime.datetime(2026, 8, 13, 13, 23, 42, 142016))
2026-08-13 16:53:42,157 - sqlalchemy.engine.Engine - INFO - INSERT INTO tasks (id, workspace_id, title, description, status, priority, extra_metadata, created_at, updated_at) VALUES ($1::UUID, $2::UUID, $3::VARCHAR, $4::VARCHAR, $5::VARCHAR, $6::VARCHAR, $7::JSON, $8::TIMESTAMP WITHOUT TIME ZONE, $9::TIMESTAMP WITHOUT TIME ZONE)
2026-08-13 16:53:42,157 - sqlalchemy.engine.Engine - INFO - [cached since 0.3526s ago] (UUID('902a180d-8fb4-4699-a211-41b3245be95a'), UUID('f6c78d2f-1cea-4bd9-9b99-2ebd8e48faaf'), 'Original Task', None, 'pending', 'medium', 'null', datetime.datetime(2026, 8, 13, 13, 23, 42, 157341), datetime.datetime(2026, 8, 13, 13, 23, 42, 157349))
2026-08-13 16:53:42,162 - sqlalchemy.engine.Engine - INFO - COMMIT
2026-08-13 16:53:42,228 - sqlalchemy.engine.Engine - INFO - BEGIN (implicit)
2026-08-13 16:53:42,229 - sqlalchemy.engine.Engine - INFO - SELECT tasks.id, tasks.workspace_id, tasks.title, tasks.description, tasks.status, tasks.priority, tasks.extra_metadata, tasks.created_at, tasks.updated_at 
FROM tasks 
WHERE tasks.id = $1::UUID
2026-08-13 16:53:42,229 - sqlalchemy.engine.Engine - INFO - [cached since 0.3429s ago] (UUID('902a180d-8fb4-4699-a211-41b3245be95a'),)
2026-08-13 16:53:42,236 - app.api.middleware - INFO - f8e3c19b-4ae2-47a0-9943-9c14be6987d5 POST /tasks 201 87.80ms
2026-08-13 16:53:42,246 - sqlalchemy.engine.Engine - INFO - SELECT tasks.id, tasks.workspace_id, tasks.title, tasks.description, tasks.status, tasks.priority, tasks.extra_metadata, tasks.created_at, tasks.updated_at 
FROM tasks 
WHERE tasks.id = $1::UUID
2026-08-13 16:53:42,247 - sqlalchemy.engine.Engine - INFO - [generated in 0.00050s] ('902a180d-8fb4-4699-a211-41b3245be95a',)
2026-08-13 16:53:42,251 - sqlalchemy.engine.Engine - INFO - UPDATE tasks SET status=$1::VARCHAR, priority=$2::VARCHAR, updated_at=$3::TIMESTAMP WITHOUT TIME ZONE WHERE tasks.id = $4::UUID
2026-08-13 16:53:42,251 - sqlalchemy.engine.Engine - INFO - [generated in 0.00058s] ('completed', 'low', datetime.datetime(2026, 8, 13, 13, 23, 42, 249143), UUID('902a180d-8fb4-4699-a211-41b3245be95a'))
2026-08-13 16:53:42,255 - sqlalchemy.engine.Engine - INFO - COMMIT
2026-08-13 16:53:42,324 - sqlalchemy.engine.Engine - INFO - BEGIN (implicit)
2026-08-13 16:53:42,325 - sqlalchemy.engine.Engine - INFO - SELECT tasks.id, tasks.workspace_id, tasks.title, tasks.description, tasks.status, tasks.priority, tasks.extra_metadata, tasks.created_at, tasks.updated_at 
FROM tasks 
WHERE tasks.id = $1::UUID
2026-08-13 16:53:42,325 - sqlalchemy.engine.Engine - INFO - [cached since 0.4386s ago] (UUID('902a180d-8fb4-4699-a211-41b3245be95a'),)
2026-08-13 16:53:42,332 - app.api.middleware - INFO - bea479d8-7a7b-4f9d-8aa2-79829f9b7025 PATCH /tasks/902a180d-8fb4-4699-a211-41b3245be95a 200 93.12ms
2026-08-13 16:53:42,336 - sqlalchemy.engine.Engine - INFO - ROLLBACK
2026-08-13 16:53:42,407 - sqlalchemy.engine.Engine - INFO - BEGIN (implicit)
2026-08-13 16:53:42,407 - sqlalchemy.engine.Engine - INFO - TRUNCATE TABLE messages, tasks, conversations, embeddings, chunks, documents, datasets, workspaces CASCADE
2026-08-13 16:53:42,408 - sqlalchemy.engine.Engine - INFO - [cached since 6.318s ago] ()
2026-08-13 16:53:42,469 - sqlalchemy.engine.Engine - INFO - COMMIT
2026-08-13 16:53:42,555 - sqlalchemy.engine.Engine - INFO - BEGIN (implicit)
2026-08-13 16:53:42,556 - sqlalchemy.engine.Engine - INFO - INSERT INTO workspaces (id, name, description, created_at, updated_at) VALUES ($1::UUID, $2::VARCHAR, $3::VARCHAR, $4::TIMESTAMP WITHOUT TIME ZONE, $5::TIMESTAMP WITHOUT TIME ZONE)
2026-08-13 16:53:42,556 - sqlalchemy.engine.Engine - INFO - [cached since 3.339s ago] (UUID('a24b2272-cbb5-4df4-b682-6232d962319b'), 'Test WS', None, datetime.datetime(2026, 8, 13, 13, 23, 42, 556305), datetime.datetime(2026, 8, 13, 13, 23, 42, 556315))
2026-08-13 16:53:42,570 - sqlalchemy.engine.Engine - INFO - INSERT INTO tasks (id, workspace_id, title, description, status, priority, extra_metadata, created_at, updated_at) VALUES ($1::UUID, $2::UUID, $3::VARCHAR, $4::VARCHAR, $5::VARCHAR, $6::VARCHAR, $7::JSON, $8::TIMESTAMP WITHOUT TIME ZONE, $9::TIMESTAMP WITHOUT TIME ZONE)
2026-08-13 16:53:42,570 - sqlalchemy.engine.Engine - INFO - [cached since 0.7653s ago] (UUID('a3c91d57-9cb4-41dd-b491-946dce5dccaf'), UUID('a24b2272-cbb5-4df4-b682-6232d962319b'), 'Task to delete', None, 'pending', 'medium', 'null', datetime.datetime(2026, 8, 13, 13, 23, 42, 569994), datetime.datetime(2026, 8, 13, 13, 23, 42, 570002))
2026-08-13 16:53:42,575 - sqlalchemy.engine.Engine - INFO - COMMIT
2026-08-13 16:53:42,659 - sqlalchemy.engine.Engine - INFO - BEGIN (implicit)
2026-08-13 16:53:42,660 - sqlalchemy.engine.Engine - INFO - SELECT tasks.id, tasks.workspace_id, tasks.title, tasks.description, tasks.status, tasks.priority, tasks.extra_metadata, tasks.created_at, tasks.updated_at 
FROM tasks 
WHERE tasks.id = $1::UUID
2026-08-13 16:53:42,660 - sqlalchemy.engine.Engine - INFO - [cached since 0.7736s ago] (UUID('a3c91d57-9cb4-41dd-b491-946dce5dccaf'),)
2026-08-13 16:53:42,666 - app.api.middleware - INFO - 1ec263cc-c237-46df-bef4-447c57778f5b POST /tasks 201 102.91ms
2026-08-13 16:53:42,672 - sqlalchemy.engine.Engine - INFO - SELECT tasks.id, tasks.workspace_id, tasks.title, tasks.description, tasks.status, tasks.priority, tasks.extra_metadata, tasks.created_at, tasks.updated_at 
FROM tasks 
WHERE tasks.id = $1::UUID
2026-08-13 16:53:42,673 - sqlalchemy.engine.Engine - INFO - [cached since 0.4268s ago] ('a3c91d57-9cb4-41dd-b491-946dce5dccaf',)
2026-08-13 16:53:42,676 - sqlalchemy.engine.Engine - INFO - DELETE FROM tasks WHERE tasks.id = $1::UUID
2026-08-13 16:53:42,677 - sqlalchemy.engine.Engine - INFO - [generated in 0.00049s] (UUID('a3c91d57-9cb4-41dd-b491-946dce5dccaf'),)
2026-08-13 16:53:42,679 - sqlalchemy.engine.Engine - INFO - COMMIT
2026-08-13 16:53:42,688 - app.api.middleware - INFO - 27ee1692-ddd6-47fc-981d-c46408a34e1e DELETE /tasks/a3c91d57-9cb4-41dd-b491-946dce5dccaf 204 19.31ms
2026-08-13 16:53:42,756 - sqlalchemy.engine.Engine - INFO - BEGIN (implicit)
2026-08-13 16:53:42,757 - sqlalchemy.engine.Engine - INFO - SELECT tasks.id, tasks.workspace_id, tasks.title, tasks.description, tasks.status, tasks.priority, tasks.extra_metadata, tasks.created_at, tasks.updated_at 
FROM tasks 
WHERE tasks.id = $1::UUID
2026-08-13 16:53:42,757 - sqlalchemy.engine.Engine - INFO - [cached since 0.5114s ago] ('a3c91d57-9cb4-41dd-b491-946dce5dccaf',)
2026-08-13 16:53:42,763 - app.api.middleware - INFO - 3ab22341-b69e-4f84-995c-191a746941c2 GET /tasks/a3c91d57-9cb4-41dd-b491-946dce5dccaf 404 71.96ms
2026-08-13 16:53:42,767 - sqlalchemy.engine.Engine - INFO - ROLLBACK
2026-08-13 16:53:42,849 - sqlalchemy.engine.Engine - INFO - BEGIN (implicit)
2026-08-13 16:53:42,850 - sqlalchemy.engine.Engine - INFO - TRUNCATE TABLE messages, tasks, conversations, embeddings, chunks, documents, datasets, workspaces CASCADE
2026-08-13 16:53:42,850 - sqlalchemy.engine.Engine - INFO - [cached since 6.76s ago] ()
2026-08-13 16:53:42,921 - sqlalchemy.engine.Engine - INFO - COMMIT
2026-08-13 16:53:42,951 - app.api.middleware - INFO - c64573c1-173d-4022-8b9e-b9ffe3e8763f GET /health 200 3.92ms
2026-08-13 16:53:43,049 - sqlalchemy.engine.Engine - INFO - BEGIN (implicit)
2026-08-13 16:53:43,050 - sqlalchemy.engine.Engine - INFO - TRUNCATE TABLE messages, tasks, conversations, embeddings, chunks, documents, datasets, workspaces CASCADE
2026-08-13 16:53:43,051 - sqlalchemy.engine.Engine - INFO - [cached since 6.961s ago] ()
2026-08-13 16:53:43,117 - sqlalchemy.engine.Engine - INFO - COMMIT
2026-08-13 16:53:43,140 - app.api.middleware - INFO - 70ee4112-5fdb-4b7e-ad43-359f1f8e4ec8 GET /health 200 1.80ms
2026-08-13 16:53:43,220 - sqlalchemy.engine.Engine - INFO - BEGIN (implicit)
2026-08-13 16:53:43,221 - sqlalchemy.engine.Engine - INFO - TRUNCATE TABLE messages, tasks, conversations, embeddings, chunks, documents, datasets, workspaces CASCADE
2026-08-13 16:53:43,221 - sqlalchemy.engine.Engine - INFO - [cached since 7.131s ago] ()
2026-08-13 16:53:43,287 - sqlalchemy.engine.Engine - INFO - COMMIT
2026-08-13 16:53:43,318 - app.api.middleware - WARNING - Rate limit exceeded for 127.0.0.1 on /health
2026-08-13 16:53:43,395 - sqlalchemy.engine.Engine - INFO - BEGIN (implicit)
2026-08-13 16:53:43,395 - sqlalchemy.engine.Engine - INFO - TRUNCATE TABLE messages, tasks, conversations, embeddings, chunks, documents, datasets, workspaces CASCADE
2026-08-13 16:53:43,396 - sqlalchemy.engine.Engine - INFO - [cached since 7.306s ago] ()
2026-08-13 16:53:43,464 - sqlalchemy.engine.Engine - INFO - COMMIT
2026-08-13 16:53:43,482 - app.api.middleware - INFO - de5e7e0d-9002-4438-9169-a244f992967d GET /nonexistent 404 2.55ms
2026-08-13 16:53:43,560 - sqlalchemy.engine.Engine - INFO - BEGIN (implicit)
2026-08-13 16:53:43,561 - sqlalchemy.engine.Engine - INFO - TRUNCATE TABLE messages, tasks, conversations, embeddings, chunks, documents, datasets, workspaces CASCADE
2026-08-13 16:53:43,561 - sqlalchemy.engine.Engine - INFO - [cached since 7.471s ago] ()
2026-08-13 16:53:43,624 - sqlalchemy.engine.Engine - INFO - COMMIT
2026-08-13 16:53:43,724 - sqlalchemy.engine.Engine - INFO - BEGIN (implicit)
2026-08-13 16:53:43,724 - sqlalchemy.engine.Engine - INFO - TRUNCATE TABLE messages, tasks, conversations, embeddings, chunks, documents, datasets, workspaces CASCADE
2026-08-13 16:53:43,725 - sqlalchemy.engine.Engine - INFO - [cached since 7.635s ago] ()
2026-08-13 16:53:43,788 - sqlalchemy.engine.Engine - INFO - COMMIT
2026-08-13 16:53:43,893 - sqlalchemy.engine.Engine - INFO - BEGIN (implicit)
2026-08-13 16:53:43,894 - sqlalchemy.engine.Engine - INFO - TRUNCATE TABLE messages, tasks, conversations, embeddings, chunks, documents, datasets, workspaces CASCADE
2026-08-13 16:53:43,894 - sqlalchemy.engine.Engine - INFO - [cached since 7.804s ago] ()
2026-08-13 16:53:43,961 - sqlalchemy.engine.Engine - INFO - COMMIT
2026-08-13 16:53:44,067 - sqlalchemy.engine.Engine - INFO - BEGIN (implicit)
2026-08-13 16:53:44,068 - sqlalchemy.engine.Engine - INFO - TRUNCATE TABLE messages, tasks, conversations, embeddings, chunks, documents, datasets, workspaces CASCADE
2026-08-13 16:53:44,068 - sqlalchemy.engine.Engine - INFO - [cached since 7.978s ago] ()
2026-08-13 16:53:44,134 - sqlalchemy.engine.Engine - INFO - COMMIT
2026-08-13 16:53:44,227 - sqlalchemy.engine.Engine - INFO - BEGIN (implicit)
2026-08-13 16:53:44,228 - sqlalchemy.engine.Engine - INFO - TRUNCATE TABLE messages, tasks, conversations, embeddings, chunks, documents, datasets, workspaces CASCADE
2026-08-13 16:53:44,228 - sqlalchemy.engine.Engine - INFO - [cached since 8.138s ago] ()
2026-08-13 16:53:44,293 - sqlalchemy.engine.Engine - INFO - COMMIT
2026-08-13 16:53:44,391 - sqlalchemy.engine.Engine - INFO - BEGIN (implicit)
2026-08-13 16:53:44,392 - sqlalchemy.engine.Engine - INFO - TRUNCATE TABLE messages, tasks, conversations, embeddings, chunks, documents, datasets, workspaces CASCADE
2026-08-13 16:53:44,392 - sqlalchemy.engine.Engine - INFO - [cached since 8.302s ago] ()
2026-08-13 16:53:44,457 - sqlalchemy.engine.Engine - INFO - COMMIT
2026-08-13 16:53:44,554 - sqlalchemy.engine.Engine - INFO - BEGIN (implicit)
2026-08-13 16:53:44,555 - sqlalchemy.engine.Engine - INFO - TRUNCATE TABLE messages, tasks, conversations, embeddings, chunks, documents, datasets, workspaces CASCADE
2026-08-13 16:53:44,556 - sqlalchemy.engine.Engine - INFO - [cached since 8.466s ago] ()
2026-08-13 16:53:44,627 - sqlalchemy.engine.Engine - INFO - COMMIT
2026-08-13 16:53:44,722 - sqlalchemy.engine.Engine - INFO - BEGIN (implicit)
2026-08-13 16:53:44,723 - sqlalchemy.engine.Engine - INFO - TRUNCATE TABLE messages, tasks, conversations, embeddings, chunks, documents, datasets, workspaces CASCADE
2026-08-13 16:53:44,723 - sqlalchemy.engine.Engine - INFO - [cached since 8.633s ago] ()
2026-08-13 16:53:44,792 - sqlalchemy.engine.Engine - INFO - COMMIT
2026-08-13 16:53:44,893 - sqlalchemy.engine.Engine - INFO - BEGIN (implicit)
2026-08-13 16:53:44,894 - sqlalchemy.engine.Engine - INFO - TRUNCATE TABLE messages, tasks, conversations, embeddings, chunks, documents, datasets, workspaces CASCADE
2026-08-13 16:53:44,894 - sqlalchemy.engine.Engine - INFO - [cached since 8.804s ago] ()
2026-08-13 16:53:44,959 - sqlalchemy.engine.Engine - INFO - COMMIT
2026-08-13 16:53:45,057 - sqlalchemy.engine.Engine - INFO - BEGIN (implicit)
2026-08-13 16:53:45,058 - sqlalchemy.engine.Engine - INFO - TRUNCATE TABLE messages, tasks, conversations, embeddings, chunks, documents, datasets, workspaces CASCADE
2026-08-13 16:53:45,058 - sqlalchemy.engine.Engine - INFO - [cached since 8.968s ago] ()
2026-08-13 16:53:45,129 - sqlalchemy.engine.Engine - INFO - COMMIT
2026-08-13 16:53:45,202 - sqlalchemy.engine.Engine - INFO - BEGIN (implicit)
2026-08-13 16:53:45,203 - sqlalchemy.engine.Engine - INFO - SELECT pg_catalog.pg_class.relname 
FROM pg_catalog.pg_class JOIN pg_catalog.pg_namespace ON pg_catalog.pg_namespace.oid = pg_catalog.pg_class.relnamespace 
WHERE pg_catalog.pg_class.relname = $1::VARCHAR AND pg_catalog.pg_class.relkind = ANY (ARRAY[$2::VARCHAR, $3::VARCHAR, $4::VARCHAR, $5::VARCHAR, $6::VARCHAR]) AND pg_catalog.pg_table_is_visible(pg_catalog.pg_class.oid) AND pg_catalog.pg_namespace.nspname != $7::VARCHAR
2026-08-13 16:53:45,203 - sqlalchemy.engine.Engine - INFO - [cached since 9.345s ago] ('workspaces', 'r', 'p', 'f', 'v', 'm', 'pg_catalog')
2026-08-13 16:53:45,209 - sqlalchemy.engine.Engine - INFO - SELECT pg_catalog.pg_class.relname 
FROM pg_catalog.pg_class JOIN pg_catalog.pg_namespace ON pg_catalog.pg_namespace.oid = pg_catalog.pg_class.relnamespace 
WHERE pg_catalog.pg_class.relname = $1::VARCHAR AND pg_catalog.pg_class.relkind = ANY (ARRAY[$2::VARCHAR, $3::VARCHAR, $4::VARCHAR, $5::VARCHAR, $6::VARCHAR]) AND pg_catalog.pg_table_is_visible(pg_catalog.pg_class.oid) AND pg_catalog.pg_namespace.nspname != $7::VARCHAR
2026-08-13 16:53:45,209 - sqlalchemy.engine.Engine - INFO - [cached since 9.351s ago] ('datasets', 'r', 'p', 'f', 'v', 'm', 'pg_catalog')
2026-08-13 16:53:45,211 - sqlalchemy.engine.Engine - INFO - SELECT pg_catalog.pg_class.relname 
FROM pg_catalog.pg_class JOIN pg_catalog.pg_namespace ON pg_catalog.pg_namespace.oid = pg_catalog.pg_class.relnamespace 
WHERE pg_catalog.pg_class.relname = $1::VARCHAR AND pg_catalog.pg_class.relkind = ANY (ARRAY[$2::VARCHAR, $3::VARCHAR, $4::VARCHAR, $5::VARCHAR, $6::VARCHAR]) AND pg_catalog.pg_table_is_visible(pg_catalog.pg_class.oid) AND pg_catalog.pg_namespace.nspname != $7::VARCHAR
2026-08-13 16:53:45,211 - sqlalchemy.engine.Engine - INFO - [cached since 9.354s ago] ('documents', 'r', 'p', 'f', 'v', 'm', 'pg_catalog')
2026-08-13 16:53:45,213 - sqlalchemy.engine.Engine - INFO - SELECT pg_catalog.pg_class.relname 
FROM pg_catalog.pg_class JOIN pg_catalog.pg_namespace ON pg_catalog.pg_namespace.oid = pg_catalog.pg_class.relnamespace 
WHERE pg_catalog.pg_class.relname = $1::VARCHAR AND pg_catalog.pg_class.relkind = ANY (ARRAY[$2::VARCHAR, $3::VARCHAR, $4::VARCHAR, $5::VARCHAR, $6::VARCHAR]) AND pg_catalog.pg_table_is_visible(pg_catalog.pg_class.oid) AND pg_catalog.pg_namespace.nspname != $7::VARCHAR
2026-08-13 16:53:45,213 - sqlalchemy.engine.Engine - INFO - [cached since 9.356s ago] ('chunks', 'r', 'p', 'f', 'v', 'm', 'pg_catalog')
2026-08-13 16:53:45,215 - sqlalchemy.engine.Engine - INFO - SELECT pg_catalog.pg_class.relname 
FROM pg_catalog.pg_class JOIN pg_catalog.pg_namespace ON pg_catalog.pg_namespace.oid = pg_catalog.pg_class.relnamespace 
WHERE pg_catalog.pg_class.relname = $1::VARCHAR AND pg_catalog.pg_class.relkind = ANY (ARRAY[$2::VARCHAR, $3::VARCHAR, $4::VARCHAR, $5::VARCHAR, $6::VARCHAR]) AND pg_catalog.pg_table_is_visible(pg_catalog.pg_class.oid) AND pg_catalog.pg_namespace.nspname != $7::VARCHAR
2026-08-13 16:53:45,215 - sqlalchemy.engine.Engine - INFO - [cached since 9.358s ago] ('embeddings', 'r', 'p', 'f', 'v', 'm', 'pg_catalog')
2026-08-13 16:53:45,217 - sqlalchemy.engine.Engine - INFO - SELECT pg_catalog.pg_class.relname 
FROM pg_catalog.pg_class JOIN pg_catalog.pg_namespace ON pg_catalog.pg_namespace.oid = pg_catalog.pg_class.relnamespace 
WHERE pg_catalog.pg_class.relname = $1::VARCHAR AND pg_catalog.pg_class.relkind = ANY (ARRAY[$2::VARCHAR, $3::VARCHAR, $4::VARCHAR, $5::VARCHAR, $6::VARCHAR]) AND pg_catalog.pg_table_is_visible(pg_catalog.pg_class.oid) AND pg_catalog.pg_namespace.nspname != $7::VARCHAR
2026-08-13 16:53:45,217 - sqlalchemy.engine.Engine - INFO - [cached since 9.36s ago] ('conversations', 'r', 'p', 'f', 'v', 'm', 'pg_catalog')
2026-08-13 16:53:45,219 - sqlalchemy.engine.Engine - INFO - SELECT pg_catalog.pg_class.relname 
FROM pg_catalog.pg_class JOIN pg_catalog.pg_namespace ON pg_catalog.pg_namespace.oid = pg_catalog.pg_class.relnamespace 
WHERE pg_catalog.pg_class.relname = $1::VARCHAR AND pg_catalog.pg_class.relkind = ANY (ARRAY[$2::VARCHAR, $3::VARCHAR, $4::VARCHAR, $5::VARCHAR, $6::VARCHAR]) AND pg_catalog.pg_table_is_visible(pg_catalog.pg_class.oid) AND pg_catalog.pg_namespace.nspname != $7::VARCHAR
2026-08-13 16:53:45,220 - sqlalchemy.engine.Engine - INFO - [cached since 9.362s ago] ('messages', 'r', 'p', 'f', 'v', 'm', 'pg_catalog')
2026-08-13 16:53:45,221 - sqlalchemy.engine.Engine - INFO - SELECT pg_catalog.pg_class.relname 
FROM pg_catalog.pg_class JOIN pg_catalog.pg_namespace ON pg_catalog.pg_namespace.oid = pg_catalog.pg_class.relnamespace 
WHERE pg_catalog.pg_class.relname = $1::VARCHAR AND pg_catalog.pg_class.relkind = ANY (ARRAY[$2::VARCHAR, $3::VARCHAR, $4::VARCHAR, $5::VARCHAR, $6::VARCHAR]) AND pg_catalog.pg_table_is_visible(pg_catalog.pg_class.oid) AND pg_catalog.pg_namespace.nspname != $7::VARCHAR
2026-08-13 16:53:45,221 - sqlalchemy.engine.Engine - INFO - [cached since 9.364s ago] ('tasks', 'r', 'p', 'f', 'v', 'm', 'pg_catalog')
2026-08-13 16:53:45,223 - sqlalchemy.engine.Engine - INFO - 
DROP TABLE embeddings
2026-08-13 16:53:45,223 - sqlalchemy.engine.Engine - INFO - [no key 0.00030s] ()
2026-08-13 16:53:45,227 - sqlalchemy.engine.Engine - INFO - 
DROP TABLE chunks
2026-08-13 16:53:45,227 - sqlalchemy.engine.Engine - INFO - [no key 0.00042s] ()
2026-08-13 16:53:45,231 - sqlalchemy.engine.Engine - INFO - 
DROP TABLE messages
2026-08-13 16:53:45,231 - sqlalchemy.engine.Engine - INFO - [no key 0.00037s] ()
2026-08-13 16:53:45,234 - sqlalchemy.engine.Engine - INFO - 
DROP TABLE documents
2026-08-13 16:53:45,234 - sqlalchemy.engine.Engine - INFO - [no key 0.00037s] ()
2026-08-13 16:53:45,237 - sqlalchemy.engine.Engine - INFO - 
DROP TABLE tasks
2026-08-13 16:53:45,238 - sqlalchemy.engine.Engine - INFO - [no key 0.00035s] ()
2026-08-13 16:53:45,240 - sqlalchemy.engine.Engine - INFO - 
DROP TABLE conversations
2026-08-13 16:53:45,241 - sqlalchemy.engine.Engine - INFO - [no key 0.00035s] ()
2026-08-13 16:53:45,243 - sqlalchemy.engine.Engine - INFO - 
DROP TABLE datasets
2026-08-13 16:53:45,244 - sqlalchemy.engine.Engine - INFO - [no key 0.00033s] ()
2026-08-13 16:53:45,246 - sqlalchemy.engine.Engine - INFO - 
DROP TABLE workspaces
2026-08-13 16:53:45,247 - sqlalchemy.engine.Engine - INFO - [no key 0.00045s] ()
2026-08-13 16:53:45,249 - sqlalchemy.engine.Engine - INFO - COMMIT
2026-08-13 16:54:42,748 - sqlalchemy.engine.Engine - INFO - select pg_catalog.version()
2026-08-13 16:54:42,749 - sqlalchemy.engine.Engine - INFO - [raw sql] ()
2026-08-13 16:54:42,753 - sqlalchemy.engine.Engine - INFO - select current_schema()
2026-08-13 16:54:42,754 - sqlalchemy.engine.Engine - INFO - [raw sql] ()
2026-08-13 16:54:42,757 - sqlalchemy.engine.Engine - INFO - show standard_conforming_strings
2026-08-13 16:54:42,757 - sqlalchemy.engine.Engine - INFO - [raw sql] ()
2026-08-13 16:54:42,759 - sqlalchemy.engine.Engine - INFO - BEGIN (implicit)
2026-08-13 16:54:42,760 - sqlalchemy.engine.Engine - INFO - CREATE EXTENSION IF NOT EXISTS vector
2026-08-13 16:54:42,761 - sqlalchemy.engine.Engine - INFO - [generated in 0.00046s] ()
2026-08-13 16:54:42,771 - sqlalchemy.engine.Engine - INFO - SELECT pg_catalog.pg_class.relname 
FROM pg_catalog.pg_class JOIN pg_catalog.pg_namespace ON pg_catalog.pg_namespace.oid = pg_catalog.pg_class.relnamespace 
WHERE pg_catalog.pg_class.relname = $1::VARCHAR AND pg_catalog.pg_class.relkind = ANY (ARRAY[$2::VARCHAR, $3::VARCHAR, $4::VARCHAR, $5::VARCHAR, $6::VARCHAR]) AND pg_catalog.pg_table_is_visible(pg_catalog.pg_class.oid) AND pg_catalog.pg_namespace.nspname != $7::VARCHAR
2026-08-13 16:54:42,771 - sqlalchemy.engine.Engine - INFO - [generated in 0.00058s] ('workspaces', 'r', 'p', 'f', 'v', 'm', 'pg_catalog')
2026-08-13 16:54:42,776 - sqlalchemy.engine.Engine - INFO - SELECT pg_catalog.pg_class.relname 
FROM pg_catalog.pg_class JOIN pg_catalog.pg_namespace ON pg_catalog.pg_namespace.oid = pg_catalog.pg_class.relnamespace 
WHERE pg_catalog.pg_class.relname = $1::VARCHAR AND pg_catalog.pg_class.relkind = ANY (ARRAY[$2::VARCHAR, $3::VARCHAR, $4::VARCHAR, $5::VARCHAR, $6::VARCHAR]) AND pg_catalog.pg_table_is_visible(pg_catalog.pg_class.oid) AND pg_catalog.pg_namespace.nspname != $7::VARCHAR
2026-08-13 16:54:42,777 - sqlalchemy.engine.Engine - INFO - [cached since 0.00607s ago] ('datasets', 'r', 'p', 'f', 'v', 'm', 'pg_catalog')
2026-08-13 16:54:42,779 - sqlalchemy.engine.Engine - INFO - SELECT pg_catalog.pg_class.relname 
FROM pg_catalog.pg_class JOIN pg_catalog.pg_namespace ON pg_catalog.pg_namespace.oid = pg_catalog.pg_class.relnamespace 
WHERE pg_catalog.pg_class.relname = $1::VARCHAR AND pg_catalog.pg_class.relkind = ANY (ARRAY[$2::VARCHAR, $3::VARCHAR, $4::VARCHAR, $5::VARCHAR, $6::VARCHAR]) AND pg_catalog.pg_table_is_visible(pg_catalog.pg_class.oid) AND pg_catalog.pg_namespace.nspname != $7::VARCHAR
2026-08-13 16:54:42,779 - sqlalchemy.engine.Engine - INFO - [cached since 0.008125s ago] ('documents', 'r', 'p', 'f', 'v', 'm', 'pg_catalog')
2026-08-13 16:54:42,781 - sqlalchemy.engine.Engine - INFO - SELECT pg_catalog.pg_class.relname 
FROM pg_catalog.pg_class JOIN pg_catalog.pg_namespace ON pg_catalog.pg_namespace.oid = pg_catalog.pg_class.relnamespace 
WHERE pg_catalog.pg_class.relname = $1::VARCHAR AND pg_catalog.pg_class.relkind = ANY (ARRAY[$2::VARCHAR, $3::VARCHAR, $4::VARCHAR, $5::VARCHAR, $6::VARCHAR]) AND pg_catalog.pg_table_is_visible(pg_catalog.pg_class.oid) AND pg_catalog.pg_namespace.nspname != $7::VARCHAR
2026-08-13 16:54:42,782 - sqlalchemy.engine.Engine - INFO - [cached since 0.01083s ago] ('chunks', 'r', 'p', 'f', 'v', 'm', 'pg_catalog')
2026-08-13 16:54:42,784 - sqlalchemy.engine.Engine - INFO - SELECT pg_catalog.pg_class.relname 
FROM pg_catalog.pg_class JOIN pg_catalog.pg_namespace ON pg_catalog.pg_namespace.oid = pg_catalog.pg_class.relnamespace 
WHERE pg_catalog.pg_class.relname = $1::VARCHAR AND pg_catalog.pg_class.relkind = ANY (ARRAY[$2::VARCHAR, $3::VARCHAR, $4::VARCHAR, $5::VARCHAR, $6::VARCHAR]) AND pg_catalog.pg_table_is_visible(pg_catalog.pg_class.oid) AND pg_catalog.pg_namespace.nspname != $7::VARCHAR
2026-08-13 16:54:42,784 - sqlalchemy.engine.Engine - INFO - [cached since 0.01335s ago] ('embeddings', 'r', 'p', 'f', 'v', 'm', 'pg_catalog')
2026-08-13 16:54:42,786 - sqlalchemy.engine.Engine - INFO - SELECT pg_catalog.pg_class.relname 
FROM pg_catalog.pg_class JOIN pg_catalog.pg_namespace ON pg_catalog.pg_namespace.oid = pg_catalog.pg_class.relnamespace 
WHERE pg_catalog.pg_class.relname = $1::VARCHAR AND pg_catalog.pg_class.relkind = ANY (ARRAY[$2::VARCHAR, $3::VARCHAR, $4::VARCHAR, $5::VARCHAR, $6::VARCHAR]) AND pg_catalog.pg_table_is_visible(pg_catalog.pg_class.oid) AND pg_catalog.pg_namespace.nspname != $7::VARCHAR
2026-08-13 16:54:42,786 - sqlalchemy.engine.Engine - INFO - [cached since 0.01538s ago] ('conversations', 'r', 'p', 'f', 'v', 'm', 'pg_catalog')
2026-08-13 16:54:42,788 - sqlalchemy.engine.Engine - INFO - SELECT pg_catalog.pg_class.relname 
FROM pg_catalog.pg_class JOIN pg_catalog.pg_namespace ON pg_catalog.pg_namespace.oid = pg_catalog.pg_class.relnamespace 
WHERE pg_catalog.pg_class.relname = $1::VARCHAR AND pg_catalog.pg_class.relkind = ANY (ARRAY[$2::VARCHAR, $3::VARCHAR, $4::VARCHAR, $5::VARCHAR, $6::VARCHAR]) AND pg_catalog.pg_table_is_visible(pg_catalog.pg_class.oid) AND pg_catalog.pg_namespace.nspname != $7::VARCHAR
2026-08-13 16:54:42,788 - sqlalchemy.engine.Engine - INFO - [cached since 0.01737s ago] ('messages', 'r', 'p', 'f', 'v', 'm', 'pg_catalog')
2026-08-13 16:54:42,789 - sqlalchemy.engine.Engine - INFO - SELECT pg_catalog.pg_class.relname 
FROM pg_catalog.pg_class JOIN pg_catalog.pg_namespace ON pg_catalog.pg_namespace.oid = pg_catalog.pg_class.relnamespace 
WHERE pg_catalog.pg_class.relname = $1::VARCHAR AND pg_catalog.pg_class.relkind = ANY (ARRAY[$2::VARCHAR, $3::VARCHAR, $4::VARCHAR, $5::VARCHAR, $6::VARCHAR]) AND pg_catalog.pg_table_is_visible(pg_catalog.pg_class.oid) AND pg_catalog.pg_namespace.nspname != $7::VARCHAR
2026-08-13 16:54:42,790 - sqlalchemy.engine.Engine - INFO - [cached since 0.01892s ago] ('tasks', 'r', 'p', 'f', 'v', 'm', 'pg_catalog')
2026-08-13 16:54:42,792 - sqlalchemy.engine.Engine - INFO - 
CREATE TABLE workspaces (
	id UUID NOT NULL, 
	name VARCHAR(255) NOT NULL, 
	description TEXT, 
	extra_metadata JSON, 
	created_at TIMESTAMP WITHOUT TIME ZONE NOT NULL, 
	updated_at TIMESTAMP WITHOUT TIME ZONE NOT NULL, 
	PRIMARY KEY (id)
)


2026-08-13 16:54:42,792 - sqlalchemy.engine.Engine - INFO - [no key 0.00047s] ()
2026-08-13 16:54:42,808 - sqlalchemy.engine.Engine - INFO - 
CREATE TABLE datasets (
	id UUID NOT NULL, 
	workspace_id UUID NOT NULL, 
	name VARCHAR(255) NOT NULL, 
	description TEXT, 
	connector_type VARCHAR(100), 
	connector_config JSON, 
	extra_metadata JSON, 
	created_at TIMESTAMP WITHOUT TIME ZONE NOT NULL, 
	updated_at TIMESTAMP WITHOUT TIME ZONE NOT NULL, 
	PRIMARY KEY (id), 
	FOREIGN KEY(workspace_id) REFERENCES workspaces (id) ON DELETE CASCADE
)


2026-08-13 16:54:42,809 - sqlalchemy.engine.Engine - INFO - [no key 0.00045s] ()
2026-08-13 16:54:42,824 - sqlalchemy.engine.Engine - INFO - 
CREATE TABLE conversations (
	id UUID NOT NULL, 
	workspace_id UUID NOT NULL, 
	title VARCHAR(255), 
	extra_metadata JSON, 
	created_at TIMESTAMP WITHOUT TIME ZONE NOT NULL, 
	updated_at TIMESTAMP WITHOUT TIME ZONE NOT NULL, 
	PRIMARY KEY (id), 
	FOREIGN KEY(workspace_id) REFERENCES workspaces (id) ON DELETE CASCADE
)


2026-08-13 16:54:42,825 - sqlalchemy.engine.Engine - INFO - [no key 0.00045s] ()
2026-08-13 16:54:42,837 - sqlalchemy.engine.Engine - INFO - 
CREATE TABLE tasks (
	id UUID NOT NULL, 
	workspace_id UUID NOT NULL, 
	title VARCHAR(255) NOT NULL, 
	description TEXT, 
	status VARCHAR(50) NOT NULL, 
	priority VARCHAR(50) NOT NULL, 
	extra_metadata JSON, 
	created_at TIMESTAMP WITHOUT TIME ZONE NOT NULL, 
	updated_at TIMESTAMP WITHOUT TIME ZONE NOT NULL, 
	PRIMARY KEY (id), 
	FOREIGN KEY(workspace_id) REFERENCES workspaces (id) ON DELETE CASCADE
)


2026-08-13 16:54:42,837 - sqlalchemy.engine.Engine - INFO - [no key 0.00039s] ()
2026-08-13 16:54:42,850 - sqlalchemy.engine.Engine - INFO - 
CREATE TABLE documents (
	id UUID NOT NULL, 
	dataset_id UUID NOT NULL, 
	workspace_id UUID NOT NULL, 
	source VARCHAR(1024) NOT NULL, 
	filename VARCHAR(255), 
	content_type VARCHAR(100), 
	size_bytes INTEGER, 
	extra_metadata JSON, 
	status VARCHAR(50) NOT NULL, 
	created_at TIMESTAMP WITHOUT TIME ZONE NOT NULL, 
	updated_at TIMESTAMP WITHOUT TIME ZONE NOT NULL, 
	PRIMARY KEY (id), 
	FOREIGN KEY(dataset_id) REFERENCES datasets (id) ON DELETE CASCADE, 
	FOREIGN KEY(workspace_id) REFERENCES workspaces (id) ON DELETE CASCADE
)


2026-08-13 16:54:42,850 - sqlalchemy.engine.Engine - INFO - [no key 0.00052s] ()
2026-08-13 16:54:42,865 - sqlalchemy.engine.Engine - INFO - 
CREATE TABLE messages (
	id UUID NOT NULL, 
	conversation_id UUID NOT NULL, 
	role VARCHAR(50) NOT NULL, 
	content TEXT NOT NULL, 
	sources JSON, 
	extra_metadata JSON, 
	created_at TIMESTAMP WITHOUT TIME ZONE NOT NULL, 
	PRIMARY KEY (id), 
	FOREIGN KEY(conversation_id) REFERENCES conversations (id) ON DELETE CASCADE
)


2026-08-13 16:54:42,866 - sqlalchemy.engine.Engine - INFO - [no key 0.00041s] ()
2026-08-13 16:54:42,877 - sqlalchemy.engine.Engine - INFO - 
CREATE TABLE chunks (
	id UUID NOT NULL, 
	document_id UUID NOT NULL, 
	dataset_id UUID NOT NULL, 
	workspace_id UUID NOT NULL, 
	chunk_index INTEGER NOT NULL, 
	text TEXT NOT NULL, 
	extra_metadata JSON, 
	token_count INTEGER, 
	created_at TIMESTAMP WITHOUT TIME ZONE NOT NULL, 
	PRIMARY KEY (id), 
	FOREIGN KEY(document_id) REFERENCES documents (id) ON DELETE CASCADE, 
	FOREIGN KEY(dataset_id) REFERENCES datasets (id) ON DELETE CASCADE, 
	FOREIGN KEY(workspace_id) REFERENCES workspaces (id) ON DELETE CASCADE
)


2026-08-13 16:54:42,878 - sqlalchemy.engine.Engine - INFO - [no key 0.00044s] ()
2026-08-13 16:54:42,891 - sqlalchemy.engine.Engine - INFO - 
CREATE TABLE embeddings (
	id UUID NOT NULL, 
	chunk_id UUID NOT NULL, 
	workspace_id UUID NOT NULL, 
	dataset_id UUID NOT NULL, 
	model VARCHAR(255) NOT NULL, 
	dimensions INTEGER NOT NULL, 
	vector VECTOR(1024), 
	created_at TIMESTAMP WITHOUT TIME ZONE NOT NULL, 
	PRIMARY KEY (id), 
	FOREIGN KEY(chunk_id) REFERENCES chunks (id) ON DELETE CASCADE, 
	FOREIGN KEY(workspace_id) REFERENCES workspaces (id) ON DELETE CASCADE, 
	FOREIGN KEY(dataset_id) REFERENCES datasets (id) ON DELETE CASCADE
)


2026-08-13 16:54:42,891 - sqlalchemy.engine.Engine - INFO - [no key 0.00032s] ()
2026-08-13 16:54:42,905 - sqlalchemy.engine.Engine - INFO - COMMIT
2026-08-13 16:54:42,986 - sqlalchemy.engine.Engine - INFO - BEGIN (implicit)
2026-08-13 16:54:42,987 - sqlalchemy.engine.Engine - INFO - TRUNCATE TABLE messages, tasks, conversations, embeddings, chunks, documents, datasets, workspaces CASCADE
2026-08-13 16:54:42,987 - sqlalchemy.engine.Engine - INFO - [generated in 0.00041s] ()
2026-08-13 16:54:43,057 - sqlalchemy.engine.Engine - INFO - COMMIT
2026-08-13 16:54:43,149 - sqlalchemy.engine.Engine - INFO - BEGIN (implicit)
2026-08-13 16:54:43,150 - sqlalchemy.engine.Engine - INFO - TRUNCATE TABLE messages, tasks, conversations, embeddings, chunks, documents, datasets, workspaces CASCADE
2026-08-13 16:54:43,150 - sqlalchemy.engine.Engine - INFO - [cached since 0.1631s ago] ()
2026-08-13 16:54:43,214 - sqlalchemy.engine.Engine - INFO - COMMIT
2026-08-13 16:54:43,307 - sqlalchemy.engine.Engine - INFO - BEGIN (implicit)
2026-08-13 16:54:43,308 - sqlalchemy.engine.Engine - INFO - TRUNCATE TABLE messages, tasks, conversations, embeddings, chunks, documents, datasets, workspaces CASCADE
2026-08-13 16:54:43,308 - sqlalchemy.engine.Engine - INFO - [cached since 0.3213s ago] ()
2026-08-13 16:54:43,374 - sqlalchemy.engine.Engine - INFO - COMMIT
2026-08-13 16:54:43,458 - sqlalchemy.engine.Engine - INFO - BEGIN (implicit)
2026-08-13 16:54:43,459 - sqlalchemy.engine.Engine - INFO - TRUNCATE TABLE messages, tasks, conversations, embeddings, chunks, documents, datasets, workspaces CASCADE
2026-08-13 16:54:43,459 - sqlalchemy.engine.Engine - INFO - [cached since 0.4719s ago] ()
2026-08-13 16:54:43,521 - sqlalchemy.engine.Engine - INFO - COMMIT
2026-08-13 16:54:43,605 - sqlalchemy.engine.Engine - INFO - BEGIN (implicit)
2026-08-13 16:54:43,605 - sqlalchemy.engine.Engine - INFO - TRUNCATE TABLE messages, tasks, conversations, embeddings, chunks, documents, datasets, workspaces CASCADE
2026-08-13 16:54:43,605 - sqlalchemy.engine.Engine - INFO - [cached since 0.6184s ago] ()
2026-08-13 16:54:43,674 - sqlalchemy.engine.Engine - INFO - COMMIT
2026-08-13 16:54:43,755 - sqlalchemy.engine.Engine - INFO - BEGIN (implicit)
2026-08-13 16:54:43,755 - sqlalchemy.engine.Engine - INFO - TRUNCATE TABLE messages, tasks, conversations, embeddings, chunks, documents, datasets, workspaces CASCADE
2026-08-13 16:54:43,756 - sqlalchemy.engine.Engine - INFO - [cached since 0.7687s ago] ()
2026-08-13 16:54:43,820 - sqlalchemy.engine.Engine - INFO - COMMIT
2026-08-13 16:54:43,902 - sqlalchemy.engine.Engine - INFO - BEGIN (implicit)
2026-08-13 16:54:43,903 - sqlalchemy.engine.Engine - INFO - TRUNCATE TABLE messages, tasks, conversations, embeddings, chunks, documents, datasets, workspaces CASCADE
2026-08-13 16:54:43,903 - sqlalchemy.engine.Engine - INFO - [cached since 0.9164s ago] ()
2026-08-13 16:54:43,971 - sqlalchemy.engine.Engine - INFO - COMMIT
2026-08-13 16:54:43,988 - app.providers.embeddings - INFO - Loading embedding model BAAI/bge-m3
2026-08-13 16:54:44,059 - sqlalchemy.engine.Engine - INFO - BEGIN (implicit)
2026-08-13 16:54:44,059 - sqlalchemy.engine.Engine - INFO - TRUNCATE TABLE messages, tasks, conversations, embeddings, chunks, documents, datasets, workspaces CASCADE
2026-08-13 16:54:44,060 - sqlalchemy.engine.Engine - INFO - [cached since 1.073s ago] ()
2026-08-13 16:54:44,133 - sqlalchemy.engine.Engine - INFO - COMMIT
2026-08-13 16:54:44,213 - sqlalchemy.engine.Engine - INFO - BEGIN (implicit)
2026-08-13 16:54:44,214 - sqlalchemy.engine.Engine - INFO - TRUNCATE TABLE messages, tasks, conversations, embeddings, chunks, documents, datasets, workspaces CASCADE
2026-08-13 16:54:44,214 - sqlalchemy.engine.Engine - INFO - [cached since 1.227s ago] ()
2026-08-13 16:54:44,277 - sqlalchemy.engine.Engine - INFO - COMMIT
2026-08-13 16:54:44,301 - app.api.middleware - INFO - 7533d743-e02e-4a53-8368-8c57d61b085c GET /health 200 3.24ms
2026-08-13 16:54:44,371 - sqlalchemy.engine.Engine - INFO - BEGIN (implicit)
2026-08-13 16:54:44,372 - sqlalchemy.engine.Engine - INFO - TRUNCATE TABLE messages, tasks, conversations, embeddings, chunks, documents, datasets, workspaces CASCADE
2026-08-13 16:54:44,373 - sqlalchemy.engine.Engine - INFO - [cached since 1.386s ago] ()
2026-08-13 16:54:44,440 - sqlalchemy.engine.Engine - INFO - COMMIT
2026-08-13 16:54:44,460 - app.api.middleware - INFO - efa00975-5513-4358-8c45-f144f39d889b GET / 200 2.51ms
2026-08-13 16:54:44,529 - sqlalchemy.engine.Engine - INFO - BEGIN (implicit)
2026-08-13 16:54:44,530 - sqlalchemy.engine.Engine - INFO - TRUNCATE TABLE messages, tasks, conversations, embeddings, chunks, documents, datasets, workspaces CASCADE
2026-08-13 16:54:44,530 - sqlalchemy.engine.Engine - INFO - [cached since 1.543s ago] ()
2026-08-13 16:54:44,595 - sqlalchemy.engine.Engine - INFO - COMMIT
2026-08-13 16:54:44,615 - app.api.middleware - INFO - 572ede41-a6de-4463-8c88-9899a3df46ed GET /health/ready 200 2.23ms
2026-08-13 16:54:44,686 - sqlalchemy.engine.Engine - INFO - BEGIN (implicit)
2026-08-13 16:54:44,686 - sqlalchemy.engine.Engine - INFO - TRUNCATE TABLE messages, tasks, conversations, embeddings, chunks, documents, datasets, workspaces CASCADE
2026-08-13 16:54:44,686 - sqlalchemy.engine.Engine - INFO - [cached since 1.7s ago] ()
2026-08-13 16:54:44,750 - sqlalchemy.engine.Engine - INFO - COMMIT
2026-08-13 16:54:44,776 - app.api.middleware - INFO - 5275a2d1-d59e-4dea-bf3b-4e7f5a288e32 GET /health/ready 503 2.23ms
2026-08-13 16:54:44,847 - sqlalchemy.engine.Engine - INFO - BEGIN (implicit)
2026-08-13 16:54:44,848 - sqlalchemy.engine.Engine - INFO - TRUNCATE TABLE messages, tasks, conversations, embeddings, chunks, documents, datasets, workspaces CASCADE
2026-08-13 16:54:44,848 - sqlalchemy.engine.Engine - INFO - [cached since 1.861s ago] ()
2026-08-13 16:54:44,914 - sqlalchemy.engine.Engine - INFO - COMMIT
2026-08-13 16:54:44,939 - app.api.middleware - INFO - d8864c7a-6b97-406f-8dc6-a23b7b92cded GET /health/ready 200 2.33ms
2026-08-13 16:54:45,010 - sqlalchemy.engine.Engine - INFO - BEGIN (implicit)
2026-08-13 16:54:45,011 - sqlalchemy.engine.Engine - INFO - TRUNCATE TABLE messages, tasks, conversations, embeddings, chunks, documents, datasets, workspaces CASCADE
2026-08-13 16:54:45,011 - sqlalchemy.engine.Engine - INFO - [cached since 2.024s ago] ()
2026-08-13 16:54:45,087 - sqlalchemy.engine.Engine - INFO - COMMIT
2026-08-13 16:54:45,186 - sqlalchemy.engine.Engine - INFO - BEGIN (implicit)
2026-08-13 16:54:45,187 - sqlalchemy.engine.Engine - INFO - TRUNCATE TABLE messages, tasks, conversations, embeddings, chunks, documents, datasets, workspaces CASCADE
2026-08-13 16:54:45,187 - sqlalchemy.engine.Engine - INFO - [cached since 2.2s ago] ()
2026-08-13 16:54:45,252 - sqlalchemy.engine.Engine - INFO - COMMIT
2026-08-13 16:54:45,350 - sqlalchemy.engine.Engine - INFO - BEGIN (implicit)
2026-08-13 16:54:45,351 - sqlalchemy.engine.Engine - INFO - TRUNCATE TABLE messages, tasks, conversations, embeddings, chunks, documents, datasets, workspaces CASCADE
2026-08-13 16:54:45,352 - sqlalchemy.engine.Engine - INFO - [cached since 2.365s ago] ()
2026-08-13 16:54:45,423 - sqlalchemy.engine.Engine - INFO - COMMIT
2026-08-13 16:54:45,513 - sqlalchemy.engine.Engine - INFO - BEGIN (implicit)
2026-08-13 16:54:45,514 - sqlalchemy.engine.Engine - INFO - TRUNCATE TABLE messages, tasks, conversations, embeddings, chunks, documents, datasets, workspaces CASCADE
2026-08-13 16:54:45,514 - sqlalchemy.engine.Engine - INFO - [cached since 2.527s ago] ()
2026-08-13 16:54:45,575 - sqlalchemy.engine.Engine - INFO - COMMIT
2026-08-13 16:54:45,656 - sqlalchemy.engine.Engine - INFO - BEGIN (implicit)
2026-08-13 16:54:45,657 - sqlalchemy.engine.Engine - INFO - TRUNCATE TABLE messages, tasks, conversations, embeddings, chunks, documents, datasets, workspaces CASCADE
2026-08-13 16:54:45,657 - sqlalchemy.engine.Engine - INFO - [cached since 2.67s ago] ()
2026-08-13 16:54:45,720 - sqlalchemy.engine.Engine - INFO - COMMIT
2026-08-13 16:54:45,811 - sqlalchemy.engine.Engine - INFO - BEGIN (implicit)
2026-08-13 16:54:45,814 - sqlalchemy.engine.Engine - INFO - INSERT INTO workspaces (id, name, description, created_at, updated_at) VALUES ($1::UUID, $2::VARCHAR, $3::VARCHAR, $4::TIMESTAMP WITHOUT TIME ZONE, $5::TIMESTAMP WITHOUT TIME ZONE)
2026-08-13 16:54:45,814 - sqlalchemy.engine.Engine - INFO - [generated in 0.00067s] (UUID('5a5a89c6-d123-4778-936b-6c506079aabd'), 'Test WS', None, datetime.datetime(2026, 8, 13, 13, 24, 45, 814114), datetime.datetime(2026, 8, 13, 13, 24, 45, 814122))
2026-08-13 16:54:45,855 - sqlalchemy.engine.Engine - INFO - INSERT INTO conversations (id, workspace_id, title, created_at, updated_at) VALUES ($1::UUID, $2::UUID, $3::VARCHAR, $4::TIMESTAMP WITHOUT TIME ZONE, $5::TIMESTAMP WITHOUT TIME ZONE)
2026-08-13 16:54:45,856 - sqlalchemy.engine.Engine - INFO - [generated in 0.00061s] (UUID('e6396eca-eac2-40d9-98ff-423fc9f1991a'), UUID('5a5a89c6-d123-4778-936b-6c506079aabd'), None, datetime.datetime(2026, 8, 13, 13, 24, 45, 855680), datetime.datetime(2026, 8, 13, 13, 24, 45, 855687))
2026-08-13 16:54:45,862 - sqlalchemy.engine.Engine - INFO - INSERT INTO messages (id, conversation_id, role, content, created_at) VALUES ($1::UUID, $2::UUID, $3::VARCHAR, $4::VARCHAR, $5::TIMESTAMP WITHOUT TIME ZONE)
2026-08-13 16:54:45,862 - sqlalchemy.engine.Engine - INFO - [generated in 0.00055s] (UUID('35c04ec9-ce8c-4851-81f5-68de94ce07e8'), UUID('e6396eca-eac2-40d9-98ff-423fc9f1991a'), 'user', 'What is RAG?', datetime.datetime(2026, 8, 13, 13, 24, 45, 862077))
2026-08-13 16:54:45,870 - sqlalchemy.engine.Engine - INFO - SELECT chunks.id, chunks.text, chunks.workspace_id, chunks.dataset_id, chunks.document_id 
FROM chunks 
WHERE chunks.id IN ($1::UUID)
2026-08-13 16:54:45,871 - sqlalchemy.engine.Engine - INFO - [generated in 0.00073s] ('8a551d9e-5bdf-4ac1-8a46-46b031ec9671',)
2026-08-13 16:54:45,875 - sqlalchemy.engine.Engine - INFO - SELECT chunks.id, chunks.text, chunks.workspace_id, chunks.dataset_id, chunks.document_id 
FROM chunks 
WHERE chunks.workspace_id = $1::UUID AND chunks.dataset_id = $2::UUID
2026-08-13 16:54:45,876 - sqlalchemy.engine.Engine - INFO - [generated in 0.00051s] ('5a5a89c6-d123-4778-936b-6c506079aabd', '9053410b-f7ff-43b5-be86-93c2a446cf2d')
2026-08-13 16:54:45,879 - sqlalchemy.engine.Engine - INFO - INSERT INTO messages (id, conversation_id, role, content, sources, created_at) VALUES ($1::UUID, $2::UUID, $3::VARCHAR, $4::VARCHAR, $5::JSON, $6::TIMESTAMP WITHOUT TIME ZONE)
2026-08-13 16:54:45,879 - sqlalchemy.engine.Engine - INFO - [generated in 0.00059s] (UUID('f488154c-8e6d-471f-9272-53900b592df5'), UUID('e6396eca-eac2-40d9-98ff-423fc9f1991a'), 'assistant', 'Mocked answer', '{"sources": []}', datetime.datetime(2026, 8, 13, 13, 24, 45, 879415))
2026-08-13 16:54:45,882 - sqlalchemy.engine.Engine - INFO - COMMIT
2026-08-13 16:54:45,956 - sqlalchemy.engine.Engine - INFO - BEGIN (implicit)
2026-08-13 16:54:45,960 - sqlalchemy.engine.Engine - INFO - SELECT messages.id, messages.conversation_id, messages.role, messages.content, messages.sources, messages.extra_metadata, messages.created_at 
FROM messages 
WHERE messages.id = $1::UUID
2026-08-13 16:54:45,960 - sqlalchemy.engine.Engine - INFO - [generated in 0.00047s] (UUID('f488154c-8e6d-471f-9272-53900b592df5'),)
2026-08-13 16:54:45,966 - app.api.middleware - INFO - 5ca8534b-c602-4360-b2e4-fdef4d5ff872 POST /chat 200 144.03ms
2026-08-13 16:54:45,969 - sqlalchemy.engine.Engine - INFO - ROLLBACK
2026-08-13 16:54:46,039 - sqlalchemy.engine.Engine - INFO - BEGIN (implicit)
2026-08-13 16:54:46,040 - sqlalchemy.engine.Engine - INFO - TRUNCATE TABLE messages, tasks, conversations, embeddings, chunks, documents, datasets, workspaces CASCADE
2026-08-13 16:54:46,040 - sqlalchemy.engine.Engine - INFO - [cached since 3.053s ago] ()
2026-08-13 16:54:46,112 - sqlalchemy.engine.Engine - INFO - COMMIT
2026-08-13 16:54:46,202 - sqlalchemy.engine.Engine - INFO - BEGIN (implicit)
2026-08-13 16:54:46,203 - sqlalchemy.engine.Engine - INFO - INSERT INTO workspaces (id, name, description, created_at, updated_at) VALUES ($1::UUID, $2::VARCHAR, $3::VARCHAR, $4::TIMESTAMP WITHOUT TIME ZONE, $5::TIMESTAMP WITHOUT TIME ZONE)
2026-08-13 16:54:46,203 - sqlalchemy.engine.Engine - INFO - [cached since 0.3894s ago] (UUID('6bd7b9b0-75b8-4bf5-b3a3-6b541441f976'), 'Test WS', None, datetime.datetime(2026, 8, 13, 13, 24, 46, 203002), datetime.datetime(2026, 8, 13, 13, 24, 46, 203010))
2026-08-13 16:54:46,224 - sqlalchemy.engine.Engine - INFO - INSERT INTO conversations (id, workspace_id, title, created_at, updated_at) VALUES ($1::UUID, $2::UUID, $3::VARCHAR, $4::TIMESTAMP WITHOUT TIME ZONE, $5::TIMESTAMP WITHOUT TIME ZONE)
2026-08-13 16:54:46,225 - sqlalchemy.engine.Engine - INFO - [cached since 0.3695s ago] (UUID('73b456f8-8640-43a9-9602-a3cbee57a413'), UUID('6bd7b9b0-75b8-4bf5-b3a3-6b541441f976'), 'Test Chat', datetime.datetime(2026, 8, 13, 13, 24, 46, 224607), datetime.datetime(2026, 8, 13, 13, 24, 46, 224615))
2026-08-13 16:54:46,228 - sqlalchemy.engine.Engine - INFO - COMMIT
2026-08-13 16:54:46,301 - sqlalchemy.engine.Engine - INFO - BEGIN (implicit)
2026-08-13 16:54:46,303 - sqlalchemy.engine.Engine - INFO - SELECT conversations.id, conversations.workspace_id, conversations.title, conversations.extra_metadata, conversations.created_at, conversations.updated_at 
FROM conversations 
WHERE conversations.id = $1::UUID
2026-08-13 16:54:46,303 - sqlalchemy.engine.Engine - INFO - [generated in 0.00057s] (UUID('73b456f8-8640-43a9-9602-a3cbee57a413'),)
2026-08-13 16:54:46,309 - app.api.middleware - INFO - f2685ae7-1ff8-49ac-94e3-1795d0234def POST /conversations 201 100.48ms
2026-08-13 16:54:46,318 - sqlalchemy.engine.Engine - INFO - SELECT conversations.id, conversations.workspace_id, conversations.title, conversations.extra_metadata, conversations.created_at, conversations.updated_at 
FROM conversations 
WHERE conversations.workspace_id = $1::UUID ORDER BY conversations.created_at DESC
2026-08-13 16:54:46,319 - sqlalchemy.engine.Engine - INFO - [generated in 0.00078s] ('6bd7b9b0-75b8-4bf5-b3a3-6b541441f976',)
2026-08-13 16:54:46,324 - app.api.middleware - INFO - d0f68e86-0cfc-458b-97b6-b248a4bdad56 GET /conversations 200 11.73ms
2026-08-13 16:54:46,327 - sqlalchemy.engine.Engine - INFO - ROLLBACK
2026-08-13 16:54:46,404 - sqlalchemy.engine.Engine - INFO - BEGIN (implicit)
2026-08-13 16:54:46,405 - sqlalchemy.engine.Engine - INFO - TRUNCATE TABLE messages, tasks, conversations, embeddings, chunks, documents, datasets, workspaces CASCADE
2026-08-13 16:54:46,405 - sqlalchemy.engine.Engine - INFO - [cached since 3.418s ago] ()
2026-08-13 16:54:46,471 - sqlalchemy.engine.Engine - INFO - COMMIT
2026-08-13 16:54:46,564 - sqlalchemy.engine.Engine - INFO - BEGIN (implicit)
2026-08-13 16:54:46,565 - sqlalchemy.engine.Engine - INFO - TRUNCATE TABLE messages, tasks, conversations, embeddings, chunks, documents, datasets, workspaces CASCADE
2026-08-13 16:54:46,565 - sqlalchemy.engine.Engine - INFO - [cached since 3.578s ago] ()
2026-08-13 16:54:46,631 - sqlalchemy.engine.Engine - INFO - COMMIT
2026-08-13 16:54:46,727 - sqlalchemy.engine.Engine - INFO - BEGIN (implicit)
2026-08-13 16:54:46,728 - sqlalchemy.engine.Engine - INFO - TRUNCATE TABLE messages, tasks, conversations, embeddings, chunks, documents, datasets, workspaces CASCADE
2026-08-13 16:54:46,728 - sqlalchemy.engine.Engine - INFO - [cached since 3.741s ago] ()
2026-08-13 16:54:46,797 - sqlalchemy.engine.Engine - INFO - COMMIT
2026-08-13 16:54:46,883 - sqlalchemy.engine.Engine - INFO - BEGIN (implicit)
2026-08-13 16:54:46,884 - sqlalchemy.engine.Engine - INFO - TRUNCATE TABLE messages, tasks, conversations, embeddings, chunks, documents, datasets, workspaces CASCADE
2026-08-13 16:54:46,884 - sqlalchemy.engine.Engine - INFO - [cached since 3.897s ago] ()
2026-08-13 16:54:46,954 - sqlalchemy.engine.Engine - INFO - COMMIT
2026-08-13 16:54:47,042 - sqlalchemy.engine.Engine - INFO - BEGIN (implicit)
2026-08-13 16:54:47,043 - sqlalchemy.engine.Engine - INFO - TRUNCATE TABLE messages, tasks, conversations, embeddings, chunks, documents, datasets, workspaces CASCADE
2026-08-13 16:54:47,043 - sqlalchemy.engine.Engine - INFO - [cached since 4.056s ago] ()
2026-08-13 16:54:47,110 - sqlalchemy.engine.Engine - INFO - COMMIT
2026-08-13 16:54:47,199 - sqlalchemy.engine.Engine - INFO - BEGIN (implicit)
2026-08-13 16:54:47,200 - sqlalchemy.engine.Engine - INFO - TRUNCATE TABLE messages, tasks, conversations, embeddings, chunks, documents, datasets, workspaces CASCADE
2026-08-13 16:54:47,200 - sqlalchemy.engine.Engine - INFO - [cached since 4.213s ago] ()
2026-08-13 16:54:47,274 - sqlalchemy.engine.Engine - INFO - COMMIT
2026-08-13 16:54:47,361 - sqlalchemy.engine.Engine - INFO - BEGIN (implicit)
2026-08-13 16:54:47,362 - sqlalchemy.engine.Engine - INFO - TRUNCATE TABLE messages, tasks, conversations, embeddings, chunks, documents, datasets, workspaces CASCADE
2026-08-13 16:54:47,362 - sqlalchemy.engine.Engine - INFO - [cached since 4.375s ago] ()
2026-08-13 16:54:47,431 - sqlalchemy.engine.Engine - INFO - COMMIT
2026-08-13 16:54:47,526 - sqlalchemy.engine.Engine - INFO - BEGIN (implicit)
2026-08-13 16:54:47,527 - sqlalchemy.engine.Engine - INFO - TRUNCATE TABLE messages, tasks, conversations, embeddings, chunks, documents, datasets, workspaces CASCADE
2026-08-13 16:54:47,528 - sqlalchemy.engine.Engine - INFO - [cached since 4.541s ago] ()
2026-08-13 16:54:47,596 - sqlalchemy.engine.Engine - INFO - COMMIT
2026-08-13 16:54:47,685 - sqlalchemy.engine.Engine - INFO - BEGIN (implicit)
2026-08-13 16:54:47,686 - sqlalchemy.engine.Engine - INFO - TRUNCATE TABLE messages, tasks, conversations, embeddings, chunks, documents, datasets, workspaces CASCADE
2026-08-13 16:54:47,686 - sqlalchemy.engine.Engine - INFO - [cached since 4.699s ago] ()
2026-08-13 16:54:47,755 - sqlalchemy.engine.Engine - INFO - COMMIT
2026-08-13 16:54:47,841 - sqlalchemy.engine.Engine - INFO - BEGIN (implicit)
2026-08-13 16:54:47,841 - sqlalchemy.engine.Engine - INFO - TRUNCATE TABLE messages, tasks, conversations, embeddings, chunks, documents, datasets, workspaces CASCADE
2026-08-13 16:54:47,842 - sqlalchemy.engine.Engine - INFO - [cached since 4.855s ago] ()
2026-08-13 16:54:47,903 - sqlalchemy.engine.Engine - INFO - COMMIT
2026-08-13 16:54:47,983 - sqlalchemy.engine.Engine - INFO - BEGIN (implicit)
2026-08-13 16:54:47,983 - sqlalchemy.engine.Engine - INFO - INSERT INTO workspaces (id, name, description, created_at, updated_at) VALUES ($1::UUID, $2::VARCHAR, $3::VARCHAR, $4::TIMESTAMP WITHOUT TIME ZONE, $5::TIMESTAMP WITHOUT TIME ZONE)
2026-08-13 16:54:47,984 - sqlalchemy.engine.Engine - INFO - [cached since 2.17s ago] (UUID('a93196a3-4afe-421d-9af9-fab016225071'), 'Test WS', None, datetime.datetime(2026, 8, 13, 13, 24, 47, 983805), datetime.datetime(2026, 8, 13, 13, 24, 47, 983814))
2026-08-13 16:54:48,013 - sqlalchemy.engine.Engine - INFO - INSERT INTO tasks (id, workspace_id, title, description, status, priority, extra_metadata, created_at, updated_at) VALUES ($1::UUID, $2::UUID, $3::VARCHAR, $4::VARCHAR, $5::VARCHAR, $6::VARCHAR, $7::JSON, $8::TIMESTAMP WITHOUT TIME ZONE, $9::TIMESTAMP WITHOUT TIME ZONE)
2026-08-13 16:54:48,014 - sqlalchemy.engine.Engine - INFO - [generated in 0.00087s] (UUID('a4851595-6087-45cf-8a77-6fab6857ba3c'), UUID('a93196a3-4afe-421d-9af9-fab016225071'), 'Test Task', 'Test description', 'pending', 'high', 'null', datetime.datetime(2026, 8, 13, 13, 24, 48, 13522), datetime.datetime(2026, 8, 13, 13, 24, 48, 13531))
2026-08-13 16:54:48,019 - sqlalchemy.engine.Engine - INFO - COMMIT
2026-08-13 16:54:48,092 - sqlalchemy.engine.Engine - INFO - BEGIN (implicit)
2026-08-13 16:54:48,094 - sqlalchemy.engine.Engine - INFO - SELECT tasks.id, tasks.workspace_id, tasks.title, tasks.description, tasks.status, tasks.priority, tasks.extra_metadata, tasks.created_at, tasks.updated_at 
FROM tasks 
WHERE tasks.id = $1::UUID
2026-08-13 16:54:48,094 - sqlalchemy.engine.Engine - INFO - [generated in 0.00047s] (UUID('a4851595-6087-45cf-8a77-6fab6857ba3c'),)
2026-08-13 16:54:48,100 - app.api.middleware - INFO - fdb3c665-205b-4a3b-8223-a2046791ef9f POST /tasks 201 109.53ms
2026-08-13 16:54:48,108 - sqlalchemy.engine.Engine - INFO - SELECT tasks.id, tasks.workspace_id, tasks.title, tasks.description, tasks.status, tasks.priority, tasks.extra_metadata, tasks.created_at, tasks.updated_at 
FROM tasks 
WHERE tasks.workspace_id = $1::UUID ORDER BY tasks.created_at DESC
2026-08-13 16:54:48,108 - sqlalchemy.engine.Engine - INFO - [generated in 0.00046s] ('a93196a3-4afe-421d-9af9-fab016225071',)
2026-08-13 16:54:48,112 - app.api.middleware - INFO - fca87add-9899-41d3-9ab4-94e62cce8759 GET /tasks 200 9.45ms
2026-08-13 16:54:48,116 - sqlalchemy.engine.Engine - INFO - ROLLBACK
2026-08-13 16:54:48,186 - sqlalchemy.engine.Engine - INFO - BEGIN (implicit)
2026-08-13 16:54:48,187 - sqlalchemy.engine.Engine - INFO - TRUNCATE TABLE messages, tasks, conversations, embeddings, chunks, documents, datasets, workspaces CASCADE
2026-08-13 16:54:48,187 - sqlalchemy.engine.Engine - INFO - [cached since 5.2s ago] ()
2026-08-13 16:54:48,252 - sqlalchemy.engine.Engine - INFO - COMMIT
2026-08-13 16:54:48,332 - sqlalchemy.engine.Engine - INFO - BEGIN (implicit)
2026-08-13 16:54:48,333 - sqlalchemy.engine.Engine - INFO - INSERT INTO workspaces (id, name, description, created_at, updated_at) VALUES ($1::UUID, $2::VARCHAR, $3::VARCHAR, $4::TIMESTAMP WITHOUT TIME ZONE, $5::TIMESTAMP WITHOUT TIME ZONE)
2026-08-13 16:54:48,333 - sqlalchemy.engine.Engine - INFO - [cached since 2.52s ago] (UUID('fa7d1ac5-abae-4282-a08e-94235c22edc2'), 'Test WS', None, datetime.datetime(2026, 8, 13, 13, 24, 48, 333422), datetime.datetime(2026, 8, 13, 13, 24, 48, 333429))
2026-08-13 16:54:48,348 - sqlalchemy.engine.Engine - INFO - INSERT INTO tasks (id, workspace_id, title, description, status, priority, extra_metadata, created_at, updated_at) VALUES ($1::UUID, $2::UUID, $3::VARCHAR, $4::VARCHAR, $5::VARCHAR, $6::VARCHAR, $7::JSON, $8::TIMESTAMP WITHOUT TIME ZONE, $9::TIMESTAMP WITHOUT TIME ZONE)
2026-08-13 16:54:48,348 - sqlalchemy.engine.Engine - INFO - [cached since 0.3353s ago] (UUID('281f7878-02d5-43de-b412-c5a62c1f1b04'), UUID('fa7d1ac5-abae-4282-a08e-94235c22edc2'), 'Original Task', None, 'pending', 'medium', 'null', datetime.datetime(2026, 8, 13, 13, 24, 48, 348006), datetime.datetime(2026, 8, 13, 13, 24, 48, 348015))
2026-08-13 16:54:48,353 - sqlalchemy.engine.Engine - INFO - COMMIT
2026-08-13 16:54:48,433 - sqlalchemy.engine.Engine - INFO - BEGIN (implicit)
2026-08-13 16:54:48,434 - sqlalchemy.engine.Engine - INFO - SELECT tasks.id, tasks.workspace_id, tasks.title, tasks.description, tasks.status, tasks.priority, tasks.extra_metadata, tasks.created_at, tasks.updated_at 
FROM tasks 
WHERE tasks.id = $1::UUID
2026-08-13 16:54:48,434 - sqlalchemy.engine.Engine - INFO - [cached since 0.3405s ago] (UUID('281f7878-02d5-43de-b412-c5a62c1f1b04'),)
2026-08-13 16:54:48,441 - app.api.middleware - INFO - 4b9d3d48-eb4e-44c2-961c-b3de6bfa24fe POST /tasks 201 101.69ms
2026-08-13 16:54:48,452 - sqlalchemy.engine.Engine - INFO - SELECT tasks.id, tasks.workspace_id, tasks.title, tasks.description, tasks.status, tasks.priority, tasks.extra_metadata, tasks.created_at, tasks.updated_at 
FROM tasks 
WHERE tasks.id = $1::UUID
2026-08-13 16:54:48,453 - sqlalchemy.engine.Engine - INFO - [generated in 0.00055s] ('281f7878-02d5-43de-b412-c5a62c1f1b04',)
2026-08-13 16:54:48,457 - sqlalchemy.engine.Engine - INFO - UPDATE tasks SET status=$1::VARCHAR, priority=$2::VARCHAR, updated_at=$3::TIMESTAMP WITHOUT TIME ZONE WHERE tasks.id = $4::UUID
2026-08-13 16:54:48,457 - sqlalchemy.engine.Engine - INFO - [generated in 0.00051s] ('completed', 'low', datetime.datetime(2026, 8, 13, 13, 24, 48, 455464), UUID('281f7878-02d5-43de-b412-c5a62c1f1b04'))
2026-08-13 16:54:48,461 - sqlalchemy.engine.Engine - INFO - COMMIT
2026-08-13 16:54:48,535 - sqlalchemy.engine.Engine - INFO - BEGIN (implicit)
2026-08-13 16:54:48,535 - sqlalchemy.engine.Engine - INFO - SELECT tasks.id, tasks.workspace_id, tasks.title, tasks.description, tasks.status, tasks.priority, tasks.extra_metadata, tasks.created_at, tasks.updated_at 
FROM tasks 
WHERE tasks.id = $1::UUID
2026-08-13 16:54:48,535 - sqlalchemy.engine.Engine - INFO - [cached since 0.442s ago] (UUID('281f7878-02d5-43de-b412-c5a62c1f1b04'),)
2026-08-13 16:54:48,542 - app.api.middleware - INFO - 9a8c16b4-43f1-4de1-9453-a6260f3cefe4 PATCH /tasks/281f7878-02d5-43de-b412-c5a62c1f1b04 200 98.34ms
2026-08-13 16:54:48,545 - sqlalchemy.engine.Engine - INFO - ROLLBACK
2026-08-13 16:54:48,620 - sqlalchemy.engine.Engine - INFO - BEGIN (implicit)
2026-08-13 16:54:48,621 - sqlalchemy.engine.Engine - INFO - TRUNCATE TABLE messages, tasks, conversations, embeddings, chunks, documents, datasets, workspaces CASCADE
2026-08-13 16:54:48,621 - sqlalchemy.engine.Engine - INFO - [cached since 5.634s ago] ()
2026-08-13 16:54:48,694 - sqlalchemy.engine.Engine - INFO - COMMIT
2026-08-13 16:54:48,782 - sqlalchemy.engine.Engine - INFO - BEGIN (implicit)
2026-08-13 16:54:48,783 - sqlalchemy.engine.Engine - INFO - INSERT INTO workspaces (id, name, description, created_at, updated_at) VALUES ($1::UUID, $2::VARCHAR, $3::VARCHAR, $4::TIMESTAMP WITHOUT TIME ZONE, $5::TIMESTAMP WITHOUT TIME ZONE)
2026-08-13 16:54:48,783 - sqlalchemy.engine.Engine - INFO - [cached since 2.97s ago] (UUID('aa2cebde-bb04-4ce4-9323-942482479048'), 'Test WS', None, datetime.datetime(2026, 8, 13, 13, 24, 48, 783465), datetime.datetime(2026, 8, 13, 13, 24, 48, 783474))
2026-08-13 16:54:48,797 - sqlalchemy.engine.Engine - INFO - INSERT INTO tasks (id, workspace_id, title, description, status, priority, extra_metadata, created_at, updated_at) VALUES ($1::UUID, $2::UUID, $3::VARCHAR, $4::VARCHAR, $5::VARCHAR, $6::VARCHAR, $7::JSON, $8::TIMESTAMP WITHOUT TIME ZONE, $9::TIMESTAMP WITHOUT TIME ZONE)
2026-08-13 16:54:48,798 - sqlalchemy.engine.Engine - INFO - [cached since 0.7849s ago] (UUID('f4f1f29e-1af3-4234-bd4f-9466f2dbb27d'), UUID('aa2cebde-bb04-4ce4-9323-942482479048'), 'Task to delete', None, 'pending', 'medium', 'null', datetime.datetime(2026, 8, 13, 13, 24, 48, 797533), datetime.datetime(2026, 8, 13, 13, 24, 48, 797542))
2026-08-13 16:54:48,802 - sqlalchemy.engine.Engine - INFO - COMMIT
2026-08-13 16:54:48,875 - sqlalchemy.engine.Engine - INFO - BEGIN (implicit)
2026-08-13 16:54:48,876 - sqlalchemy.engine.Engine - INFO - SELECT tasks.id, tasks.workspace_id, tasks.title, tasks.description, tasks.status, tasks.priority, tasks.extra_metadata, tasks.created_at, tasks.updated_at 
FROM tasks 
WHERE tasks.id = $1::UUID
2026-08-13 16:54:48,877 - sqlalchemy.engine.Engine - INFO - [cached since 0.7832s ago] (UUID('f4f1f29e-1af3-4234-bd4f-9466f2dbb27d'),)
2026-08-13 16:54:48,883 - app.api.middleware - INFO - ff33a71b-604c-4725-8812-847cb1ee0783 POST /tasks 201 93.46ms
2026-08-13 16:54:48,892 - sqlalchemy.engine.Engine - INFO - SELECT tasks.id, tasks.workspace_id, tasks.title, tasks.description, tasks.status, tasks.priority, tasks.extra_metadata, tasks.created_at, tasks.updated_at 
FROM tasks 
WHERE tasks.id = $1::UUID
2026-08-13 16:54:48,892 - sqlalchemy.engine.Engine - INFO - [cached since 0.4401s ago] ('f4f1f29e-1af3-4234-bd4f-9466f2dbb27d',)
2026-08-13 16:54:48,896 - sqlalchemy.engine.Engine - INFO - DELETE FROM tasks WHERE tasks.id = $1::UUID
2026-08-13 16:54:48,897 - sqlalchemy.engine.Engine - INFO - [generated in 0.00059s] (UUID('f4f1f29e-1af3-4234-bd4f-9466f2dbb27d'),)
2026-08-13 16:54:48,899 - sqlalchemy.engine.Engine - INFO - COMMIT
2026-08-13 16:54:48,908 - app.api.middleware - INFO - 26b5f7a4-308f-487d-a71f-c3f8e2cf45ea DELETE /tasks/f4f1f29e-1af3-4234-bd4f-9466f2dbb27d 204 20.46ms
2026-08-13 16:54:48,979 - sqlalchemy.engine.Engine - INFO - BEGIN (implicit)
2026-08-13 16:54:48,980 - sqlalchemy.engine.Engine - INFO - SELECT tasks.id, tasks.workspace_id, tasks.title, tasks.description, tasks.status, tasks.priority, tasks.extra_metadata, tasks.created_at, tasks.updated_at 
FROM tasks 
WHERE tasks.id = $1::UUID
2026-08-13 16:54:48,981 - sqlalchemy.engine.Engine - INFO - [cached since 0.5288s ago] ('f4f1f29e-1af3-4234-bd4f-9466f2dbb27d',)
2026-08-13 16:54:48,988 - app.api.middleware - INFO - 4781eefb-bb7d-47e2-8514-f4cf2d9cf75e GET /tasks/f4f1f29e-1af3-4234-bd4f-9466f2dbb27d 404 77.63ms
2026-08-13 16:54:48,991 - sqlalchemy.engine.Engine - INFO - ROLLBACK
2026-08-13 16:54:49,064 - sqlalchemy.engine.Engine - INFO - BEGIN (implicit)
2026-08-13 16:54:49,064 - sqlalchemy.engine.Engine - INFO - TRUNCATE TABLE messages, tasks, conversations, embeddings, chunks, documents, datasets, workspaces CASCADE
2026-08-13 16:54:49,064 - sqlalchemy.engine.Engine - INFO - [cached since 6.078s ago] ()
2026-08-13 16:54:49,130 - sqlalchemy.engine.Engine - INFO - COMMIT
2026-08-13 16:54:49,149 - app.api.middleware - INFO - 1f3d416b-ed54-454d-b346-64d40b312bc6 GET /health 200 1.43ms
2026-08-13 16:54:49,220 - sqlalchemy.engine.Engine - INFO - BEGIN (implicit)
2026-08-13 16:54:49,221 - sqlalchemy.engine.Engine - INFO - TRUNCATE TABLE messages, tasks, conversations, embeddings, chunks, documents, datasets, workspaces CASCADE
2026-08-13 16:54:49,222 - sqlalchemy.engine.Engine - INFO - [cached since 6.235s ago] ()
2026-08-13 16:54:49,288 - sqlalchemy.engine.Engine - INFO - COMMIT
2026-08-13 16:54:49,308 - app.api.middleware - INFO - b6300121-da25-4e80-b435-3f4078876bfc GET /health 200 1.76ms
2026-08-13 16:54:49,382 - sqlalchemy.engine.Engine - INFO - BEGIN (implicit)
2026-08-13 16:54:49,383 - sqlalchemy.engine.Engine - INFO - TRUNCATE TABLE messages, tasks, conversations, embeddings, chunks, documents, datasets, workspaces CASCADE
2026-08-13 16:54:49,383 - sqlalchemy.engine.Engine - INFO - [cached since 6.396s ago] ()
2026-08-13 16:54:49,450 - sqlalchemy.engine.Engine - INFO - COMMIT
2026-08-13 16:54:49,478 - app.api.middleware - WARNING - Rate limit exceeded for 127.0.0.1 on /health
2026-08-13 16:54:49,552 - sqlalchemy.engine.Engine - INFO - BEGIN (implicit)
2026-08-13 16:54:49,552 - sqlalchemy.engine.Engine - INFO - TRUNCATE TABLE messages, tasks, conversations, embeddings, chunks, documents, datasets, workspaces CASCADE
2026-08-13 16:54:49,553 - sqlalchemy.engine.Engine - INFO - [cached since 6.566s ago] ()
2026-08-13 16:54:49,616 - sqlalchemy.engine.Engine - INFO - COMMIT
2026-08-13 16:54:49,641 - app.api.middleware - INFO - 16b0850b-b558-46e7-b503-9b80772177a5 GET /nonexistent 404 2.08ms
2026-08-13 16:54:49,709 - sqlalchemy.engine.Engine - INFO - BEGIN (implicit)
2026-08-13 16:54:49,710 - sqlalchemy.engine.Engine - INFO - TRUNCATE TABLE messages, tasks, conversations, embeddings, chunks, documents, datasets, workspaces CASCADE
2026-08-13 16:54:49,710 - sqlalchemy.engine.Engine - INFO - [cached since 6.723s ago] ()
2026-08-13 16:54:49,778 - sqlalchemy.engine.Engine - INFO - COMMIT
2026-08-13 16:54:49,861 - sqlalchemy.engine.Engine - INFO - BEGIN (implicit)
2026-08-13 16:54:49,862 - sqlalchemy.engine.Engine - INFO - TRUNCATE TABLE messages, tasks, conversations, embeddings, chunks, documents, datasets, workspaces CASCADE
2026-08-13 16:54:49,862 - sqlalchemy.engine.Engine - INFO - [cached since 6.875s ago] ()
2026-08-13 16:54:49,932 - sqlalchemy.engine.Engine - INFO - COMMIT
2026-08-13 16:54:50,031 - sqlalchemy.engine.Engine - INFO - BEGIN (implicit)
2026-08-13 16:54:50,031 - sqlalchemy.engine.Engine - INFO - TRUNCATE TABLE messages, tasks, conversations, embeddings, chunks, documents, datasets, workspaces CASCADE
2026-08-13 16:54:50,032 - sqlalchemy.engine.Engine - INFO - [cached since 7.045s ago] ()
2026-08-13 16:54:50,103 - sqlalchemy.engine.Engine - INFO - COMMIT
2026-08-13 16:54:50,199 - sqlalchemy.engine.Engine - INFO - BEGIN (implicit)
2026-08-13 16:54:50,200 - sqlalchemy.engine.Engine - INFO - TRUNCATE TABLE messages, tasks, conversations, embeddings, chunks, documents, datasets, workspaces CASCADE
2026-08-13 16:54:50,201 - sqlalchemy.engine.Engine - INFO - [cached since 7.214s ago] ()
2026-08-13 16:54:50,272 - sqlalchemy.engine.Engine - INFO - COMMIT
2026-08-13 16:54:50,367 - sqlalchemy.engine.Engine - INFO - BEGIN (implicit)
2026-08-13 16:54:50,367 - sqlalchemy.engine.Engine - INFO - TRUNCATE TABLE messages, tasks, conversations, embeddings, chunks, documents, datasets, workspaces CASCADE
2026-08-13 16:54:50,368 - sqlalchemy.engine.Engine - INFO - [cached since 7.381s ago] ()
2026-08-13 16:54:50,436 - sqlalchemy.engine.Engine - INFO - COMMIT
2026-08-13 16:54:50,530 - sqlalchemy.engine.Engine - INFO - BEGIN (implicit)
2026-08-13 16:54:50,531 - sqlalchemy.engine.Engine - INFO - TRUNCATE TABLE messages, tasks, conversations, embeddings, chunks, documents, datasets, workspaces CASCADE
2026-08-13 16:54:50,531 - sqlalchemy.engine.Engine - INFO - [cached since 7.544s ago] ()
2026-08-13 16:54:50,597 - sqlalchemy.engine.Engine - INFO - COMMIT
2026-08-13 16:54:50,679 - sqlalchemy.engine.Engine - INFO - BEGIN (implicit)
2026-08-13 16:54:50,680 - sqlalchemy.engine.Engine - INFO - TRUNCATE TABLE messages, tasks, conversations, embeddings, chunks, documents, datasets, workspaces CASCADE
2026-08-13 16:54:50,680 - sqlalchemy.engine.Engine - INFO - [cached since 7.693s ago] ()
2026-08-13 16:54:50,747 - sqlalchemy.engine.Engine - INFO - COMMIT
2026-08-13 16:54:50,828 - sqlalchemy.engine.Engine - INFO - BEGIN (implicit)
2026-08-13 16:54:50,829 - sqlalchemy.engine.Engine - INFO - TRUNCATE TABLE messages, tasks, conversations, embeddings, chunks, documents, datasets, workspaces CASCADE
2026-08-13 16:54:50,830 - sqlalchemy.engine.Engine - INFO - [cached since 7.843s ago] ()
2026-08-13 16:54:50,891 - sqlalchemy.engine.Engine - INFO - COMMIT
2026-08-13 16:54:50,978 - sqlalchemy.engine.Engine - INFO - BEGIN (implicit)
2026-08-13 16:54:50,978 - sqlalchemy.engine.Engine - INFO - TRUNCATE TABLE messages, tasks, conversations, embeddings, chunks, documents, datasets, workspaces CASCADE
2026-08-13 16:54:50,979 - sqlalchemy.engine.Engine - INFO - [cached since 7.992s ago] ()
2026-08-13 16:54:51,048 - sqlalchemy.engine.Engine - INFO - COMMIT
2026-08-13 16:54:51,131 - sqlalchemy.engine.Engine - INFO - BEGIN (implicit)
2026-08-13 16:54:51,132 - sqlalchemy.engine.Engine - INFO - TRUNCATE TABLE messages, tasks, conversations, embeddings, chunks, documents, datasets, workspaces CASCADE
2026-08-13 16:54:51,132 - sqlalchemy.engine.Engine - INFO - [cached since 8.145s ago] ()
2026-08-13 16:54:51,202 - sqlalchemy.engine.Engine - INFO - COMMIT
2026-08-13 16:54:51,298 - sqlalchemy.engine.Engine - INFO - BEGIN (implicit)
2026-08-13 16:54:51,298 - sqlalchemy.engine.Engine - INFO - SELECT pg_catalog.pg_class.relname 
FROM pg_catalog.pg_class JOIN pg_catalog.pg_namespace ON pg_catalog.pg_namespace.oid = pg_catalog.pg_class.relnamespace 
WHERE pg_catalog.pg_class.relname = $1::VARCHAR AND pg_catalog.pg_class.relkind = ANY (ARRAY[$2::VARCHAR, $3::VARCHAR, $4::VARCHAR, $5::VARCHAR, $6::VARCHAR]) AND pg_catalog.pg_table_is_visible(pg_catalog.pg_class.oid) AND pg_catalog.pg_namespace.nspname != $7::VARCHAR
2026-08-13 16:54:51,299 - sqlalchemy.engine.Engine - INFO - [cached since 8.528s ago] ('workspaces', 'r', 'p', 'f', 'v', 'm', 'pg_catalog')
2026-08-13 16:54:51,306 - sqlalchemy.engine.Engine - INFO - SELECT pg_catalog.pg_class.relname 
FROM pg_catalog.pg_class JOIN pg_catalog.pg_namespace ON pg_catalog.pg_namespace.oid = pg_catalog.pg_class.relnamespace 
WHERE pg_catalog.pg_class.relname = $1::VARCHAR AND pg_catalog.pg_class.relkind = ANY (ARRAY[$2::VARCHAR, $3::VARCHAR, $4::VARCHAR, $5::VARCHAR, $6::VARCHAR]) AND pg_catalog.pg_table_is_visible(pg_catalog.pg_class.oid) AND pg_catalog.pg_namespace.nspname != $7::VARCHAR
2026-08-13 16:54:51,306 - sqlalchemy.engine.Engine - INFO - [cached since 8.535s ago] ('datasets', 'r', 'p', 'f', 'v', 'm', 'pg_catalog')
2026-08-13 16:54:51,308 - sqlalchemy.engine.Engine - INFO - SELECT pg_catalog.pg_class.relname 
FROM pg_catalog.pg_class JOIN pg_catalog.pg_namespace ON pg_catalog.pg_namespace.oid = pg_catalog.pg_class.relnamespace 
WHERE pg_catalog.pg_class.relname = $1::VARCHAR AND pg_catalog.pg_class.relkind = ANY (ARRAY[$2::VARCHAR, $3::VARCHAR, $4::VARCHAR, $5::VARCHAR, $6::VARCHAR]) AND pg_catalog.pg_table_is_visible(pg_catalog.pg_class.oid) AND pg_catalog.pg_namespace.nspname != $7::VARCHAR
2026-08-13 16:54:51,309 - sqlalchemy.engine.Engine - INFO - [cached since 8.538s ago] ('documents', 'r', 'p', 'f', 'v', 'm', 'pg_catalog')
2026-08-13 16:54:51,311 - sqlalchemy.engine.Engine - INFO - SELECT pg_catalog.pg_class.relname 
FROM pg_catalog.pg_class JOIN pg_catalog.pg_namespace ON pg_catalog.pg_namespace.oid = pg_catalog.pg_class.relnamespace 
WHERE pg_catalog.pg_class.relname = $1::VARCHAR AND pg_catalog.pg_class.relkind = ANY (ARRAY[$2::VARCHAR, $3::VARCHAR, $4::VARCHAR, $5::VARCHAR, $6::VARCHAR]) AND pg_catalog.pg_table_is_visible(pg_catalog.pg_class.oid) AND pg_catalog.pg_namespace.nspname != $7::VARCHAR
2026-08-13 16:54:51,311 - sqlalchemy.engine.Engine - INFO - [cached since 8.54s ago] ('chunks', 'r', 'p', 'f', 'v', 'm', 'pg_catalog')
2026-08-13 16:54:51,313 - sqlalchemy.engine.Engine - INFO - SELECT pg_catalog.pg_class.relname 
FROM pg_catalog.pg_class JOIN pg_catalog.pg_namespace ON pg_catalog.pg_namespace.oid = pg_catalog.pg_class.relnamespace 
WHERE pg_catalog.pg_class.relname = $1::VARCHAR AND pg_catalog.pg_class.relkind = ANY (ARRAY[$2::VARCHAR, $3::VARCHAR, $4::VARCHAR, $5::VARCHAR, $6::VARCHAR]) AND pg_catalog.pg_table_is_visible(pg_catalog.pg_class.oid) AND pg_catalog.pg_namespace.nspname != $7::VARCHAR
2026-08-13 16:54:51,314 - sqlalchemy.engine.Engine - INFO - [cached since 8.543s ago] ('embeddings', 'r', 'p', 'f', 'v', 'm', 'pg_catalog')
2026-08-13 16:54:51,316 - sqlalchemy.engine.Engine - INFO - SELECT pg_catalog.pg_class.relname 
FROM pg_catalog.pg_class JOIN pg_catalog.pg_namespace ON pg_catalog.pg_namespace.oid = pg_catalog.pg_class.relnamespace 
WHERE pg_catalog.pg_class.relname = $1::VARCHAR AND pg_catalog.pg_class.relkind = ANY (ARRAY[$2::VARCHAR, $3::VARCHAR, $4::VARCHAR, $5::VARCHAR, $6::VARCHAR]) AND pg_catalog.pg_table_is_visible(pg_catalog.pg_class.oid) AND pg_catalog.pg_namespace.nspname != $7::VARCHAR
2026-08-13 16:54:51,316 - sqlalchemy.engine.Engine - INFO - [cached since 8.545s ago] ('conversations', 'r', 'p', 'f', 'v', 'm', 'pg_catalog')
2026-08-13 16:54:51,318 - sqlalchemy.engine.Engine - INFO - SELECT pg_catalog.pg_class.relname 
FROM pg_catalog.pg_class JOIN pg_catalog.pg_namespace ON pg_catalog.pg_namespace.oid = pg_catalog.pg_class.relnamespace 
WHERE pg_catalog.pg_class.relname = $1::VARCHAR AND pg_catalog.pg_class.relkind = ANY (ARRAY[$2::VARCHAR, $3::VARCHAR, $4::VARCHAR, $5::VARCHAR, $6::VARCHAR]) AND pg_catalog.pg_table_is_visible(pg_catalog.pg_class.oid) AND pg_catalog.pg_namespace.nspname != $7::VARCHAR
2026-08-13 16:54:51,319 - sqlalchemy.engine.Engine - INFO - [cached since 8.548s ago] ('messages', 'r', 'p', 'f', 'v', 'm', 'pg_catalog')
2026-08-13 16:54:51,320 - sqlalchemy.engine.Engine - INFO - SELECT pg_catalog.pg_class.relname 
FROM pg_catalog.pg_class JOIN pg_catalog.pg_namespace ON pg_catalog.pg_namespace.oid = pg_catalog.pg_class.relnamespace 
WHERE pg_catalog.pg_class.relname = $1::VARCHAR AND pg_catalog.pg_class.relkind = ANY (ARRAY[$2::VARCHAR, $3::VARCHAR, $4::VARCHAR, $5::VARCHAR, $6::VARCHAR]) AND pg_catalog.pg_table_is_visible(pg_catalog.pg_class.oid) AND pg_catalog.pg_namespace.nspname != $7::VARCHAR
2026-08-13 16:54:51,321 - sqlalchemy.engine.Engine - INFO - [cached since 8.55s ago] ('tasks', 'r', 'p', 'f', 'v', 'm', 'pg_catalog')
2026-08-13 16:54:51,323 - sqlalchemy.engine.Engine - INFO - 
DROP TABLE embeddings
2026-08-13 16:54:51,323 - sqlalchemy.engine.Engine - INFO - [no key 0.00038s] ()
2026-08-13 16:54:51,329 - sqlalchemy.engine.Engine - INFO - 
DROP TABLE chunks
2026-08-13 16:54:51,329 - sqlalchemy.engine.Engine - INFO - [no key 0.00052s] ()
2026-08-13 16:54:51,333 - sqlalchemy.engine.Engine - INFO - 
DROP TABLE messages
2026-08-13 16:54:51,334 - sqlalchemy.engine.Engine - INFO - [no key 0.00041s] ()
2026-08-13 16:54:51,338 - sqlalchemy.engine.Engine - INFO - 
DROP TABLE documents
2026-08-13 16:54:51,338 - sqlalchemy.engine.Engine - INFO - [no key 0.00054s] ()
2026-08-13 16:54:51,342 - sqlalchemy.engine.Engine - INFO - 
DROP TABLE tasks
2026-08-13 16:54:51,342 - sqlalchemy.engine.Engine - INFO - [no key 0.00043s] ()
2026-08-13 16:54:51,346 - sqlalchemy.engine.Engine - INFO - 
DROP TABLE conversations
2026-08-13 16:54:51,347 - sqlalchemy.engine.Engine - INFO - [no key 0.00047s] ()
2026-08-13 16:54:51,351 - sqlalchemy.engine.Engine - INFO - 
DROP TABLE datasets
2026-08-13 16:54:51,352 - sqlalchemy.engine.Engine - INFO - [no key 0.00051s] ()
2026-08-13 16:54:51,356 - sqlalchemy.engine.Engine - INFO - 
DROP TABLE workspaces
2026-08-13 16:54:51,356 - sqlalchemy.engine.Engine - INFO - [no key 0.00046s] ()
2026-08-13 16:54:51,359 - sqlalchemy.engine.Engine - INFO - COMMIT
